name,begin,length,end,refseq,reverse complement,BLAST result,BLAST score,type,type support,VP1 type,VP1 type support,VP1 subgenogroup,VP1 subgenogroup support
KP341906,2445,891,3336,NC_001612,False,Picornaviridae Enterovirus A,98.765434,CV-A16,100.0,CV-A16,100.0,B1b,98.0
KP341907,2445,891,3336,NC_001612,False,Picornaviridae Enterovirus A,96.85747,CV-A16,100.0,CV-A16,100.0,B1b,88.0
KP341908,2445,891,3336,NC_001612,False,Picornaviridae Enterovirus A,96.96629,CV-A16,100.0,CV-A16,100.0,B1b,99.0
KP341909,2445,891,3336,NC_001612,False,Picornaviridae Enterovirus A,99.438835,CV-A16,100.0,CV-A16,100.0,B1b,98.0
KP341911,2445,891,3336,NC_001612,False,Picornaviridae Enterovirus A,98.9899,CV-A16,100.0,CV-A16,100.0,B1b,97.0
KP341912,2445,891,3336,NC_001612,False,Picornaviridae Enterovirus A,96.296295,CV-A16,100.0,CV-A16,100.0,B1b,93.0
KP341913,2445,891,3336,NC_001612,False,Picornaviridae Enterovirus A,98.9899,CV-A16,100.0,CV-A16,100.0,B1b,100.0
KP341914,2445,891,3336,NC_001612,False,Picornaviridae Enterovirus A,98.54097,CV-A16,100.0,CV-A16,100.0,B1b,98.0
KP341915,2445,891,3336,NC_001612,False,Picornaviridae Enterovirus A,98.765434,CV-A16,100.0,CV-A16,100.0,B1b,99.0
KP341916,2445,891,3336,NC_001612,False,Picornaviridae Enterovirus A,98.9899,CV-A16,100.0,CV-A16,100.0,B1b,99.0
KP341917,2445,891,3336,NC_001612,False,Picornaviridae Enterovirus A,97.75281,CV-A16,100.0,CV-A16,100.0,B1b,100.0
KP341918,2445,891,3336,NC_001612,False,Picornaviridae Enterovirus A,97.19417,CV-A16,100.0,CV-A16,100.0,B1b,94.0
KP341919,2445,891,3336,NC_001612,False,Picornaviridae Enterovirus A,98.428734,CV-A16,100.0,CV-A16,100.0,B1b,98.0
KP341920,2445,891,3336,NC_001612,False,Picornaviridae Enterovirus A,97.415726,CV-A16,100.0,CV-A16,100.0,B1b,99.0
KP341921,2445,891,3336,NC_001612,False,Picornaviridae Enterovirus A,98.20427,CV-A16,100.0,CV-A16,100.0,B1b,96.0
KP341922,2445,891,3336,NC_001612,False,Picornaviridae Enterovirus A,97.86757,CV-A16,100.0,CV-A16,100.0,B1b,99.0
KP341923,2445,891,3336,NC_001612,False,Picornaviridae Enterovirus A,99.55106,CV-A16,100.0,CV-A16,100.0,B1b,99.0
KP341924,2445,891,3336,NC_001612,False,Picornaviridae Enterovirus A,98.54097,CV-A16,100.0,CV-A16,100.0,B1b,99.0
KP341925,2445,891,3336,NC_001612,False,Picornaviridae Enterovirus A,99.55106,CV-A16,100.0,CV-A16,100.0,B1b,98.0
KP341926,2445,891,3336,NC_001612,False,Picornaviridae Enterovirus A,98.54097,CV-A16,100.0,CV-A16,100.0,B1b,99.0
KP341927,2445,891,3336,NC_001612,False,Picornaviridae Enterovirus A,97.75281,CV-A16,100.0,CV-A16,100.0,B1b,99.0
KP341928,2445,891,3336,NC_001612,False,Picornaviridae Enterovirus A,97.6431,CV-A16,100.0,CV-A16,100.0,B1b,95.0
KP341929,2445,891,3336,NC_001612,False,Picornaviridae Enterovirus A,98.765434,CV-A16,100.0,CV-A16,100.0,B1b,100.0
KP341930,2445,891,3336,NC_001612,False,Picornaviridae Enterovirus A,97.75281,CV-A16,100.0,CV-A16,100.0,B1b,100.0
KP341931,2445,891,3336,NC_001612,False,Picornaviridae Enterovirus A,98.6532,CV-A16,100.0,CV-A16,100.0,B1b,98.0
KP341932,2445,891,3336,NC_001612,False,Picornaviridae Enterovirus A,99.55106,CV-A16,100.0,CV-A16,100.0,B1b,98.0
KP341933,2445,891,3336,NC_001612,False,Picornaviridae Enterovirus A,97.86757,CV-A16,100.0,CV-A16,100.0,B1b,99.0
KP341934,2445,891,3336,NC_001612,False,Picornaviridae Enterovirus A,97.86757,CV-A16,100.0,CV-A16,100.0,B1b,99.0
KP341935,2445,891,3336,NC_001612,False,Picornaviridae Enterovirus A,98.428734,CV-A16,100.0,CV-A16,100.0,B1b,97.0
KP341936,2445,891,3336,NC_001612,False,Picornaviridae Enterovirus A,99.21436,CV-A16,100.0,CV-A16,100.0,B1b,99.0
KP341937,2445,891,3336,NC_001612,False,Picornaviridae Enterovirus A,97.6431,CV-A16,100.0,CV-A16,100.0,B1b,98.0
KP341938,2445,891,3336,NC_001612,False,Picornaviridae Enterovirus A,97.75281,CV-A16,100.0,CV-A16,100.0,B1b,97.0
KP341939,2445,891,3336,NC_001612,False,Picornaviridae Enterovirus A,98.6532,CV-A16,100.0,CV-A16,100.0,B1b,100.0
KP341940,2445,891,3336,NC_001612,False,Picornaviridae Enterovirus A,97.75533,CV-A16,100.0,CV-A16,100.0,B1b,98.0
KP341941,2445,891,3336,NC_001612,False,Picornaviridae Enterovirus A,97.6431,CV-A16,100.0,CV-A16,100.0,B1b,99.0
KP341942,2445,891,3336,NC_001612,False,Picornaviridae Enterovirus A,99.21436,CV-A16,100.0,CV-A16,100.0,B1b,98.0
KP341943,2445,891,3336,NC_001612,False,Picornaviridae Enterovirus A,98.6532,CV-A16,100.0,CV-A16,100.0,B1b,100.0
KP341944,2445,891,3336,NC_001612,False,Picornaviridae Enterovirus A,98.09203,CV-A16,100.0,CV-A16,100.0,B1b,100.0
KP341945,2445,891,3336,NC_001612,False,Picornaviridae Enterovirus A,99.21436,CV-A16,100.0,CV-A16,100.0,B1b,99.0
KP341946,2445,891,3336,NC_001612,False,Picornaviridae Enterovirus A,98.20427,CV-A16,100.0,CV-A16,100.0,B1b,97.0
KP341947,2445,891,3336,NC_001612,False,Picornaviridae Enterovirus A,98.6532,CV-A16,100.0,CV-A16,100.0,B1b,99.0
KP341948,2445,891,3336,NC_001612,False,Picornaviridae Enterovirus A,99.102135,CV-A16,100.0,CV-A16,100.0,B1b,98.0
KP341949,2445,891,3336,NC_001612,False,Picornaviridae Enterovirus A,97.75533,CV-A16,100.0,CV-A16,100.0,B1b,99.0
KP341950,2445,891,3336,NC_001612,False,Picornaviridae Enterovirus A,98.6532,CV-A16,100.0,CV-A16,100.0,B1b,97.0
KP341951,2445,891,3336,NC_001612,False,Picornaviridae Enterovirus A,98.09203,CV-A16,100.0,CV-A16,100.0,B1b,99.0
KP341952,2445,891,3336,NC_001612,False,Picornaviridae Enterovirus A,98.428734,CV-A16,100.0,CV-A16,100.0,B1b,94.0
KP341953,2445,891,3336,NC_001612,False,Picornaviridae Enterovirus A,98.428734,CV-A16,100.0,CV-A16,100.0,B1b,98.0
KP341954,2445,891,3336,NC_001612,False,Picornaviridae Enterovirus A,97.86757,CV-A16,100.0,CV-A16,100.0,B1b,98.0
KP341955,2445,891,3336,NC_001612,False,Picornaviridae Enterovirus A,98.428734,CV-A16,100.0,CV-A16,100.0,B1b,100.0
KP341956,2445,891,3336,NC_001612,False,Picornaviridae Enterovirus A,99.21436,CV-A16,100.0,CV-A16,100.0,B1b,100.0
KP341957,2445,891,3336,NC_001612,False,Picornaviridae Enterovirus A,97.53087,CV-A16,100.0,CV-A16,100.0,B1b,100.0
KP341958,2445,891,3336,NC_001612,False,Picornaviridae Enterovirus A,99.21436,CV-A16,100.0,CV-A16,100.0,B1b,100.0
KP341959,2445,891,3336,NC_001612,False,Picornaviridae Enterovirus A,97.6431,CV-A16,100.0,CV-A16,100.0,B1b,97.0
KP341960,2445,891,3336,NC_001612,False,Picornaviridae Enterovirus A,97.6431,CV-A16,100.0,CV-A16,100.0,B1b,98.0
KP341961,2445,891,3336,NC_001612,False,Picornaviridae Enterovirus A,97.53087,CV-A16,100.0,CV-A16,100.0,B1b,99.0
KP341962,2445,891,3336,NC_001612,False,Picornaviridae Enterovirus A,97.9798,CV-A16,100.0,CV-A16,100.0,B1b,97.0
KP341963,2445,891,3336,NC_001612,False,Picornaviridae Enterovirus A,99.21436,CV-A16,100.0,CV-A16,100.0,B1b,96.0
KP341964,2445,891,3336,NC_001612,False,Picornaviridae Enterovirus A,97.86757,CV-A16,100.0,CV-A16,100.0,B1b,98.0
KP341965,2445,891,3336,NC_001612,False,Picornaviridae Enterovirus A,99.3266,CV-A16,100.0,CV-A16,100.0,B1b,100.0
KP341966,2445,891,3336,NC_001612,False,Picornaviridae Enterovirus A,97.6431,CV-A16,100.0,CV-A16,100.0,B1b,97.0
KP341967,2445,891,3336,NC_001612,False,Picornaviridae Enterovirus A,98.87767,CV-A16,100.0,CV-A16,100.0,B1b,98.0
KP341968,2445,891,3336,NC_001612,False,Picornaviridae Enterovirus A,96.85393,CV-A16,100.0,CV-A16,100.0,B1b,99.0
KP341969,2445,891,3336,NC_001612,False,Picornaviridae Enterovirus A,98.9899,CV-A16,100.0,CV-A16,100.0,B1b,97.0
KP341970,2445,891,3336,NC_001612,False,Picornaviridae Enterovirus A,98.87767,CV-A16,100.0,CV-A16,100.0,B1b,99.0
KP341971,2445,891,3336,NC_001612,False,Picornaviridae Enterovirus A,98.3165,CV-A16,100.0,CV-A16,100.0,B1b,98.0
KP341972,2445,891,3336,NC_001612,False,Picornaviridae Enterovirus A,98.87767,CV-A16,100.0,CV-A16,100.0,B1b,98.0
KP341973,2445,891,3336,NC_001612,False,Picornaviridae Enterovirus A,97.9798,CV-A16,100.0,CV-A16,100.0,B1b,99.0
KP341974,2445,891,3336,NC_001612,False,Picornaviridae Enterovirus A,99.438835,CV-A16,100.0,CV-A16,100.0,B1b,99.0
KP341975,2445,891,3336,NC_001612,False,Picornaviridae Enterovirus A,98.428734,CV-A16,100.0,CV-A16,100.0,B1b,100.0
KP341976,2445,891,3336,NC_001612,False,Picornaviridae Enterovirus A,99.438835,CV-A16,100.0,CV-A16,100.0,B1b,98.0
KP341977,2445,891,3336,NC_001612,False,Picornaviridae Enterovirus A,98.54097,CV-A16,100.0,CV-A16,100.0,B1b,96.0
KP341978,2445,891,3336,NC_001612,False,Picornaviridae Enterovirus A,99.438835,CV-A16,100.0,CV-A16,100.0,B1b,97.0
KP341979,2445,891,3336,NC_001612,False,Picornaviridae Enterovirus A,98.428734,CV-A16,100.0,CV-A16,100.0,B1b,98.0
KP341980,2445,891,3336,NC_001612,False,Picornaviridae Enterovirus A,97.86757,CV-A16,100.0,CV-A16,100.0,B1b,99.0
KP341981,2445,891,3336,NC_001612,False,Picornaviridae Enterovirus A,98.54097,CV-A16,100.0,CV-A16,100.0,B1b,99.0
KP341982,2445,891,3336,NC_001612,False,Picornaviridae Enterovirus A,98.3165,CV-A16,100.0,CV-A16,100.0,B1b,97.0
KP341983,2445,891,3336,NC_001612,False,Picornaviridae Enterovirus A,98.54097,CV-A16,100.0,CV-A16,100.0,B1b,99.0
KP341984,2445,891,3336,NC_001612,False,Picornaviridae Enterovirus A,98.20427,CV-A16,100.0,CV-A16,100.0,B1b,99.0
KP341985,2445,891,3336,NC_001612,False,Picornaviridae Enterovirus A,98.3165,CV-A16,100.0,CV-A16,100.0,B1b,97.0
KP341986,2445,891,3336,NC_001612,False,Picornaviridae Enterovirus A,98.6532,CV-A16,100.0,CV-A16,100.0,B1b,94.0
KP341987,2445,891,3336,NC_001612,False,Picornaviridae Enterovirus A,98.54097,CV-A16,100.0,CV-A16,100.0,B1b,96.0
KP341988,2445,891,3336,NC_001612,False,Picornaviridae Enterovirus A,98.54097,CV-A16,100.0,CV-A16,100.0,B1b,100.0
KP341989,2445,891,3336,NC_001612,False,Picornaviridae Enterovirus A,98.54097,CV-A16,100.0,CV-A16,100.0,B1b,97.0
KP341990,2445,891,3336,NC_001612,False,Picornaviridae Enterovirus A,98.428734,CV-A16,100.0,CV-A16,100.0,B1b,98.0
KP341991,2445,891,3336,NC_001612,False,Picornaviridae Enterovirus A,98.54097,CV-A16,100.0,CV-A16,100.0,B1b,96.0
KP341992,2445,891,3336,NC_001612,False,Picornaviridae Enterovirus A,96.96629,CV-A16,100.0,CV-A16,100.0,B1b,95.0
KP341993,2445,891,3336,NC_001612,False,Picornaviridae Enterovirus A,98.765434,CV-A16,100.0,CV-A16,100.0,B1b,100.0
KP341994,2445,891,3336,NC_001612,False,Picornaviridae Enterovirus A,98.6532,CV-A16,100.0,CV-A16,100.0,B1b,99.0
KP341995,2445,891,3336,NC_001612,False,Picornaviridae Enterovirus A,99.438835,CV-A16,100.0,CV-A16,100.0,B1b,99.0
KP341996,2445,891,3336,NC_001612,False,Picornaviridae Enterovirus A,98.428734,CV-A16,100.0,CV-A16,100.0,B1b,100.0
KP341997,2445,891,3336,NC_001612,False,Picornaviridae Enterovirus A,98.428734,CV-A16,100.0,CV-A16,100.0,B1b,100.0
KP686400,2658,538,3196,NC_001612,False,Picornaviridae Enterovirus A,97.908745,CV-A16,100.0,CV-A16,100.0,B1b,91.0
KP686401,2658,538,3196,NC_001612,False,Picornaviridae Enterovirus A,97.908745,CV-A16,100.0,CV-A16,100.0,B1b,92.0
KP686402,2646,541,3193,NC_001612,False,Picornaviridae Enterovirus A,97.98903,CV-A16,100.0,CV-A16,100.0,B1b,95.0
KP686403,2652,535,3193,NC_001612,False,Picornaviridae Enterovirus A,97.96673,CV-A16,100.0,CV-A16,100.0,B1b,91.0
KP686404,2646,546,3192,NC_001612,False,Picornaviridae Enterovirus A,97.798164,CV-A16,100.0,CV-A16,100.0,B1b,93.0
KP686405,2646,546,3192,NC_001612,False,Picornaviridae Enterovirus A,97.798164,CV-A16,100.0,CV-A16,100.0,B1b,93.0
KP751450,2445,891,3336,NC_001612,False,Picornaviridae Enterovirus A,97.41863,CV-A16,100.0,CV-A16,100.0,B1b,100.0
KP751451,2445,891,3336,NC_001612,False,Picornaviridae Enterovirus A,98.765434,CV-A16,100.0,CV-A16,100.0,B1b,99.0
KP751452,2445,891,3336,NC_001612,False,Picornaviridae Enterovirus A,99.3266,CV-A16,100.0,CV-A16,100.0,B1b,96.0
KP751453,2445,891,3336,NC_001612,False,Picornaviridae Enterovirus A,96.969696,CV-A16,100.0,CV-A16,100.0,B1a,87.0
KP751454,2445,891,3336,NC_001612,False,Picornaviridae Enterovirus A,98.765434,CV-A16,100.0,CV-A16,100.0,B1b,99.0
KP751455,2445,891,3336,NC_001612,False,Picornaviridae Enterovirus A,99.55106,CV-A16,100.0,CV-A16,100.0,B1b,96.0
KP751456,2445,891,3336,NC_001612,False,Picornaviridae Enterovirus A,99.438835,CV-A16,100.0,CV-A16,100.0,B1b,98.0
KP751457,2445,891,3336,NC_001612,False,Picornaviridae Enterovirus A,97.75533,CV-A16,100.0,CV-A16,100.0,B1b,100.0
KP751458,2445,891,3336,NC_001612,False,Picornaviridae Enterovirus A,97.75533,CV-A16,100.0,CV-A16,100.0,B1b,98.0
KP751459,2445,891,3336,NC_001612,False,Picornaviridae Enterovirus A,97.53087,CV-A16,100.0,CV-A16,100.0,B1b,100.0
KP751460,2445,891,3336,NC_001612,False,Picornaviridae Enterovirus A,98.764046,CV-A16,100.0,CV-A16,100.0,B1b,99.0
KP751461,2445,891,3336,NC_001612,False,Picornaviridae Enterovirus A,97.6431,CV-A16,100.0,CV-A16,100.0,B1b,99.0
KP751462,2445,891,3336,NC_001612,False,Picornaviridae Enterovirus A,98.3165,CV-A16,100.0,CV-A16,100.0,B1b,96.0
KP751463,2445,891,3336,NC_001612,False,Picornaviridae Enterovirus A,97.75533,CV-A16,100.0,CV-A16,100.0,B1b,97.0
KP751465,2445,891,3336,NC_001612,False,Picornaviridae Enterovirus A,97.53087,CV-A16,100.0,CV-A16,100.0,B1a,83.0
KP751466,2445,891,3336,NC_001612,False,Picornaviridae Enterovirus A,97.53087,CV-A16,100.0,CV-A16,100.0,B1a,83.0
KP751467,2445,891,3336,NC_001612,False,Picornaviridae Enterovirus A,99.21436,CV-A16,100.0,CV-A16,100.0,B1b,99.0
KP751468,2445,891,3336,NC_001612,False,Picornaviridae Enterovirus A,98.428734,CV-A16,100.0,CV-A16,100.0,B1b,97.0
KP751469,2445,891,3336,NC_001612,False,Picornaviridae Enterovirus A,98.65168,CV-A16,100.0,CV-A16,100.0,B1b,98.0
KP751470,2445,891,3336,NC_001612,False,Picornaviridae Enterovirus A,98.9899,CV-A16,100.0,CV-A16,100.0,B1b,97.0
KP751471,2445,891,3336,NC_001612,False,Picornaviridae Enterovirus A,98.20427,CV-A16,100.0,CV-A16,100.0,B1b,96.0
KP751472,2445,891,3336,NC_001612,False,Picornaviridae Enterovirus A,98.9899,CV-A16,100.0,CV-A16,100.0,B1b,99.0
KP751473,2445,891,3336,NC_001612,False,Picornaviridae Enterovirus A,99.55106,CV-A16,100.0,CV-A16,100.0,B1b,98.0
KP751474,2445,891,3336,NC_001612,False,Picornaviridae Enterovirus A,98.765434,CV-A16,100.0,CV-A16,100.0,B1b,98.0
KP751475,2445,891,3336,NC_001612,False,Picornaviridae Enterovirus A,98.765434,CV-A16,100.0,CV-A16,100.0,B1b,97.0
KP751476,2445,891,3336,NC_001612,False,Picornaviridae Enterovirus A,98.765434,CV-A16,100.0,CV-A16,100.0,B1b,98.0
KP751477,2445,891,3336,NC_001612,False,Picornaviridae Enterovirus A,98.6532,CV-A16,100.0,CV-A16,100.0,B1b,99.0
KP751478,2445,891,3336,NC_001612,False,Picornaviridae Enterovirus A,97.9798,CV-A16,100.0,CV-A16,100.0,B1b,98.0
KP751479,2445,891,3336,NC_001612,False,Picornaviridae Enterovirus A,98.765434,CV-A16,100.0,CV-A16,100.0,B1b,98.0
KP751480,2445,891,3336,NC_001612,False,Picornaviridae Enterovirus A,97.9798,CV-A16,100.0,CV-A16,100.0,B1b,97.0
KP751481,2445,891,3336,NC_001612,False,Picornaviridae Enterovirus A,98.765434,CV-A16,100.0,CV-A16,100.0,B1b,98.0
KP751482,2445,891,3336,NC_001612,False,Picornaviridae Enterovirus A,99.21436,CV-A16,100.0,CV-A16,100.0,B1b,100.0
KP751483,2445,891,3336,NC_001612,False,Picornaviridae Enterovirus A,98.9899,CV-A16,100.0,CV-A16,100.0,B1b,98.0
KP751484,2445,891,3336,NC_001612,False,Picornaviridae Enterovirus A,99.3266,CV-A16,100.0,CV-A16,100.0,B1b,100.0
KP751485,2445,891,3336,NC_001612,False,Picornaviridae Enterovirus A,97.9798,CV-A16,100.0,CV-A16,100.0,B1b,97.0
KP751486,2445,891,3336,NC_001612,False,Picornaviridae Enterovirus A,99.55106,CV-A16,100.0,CV-A16,100.0,B1b,98.0
KP751487,2445,891,3336,NC_001612,False,Picornaviridae Enterovirus A,99.21436,CV-A16,100.0,CV-A16,100.0,B1b,98.0
KP751488,2445,891,3336,NC_001612,False,Picornaviridae Enterovirus A,99.21348,CV-A16,100.0,CV-A16,100.0,B1b,98.0
KP751489,2445,891,3336,NC_001612,False,Picornaviridae Enterovirus A,99.102135,CV-A16,100.0,CV-A16,100.0,B1b,100.0
KP751490,2445,891,3336,NC_001612,False,Picornaviridae Enterovirus A,99.3266,CV-A16,100.0,CV-A16,100.0,B1b,98.0
KP751491,2445,891,3336,NC_001612,False,Picornaviridae Enterovirus A,98.765434,CV-A16,100.0,CV-A16,100.0,B1b,97.0
KP751492,2445,891,3336,NC_001612,False,Picornaviridae Enterovirus A,98.765434,CV-A16,100.0,CV-A16,100.0,B1b,97.0
KP751493,2445,891,3336,NC_001612,False,Picornaviridae Enterovirus A,97.6431,CV-A16,100.0,CV-A16,100.0,B1b,99.0
KP751494,2445,891,3336,NC_001612,False,Picornaviridae Enterovirus A,98.765434,CV-A16,100.0,CV-A16,100.0,B1b,98.0
KP751495,2445,891,3336,NC_001612,False,Picornaviridae Enterovirus A,98.765434,CV-A16,100.0,CV-A16,100.0,B1b,100.0
KP751496,2445,891,3336,NC_001612,False,Picornaviridae Enterovirus A,99.438835,CV-A16,100.0,CV-A16,100.0,B1b,99.0
KP751497,2445,891,3336,NC_001612,False,Picornaviridae Enterovirus A,97.9798,CV-A16,100.0,CV-A16,100.0,B1a,89.0
KP751498,2445,891,3336,NC_001612,False,Picornaviridae Enterovirus A,98.9899,CV-A16,100.0,CV-A16,100.0,B1b,100.0
KP751499,2445,891,3336,NC_001612,False,Picornaviridae Enterovirus A,97.19417,CV-A16,100.0,CV-A16,100.0,B1b,99.0
KP751500,2445,891,3336,NC_001612,False,Picornaviridae Enterovirus A,98.9899,CV-A16,100.0,CV-A16,100.0,B1b,99.0
KP751501,2445,891,3336,NC_001612,False,Picornaviridae Enterovirus A,96.95603,CV-A16,100.0,CV-A16,100.0,B1b,99.0
KP751502,2445,891,3336,NC_001612,False,Picornaviridae Enterovirus A,97.6431,CV-A16,100.0,CV-A16,100.0,B1b,98.0
KP751503,2445,891,3336,NC_001612,False,Picornaviridae Enterovirus A,96.95603,CV-A16,100.0,CV-A16,100.0,B1b,97.0
KP751504,2445,891,3336,NC_001612,False,Picornaviridae Enterovirus A,97.41863,CV-A16,100.0,CV-A16,100.0,B1b,98.0
KP751506,2445,891,3336,NC_001612,False,Picornaviridae Enterovirus A,98.9899,CV-A16,100.0,CV-A16,100.0,B1b,99.0
KP751507,2445,891,3336,NC_001612,False,Picornaviridae Enterovirus A,96.632996,CV-A16,100.0,CV-A16,100.0,B1b,95.0
KP751508,2445,891,3336,NC_001612,False,Picornaviridae Enterovirus A,97.9798,CV-A16,100.0,CV-A16,100.0,B1b,96.0
KP751509,2445,891,3336,NC_001612,False,Picornaviridae Enterovirus A,97.19417,CV-A16,100.0,CV-A16,100.0,B1a,87.0
KP751511,2445,891,3336,NC_001612,False,Picornaviridae Enterovirus A,98.9899,CV-A16,100.0,CV-A16,100.0,B1b,99.0
KP751512,2445,891,3336,NC_001612,False,Picornaviridae Enterovirus A,98.6532,CV-A16,100.0,CV-A16,100.0,B1b,100.0
KP751513,2445,891,3336,NC_001612,False,Picornaviridae Enterovirus A,98.428734,CV-A16,100.0,CV-A16,100.0,B1b,98.0
KP751514,2445,891,3336,NC_001612,False,Picornaviridae Enterovirus A,99.55106,CV-A16,100.0,CV-A16,100.0,B1b,97.0
KP751515,2445,891,3336,NC_001612,False,Picornaviridae Enterovirus A,99.55106,CV-A16,100.0,CV-A16,100.0,B1b,99.0
KP751516,2445,891,3336,NC_001612,False,Picornaviridae Enterovirus A,99.21436,CV-A16,100.0,CV-A16,100.0,B1b,100.0
KP751517,2445,891,3336,NC_001612,False,Picornaviridae Enterovirus A,99.55106,CV-A16,100.0,CV-A16,100.0,B1b,99.0
KP751518,2445,891,3336,NC_001612,False,Picornaviridae Enterovirus A,98.3165,CV-A16,100.0,CV-A16,100.0,B1a,81.0
KP751519,2445,891,3336,NC_001612,False,Picornaviridae Enterovirus A,97.75533,CV-A16,100.0,CV-A16,100.0,B1b,100.0
KP751520,2445,891,3336,NC_001612,False,Picornaviridae Enterovirus A,97.06877,CV-A16,100.0,CV-A16,100.0,B1b,98.0
KP751521,2445,891,3336,NC_001612,False,Picornaviridae Enterovirus A,98.20427,CV-A16,100.0,CV-A16,100.0,B1a,81.0
KP751522,2445,891,3336,NC_001612,False,Picornaviridae Enterovirus A,97.9798,CV-A16,100.0,CV-A16,100.0,B1a,88.0
KP751523,2445,891,3336,NC_001612,False,Picornaviridae Enterovirus A,97.75533,CV-A16,100.0,CV-A16,100.0,B1b,100.0
KP751524,2445,891,3336,NC_001612,False,Picornaviridae Enterovirus A,99.3266,CV-A16,100.0,CV-A16,100.0,B1b,99.0
KP751525,2445,891,3336,NC_001612,False,Picornaviridae Enterovirus A,99.438835,CV-A16,100.0,CV-A16,100.0,B1b,97.0
KP751526,2445,891,3336,NC_001612,False,Picornaviridae Enterovirus A,97.19417,CV-A16,100.0,CV-A16,100.0,B1b,99.0
KP751527,2445,891,3336,NC_001612,False,Picornaviridae Enterovirus A,99.55106,CV-A16,100.0,CV-A16,100.0,B1b,97.0
KP751528,2445,891,3336,NC_001612,False,Picornaviridae Enterovirus A,99.55106,CV-A16,100.0,CV-A16,100.0,B1b,99.0
KP751529,2445,891,3336,NC_001612,False,Picornaviridae Enterovirus A,99.55106,CV-A16,100.0,CV-A16,100.0,B1b,98.0
KP751530,2445,891,3336,NC_001612,False,Picornaviridae Enterovirus A,97.9798,CV-A16,100.0,CV-A16,100.0,B1a,82.0
KP751531,2445,891,3336,NC_001612,False,Picornaviridae Enterovirus A,97.41863,CV-A16,100.0,CV-A16,100.0,B1b,100.0
KP751532,2445,891,3336,NC_001612,False,Picornaviridae Enterovirus A,98.87767,CV-A16,100.0,CV-A16,100.0,B1b,98.0
KP751533,2445,891,3336,NC_001612,False,Picornaviridae Enterovirus A,97.53087,CV-A16,100.0,CV-A16,100.0,B1a,82.0
KP751534,2445,891,3336,NC_001612,False,Picornaviridae Enterovirus A,98.9899,CV-A16,100.0,CV-A16,100.0,B1b,98.0
KP751535,2445,891,3336,NC_001612,False,Picornaviridae Enterovirus A,99.3266,CV-A16,100.0,CV-A16,100.0,B1b,98.0
KP751536,2445,891,3336,NC_001612,False,Picornaviridae Enterovirus A,99.102135,CV-A16,100.0,CV-A16,100.0,B1b,99.0
KP751537,2445,891,3336,NC_001612,False,Picornaviridae Enterovirus A,98.9899,CV-A16,100.0,CV-A16,100.0,B1b,96.0
KP751538,2445,891,3336,NC_001612,False,Picornaviridae Enterovirus A,97.6431,CV-A16,100.0,CV-A16,100.0,B1b,97.0
KP751539,2445,891,3336,NC_001612,False,Picornaviridae Enterovirus A,97.6431,CV-A16,100.0,CV-A16,100.0,B1b,97.0
KP751540,2445,891,3336,NC_001612,False,Picornaviridae Enterovirus A,96.969696,CV-A16,100.0,CV-A16,100.0,B1b,97.0
KP751541,2445,891,3336,NC_001612,False,Picornaviridae Enterovirus A,97.6431,CV-A16,100.0,CV-A16,100.0,B1b,97.0
KP751542,2445,891,3336,NC_001612,False,Picornaviridae Enterovirus A,97.6431,CV-A16,100.0,CV-A16,100.0,B1b,97.0
KP751543,2445,891,3336,NC_001612,False,Picornaviridae Enterovirus A,97.08193,CV-A16,100.0,CV-A16,100.0,B1b,97.0
KP751545,2445,891,3336,NC_001612,False,Picornaviridae Enterovirus A,97.53087,CV-A16,100.0,CV-A16,100.0,B1b,94.0
KP751546,2445,891,3336,NC_001612,False,Picornaviridae Enterovirus A,98.87767,CV-A16,100.0,CV-A16,100.0,B1b,97.0
KP751547,2445,891,3336,NC_001612,False,Picornaviridae Enterovirus A,99.10113,CV-A16,100.0,CV-A16,100.0,B1b,96.0
KP751548,2445,891,3336,NC_001612,False,Picornaviridae Enterovirus A,98.765434,CV-A16,100.0,CV-A16,100.0,B1b,99.0
KP751550,2445,891,3336,NC_001612,False,Picornaviridae Enterovirus A,98.20427,CV-A16,100.0,CV-A16,100.0,B1b,97.0
KP751551,2445,891,3336,NC_001612,False,Picornaviridae Enterovirus A,98.428734,CV-A16,100.0,CV-A16,100.0,B1a,84.0
KP751552,2445,891,3336,NC_001612,False,Picornaviridae Enterovirus A,99.55106,CV-A16,100.0,CV-A16,100.0,B1b,100.0
KP751553,2445,891,3336,NC_001612,False,Picornaviridae Enterovirus A,99.438835,CV-A16,100.0,CV-A16,100.0,B1b,99.0
KP751554,2445,891,3336,NC_001612,False,Picornaviridae Enterovirus A,98.765434,CV-A16,100.0,CV-A16,100.0,B1a,86.0
KP751555,2445,891,3336,NC_001612,False,Picornaviridae Enterovirus A,98.6532,CV-A16,100.0,CV-A16,100.0,B1b,100.0
KP751556,2445,891,3336,NC_001612,False,Picornaviridae Enterovirus A,97.08193,CV-A16,100.0,CV-A16,100.0,B1b,91.0
KP751557,2445,891,3336,NC_001612,False,Picornaviridae Enterovirus A,97.53087,CV-A16,100.0,CV-A16,100.0,B1b,98.0
KP751558,2445,891,3336,NC_001612,False,Picornaviridae Enterovirus A,98.9899,CV-A16,100.0,CV-A16,100.0,B1b,96.0
KP751559,2445,891,3336,NC_001612,False,Picornaviridae Enterovirus A,98.6532,CV-A16,100.0,CV-A16,100.0,B1b,98.0
KP751560,2445,891,3336,NC_001612,False,Picornaviridae Enterovirus A,97.6431,CV-A16,100.0,CV-A16,100.0,B1a,85.0
KP751561,2445,891,3336,NC_001612,False,Picornaviridae Enterovirus A,98.54097,CV-A16,100.0,CV-A16,100.0,B1b,98.0
KP751562,2445,891,3336,NC_001612,False,Picornaviridae Enterovirus A,98.54097,CV-A16,100.0,CV-A16,100.0,B1b,100.0
KP751563,2445,891,3336,NC_001612,False,Picornaviridae Enterovirus A,98.09203,CV-A16,100.0,CV-A16,100.0,B1b,100.0
KP751564,2445,891,3336,NC_001612,False,Picornaviridae Enterovirus A,98.765434,CV-A16,100.0,CV-A16,100.0,B1b,98.0
KP751565,2445,891,3336,NC_001612,False,Picornaviridae Enterovirus A,98.428734,CV-A16,100.0,CV-A16,100.0,B1b,100.0
KP751566,2445,891,3336,NC_001612,False,Picornaviridae Enterovirus A,97.86757,CV-A16,100.0,CV-A16,100.0,B1a,88.0
KP751567,2445,891,3336,NC_001612,False,Picornaviridae Enterovirus A,98.54097,CV-A16,100.0,CV-A16,100.0,B1b,99.0
KP751568,2445,891,3336,NC_001612,False,Picornaviridae Enterovirus A,97.41863,CV-A16,100.0,CV-A16,100.0,B1b,99.0
KP751569,2445,891,3336,NC_001612,False,Picornaviridae Enterovirus A,97.19417,CV-A16,100.0,CV-A16,100.0,B1b,94.0
KP751570,2445,891,3336,NC_001612,False,Picornaviridae Enterovirus A,99.102135,CV-A16,100.0,CV-A16,100.0,B1b,99.0
KP751571,2445,891,3336,NC_001612,False,Picornaviridae Enterovirus A,98.9899,CV-A16,100.0,CV-A16,100.0,B1b,99.0
KP751572,2445,891,3336,NC_001612,False,Picornaviridae Enterovirus A,98.9899,CV-A16,100.0,CV-A16,100.0,B1b,99.0
KP751573,2445,891,3336,NC_001612,False,Picornaviridae Enterovirus A,99.21436,CV-A16,100.0,CV-A16,100.0,B1b,99.0
KP751574,2445,891,3336,NC_001612,False,Picornaviridae Enterovirus A,97.6431,CV-A16,100.0,CV-A16,100.0,B1b,98.0
KP751575,2445,891,3336,NC_001612,False,Picornaviridae Enterovirus A,99.3266,CV-A16,100.0,CV-A16,100.0,B1b,96.0
KP751576,2445,891,3336,NC_001612,False,Picornaviridae Enterovirus A,97.07865,CV-A16,100.0,CV-A16,100.0,B1b,99.0
KP751577,2445,891,3336,NC_001612,False,Picornaviridae Enterovirus A,99.55106,CV-A16,100.0,CV-A16,100.0,B1b,99.0
KP751578,2445,891,3336,NC_001612,False,Picornaviridae Enterovirus A,97.6431,CV-A16,100.0,CV-A16,100.0,B1b,99.0
KP751579,2445,891,3336,NC_001612,False,Picornaviridae Enterovirus A,98.20225,CV-A16,100.0,CV-A16,100.0,B1b,99.0
KP751580,2445,891,3336,NC_001612,False,Picornaviridae Enterovirus A,99.55106,CV-A16,100.0,CV-A16,100.0,B1b,99.0
KP751582,2445,891,3336,NC_001612,False,Picornaviridae Enterovirus A,97.6431,CV-A16,100.0,CV-A16,100.0,B1b,99.0
KP751583,2445,891,3336,NC_001612,False,Picornaviridae Enterovirus A,97.86517,CV-A16,100.0,CV-A16,100.0,B1b,97.0
KP751584,2445,891,3336,NC_001612,False,Picornaviridae Enterovirus A,97.75533,CV-A16,100.0,CV-A16,100.0,B1b,100.0
KP751585,2445,891,3336,NC_001612,False,Picornaviridae Enterovirus A,97.86517,CV-A16,100.0,CV-A16,100.0,B1b,100.0
KP751586,2445,891,3336,NC_001612,False,Picornaviridae Enterovirus A,97.97753,CV-A16,100.0,CV-A16,100.0,B1b,99.0
KP751587,2445,891,3336,NC_001612,False,Picornaviridae Enterovirus A,97.64045,CV-A16,100.0,CV-A16,100.0,B1b,100.0
KP751588,2445,891,3336,NC_001612,False,Picornaviridae Enterovirus A,98.54097,CV-A16,100.0,CV-A16,100.0,B1b,100.0
KP751589,2445,891,3336,NC_001612,False,Picornaviridae Enterovirus A,97.75533,CV-A16,100.0,CV-A16,100.0,B1a,84.0
KP751590,2445,891,3336,NC_001612,False,Picornaviridae Enterovirus A,97.53087,CV-A16,100.0,CV-A16,100.0,B1a,82.0
KP751591,2445,891,3336,NC_001612,False,Picornaviridae Enterovirus A,96.296295,CV-A16,100.0,CV-A16,100.0,B1a,85.0
KP751592,2445,891,3336,NC_001612,False,Picornaviridae Enterovirus A,95.51066,CV-A16,100.0,CV-A16,100.0,B1a,84.0
KP751593,2445,891,3336,NC_001612,False,Picornaviridae Enterovirus A,97.6431,CV-A16,100.0,CV-A16,100.0,B1b,98.0
KP751594,2445,891,3336,NC_001612,False,Picornaviridae Enterovirus A,98.765434,CV-A16,100.0,CV-A16,100.0,B1b,97.0
KP751595,2445,891,3336,NC_001612,False,Picornaviridae Enterovirus A,97.303375,CV-A16,100.0,CV-A16,100.0,B1b,99.0
KP751596,2445,891,3336,NC_001612,False,Picornaviridae Enterovirus A,96.61781,CV-A16,100.0,CV-A16,100.0,B1b,99.0
KP751597,2445,891,3336,NC_001612,False,Picornaviridae Enterovirus A,97.85795,CV-A16,100.0,CV-A16,100.0,B1b,94.0
KP751598,2445,891,3336,NC_001612,False,Picornaviridae Enterovirus A,96.969696,CV-A16,100.0,CV-A16,100.0,B1b,95.0
KP751599,2445,891,3336,NC_001612,False,Picornaviridae Enterovirus A,99.102135,CV-A16,100.0,CV-A16,100.0,B1b,100.0
KP751600,2445,891,3336,NC_001612,False,Picornaviridae Enterovirus A,98.765434,CV-A16,100.0,CV-A16,100.0,B1b,95.0
KP751601,2445,891,3336,NC_001612,False,Picornaviridae Enterovirus A,97.06877,CV-A16,100.0,CV-A16,100.0,B1b,98.0
KP751602,2445,891,3336,NC_001612,False,Picornaviridae Enterovirus A,97.6431,CV-A16,100.0,CV-A16,100.0,B1b,100.0
KP751603,2445,891,3336,NC_001612,False,Picornaviridae Enterovirus A,97.06877,CV-A16,100.0,CV-A16,100.0,B1b,98.0
KP751604,2445,891,3336,NC_001612,False,Picornaviridae Enterovirus A,97.06877,CV-A16,100.0,CV-A16,100.0,B1b,99.0
KP751605,2445,891,3336,NC_001612,False,Picornaviridae Enterovirus A,97.41863,CV-A16,100.0,CV-A16,100.0,B1b,99.0
KP751606,2445,891,3336,NC_001612,False,Picornaviridae Enterovirus A,97.41863,CV-A16,100.0,CV-A16,100.0,B1b,94.0
KP751607,2445,891,3336,NC_001612,False,Picornaviridae Enterovirus A,99.21436,CV-A16,100.0,CV-A16,100.0,B1b,100.0
KP751608,2445,891,3336,NC_001612,False,Picornaviridae Enterovirus A,97.41863,CV-A16,100.0,CV-A16,100.0,B1a,84.0
KP751609,2445,891,3336,NC_001612,False,Picornaviridae Enterovirus A,97.6431,CV-A16,100.0,CV-A16,100.0,B1b,99.0
KP751610,2445,891,3336,NC_001612,False,Picornaviridae Enterovirus A,96.73055,CV-A16,100.0,CV-A16,100.0,B1b,99.0
KP751611,2445,891,3336,NC_001612,False,Picornaviridae Enterovirus A,97.08193,CV-A16,100.0,CV-A16,100.0,B1b,96.0
KP751612,2445,891,3336,NC_001612,False,Picornaviridae Enterovirus A,97.6431,CV-A16,100.0,CV-A16,100.0,B1b,100.0
KP751613,2445,891,3336,NC_001612,False,Picornaviridae Enterovirus A,99.102135,CV-A16,100.0,CV-A16,100.0,B1b,98.0
KP751615,2445,891,3336,NC_001612,False,Picornaviridae Enterovirus A,97.3064,CV-A16,100.0,CV-A16,100.0,B1b,93.0
KP751616,2445,891,3336,NC_001612,False,Picornaviridae Enterovirus A,97.86757,CV-A16,100.0,CV-A16,100.0,B1b,99.0
KP751617,2445,891,3336,NC_001612,False,Picornaviridae Enterovirus A,98.3165,CV-A16,100.0,CV-A16,100.0,B1a,84.0
KP751618,2445,891,3336,NC_001612,False,Picornaviridae Enterovirus A,98.3165,CV-A16,100.0,CV-A16,100.0,B1a,86.0
KP751619,2445,891,3336,NC_001612,False,Picornaviridae Enterovirus A,97.75533,CV-A16,100.0,CV-A16,100.0,B1b,97.0
KP751620,2445,891,3336,NC_001612,False,Picornaviridae Enterovirus A,98.54097,CV-A16,100.0,CV-A16,100.0,B1b,99.0
KP751621,2445,891,3336,NC_001612,False,Picornaviridae Enterovirus A,98.765434,CV-A16,100.0,CV-A16,100.0,B1b,99.0
KP751622,2445,891,3336,NC_001612,False,Picornaviridae Enterovirus A,98.09203,CV-A16,100.0,CV-A16,100.0,B1a,82.0
KP751623,2445,891,3336,NC_001612,False,Picornaviridae Enterovirus A,97.40699,CV-A16,100.0,CV-A16,100.0,B1b,99.0
KP751624,2445,891,3336,NC_001612,False,Picornaviridae Enterovirus A,99.21436,CV-A16,100.0,CV-A16,100.0,B1b,98.0
KR138313,2445,891,3336,NC_001612,False,Picornaviridae Enterovirus A,99.6633,CV-A16,100.0,CV-A16,100.0,B1b,98.0
KR138314,2445,891,3336,NC_001612,False,Picornaviridae Enterovirus A,99.438835,CV-A16,100.0,CV-A16,100.0,B1b,98.0
KR138315,2445,891,3336,NC_001612,False,Picornaviridae Enterovirus A,99.102135,CV-A16,100.0,CV-A16,100.0,B1b,100.0
KR138316,2445,891,3336,NC_001612,False,Picornaviridae Enterovirus A,99.55106,CV-A16,100.0,CV-A16,100.0,B1b,99.0
KR138317,2445,891,3336,NC_001612,False,Picornaviridae Enterovirus A,98.428734,CV-A16,100.0,CV-A16,100.0,B1b,100.0
KR138318,2445,891,3336,NC_001612,False,Picornaviridae Enterovirus A,97.86757,CV-A16,100.0,CV-A16,100.0,B1a,80.0
KR138319,2445,891,3336,NC_001612,False,Picornaviridae Enterovirus A,99.102135,CV-A16,100.0,CV-A16,100.0,B1b,97.0
KR138320,2445,891,3336,NC_001612,False,Picornaviridae Enterovirus A,95.84736,CV-A16,100.0,CV-A16,100.0,B1b,82.0
KR138321,2445,891,3336,NC_001612,False,Picornaviridae Enterovirus A,97.86757,CV-A16,100.0,CV-A16,100.0,B1b,99.0
KR138322,2445,891,3336,NC_001612,False,Picornaviridae Enterovirus A,98.9899,CV-A16,100.0,CV-A16,100.0,B1b,98.0
KR138323,2445,891,3336,NC_001612,False,Picornaviridae Enterovirus A,96.40853,CV-A16,100.0,CV-A16,100.0,B1b,95.0
KR138324,2445,891,3336,NC_001612,False,Picornaviridae Enterovirus A,98.6532,CV-A16,100.0,CV-A16,100.0,B1b,97.0
KR138325,2445,891,3336,NC_001612,False,Picornaviridae Enterovirus A,98.87767,CV-A16,100.0,CV-A16,100.0,B1b,97.0
KR138326,2445,891,3336,NC_001612,False,Picornaviridae Enterovirus A,99.21436,CV-A16,100.0,CV-A16,100.0,B1b,95.0
KR138327,2445,891,3336,NC_001612,False,Picornaviridae Enterovirus A,99.55106,CV-A16,100.0,CV-A16,100.0,B1b,100.0
KR138328,2445,891,3336,NC_001612,False,Picornaviridae Enterovirus A,97.75533,CV-A16,100.0,CV-A16,100.0,B1a,88.0
KR138330,2445,891,3336,NC_001612,False,Picornaviridae Enterovirus A,98.765434,CV-A16,100.0,CV-A16,100.0,B1b,99.0
KR138331,2445,891,3336,NC_001612,False,Picornaviridae Enterovirus A,98.9899,CV-A16,100.0,CV-A16,100.0,B1b,98.0
KR138332,2445,891,3336,NC_001612,False,Picornaviridae Enterovirus A,98.6532,CV-A16,100.0,CV-A16,100.0,B1b,98.0
KR138333,2445,891,3336,NC_001612,False,Picornaviridae Enterovirus A,99.3266,CV-A16,100.0,CV-A16,100.0,B1b,99.0
KR138334,2445,891,3336,NC_001612,False,Picornaviridae Enterovirus A,99.102135,CV-A16,100.0,CV-A16,100.0,B1b,98.0
KR138335,2445,891,3336,NC_001612,False,Picornaviridae Enterovirus A,99.102135,CV-A16,100.0,CV-A16,100.0,B1b,98.0
KR138336,2445,891,3336,NC_001612,False,Picornaviridae Enterovirus A,98.87767,CV-A16,100.0,CV-A16,100.0,B1b,99.0
KR138337,2445,891,3336,NC_001612,False,Picornaviridae Enterovirus A,97.6431,CV-A16,100.0,CV-A16,100.0,B1b,99.0
KR138338,2445,891,3336,NC_001612,False,Picornaviridae Enterovirus A,98.428734,CV-A16,100.0,CV-A16,100.0,B1b,97.0
KR138339,2445,891,3336,NC_001612,False,Picornaviridae Enterovirus A,99.3266,CV-A16,100.0,CV-A16,100.0,B1b,100.0
KR138340,2445,891,3336,NC_001612,False,Picornaviridae Enterovirus A,98.765434,CV-A16,100.0,CV-A16,100.0,B1b,99.0
KR138341,2445,891,3336,NC_001612,False,Picornaviridae Enterovirus A,99.21436,CV-A16,100.0,CV-A16,100.0,B1b,98.0
KR138342,2445,891,3336,NC_001612,False,Picornaviridae Enterovirus A,99.21436,CV-A16,100.0,CV-A16,100.0,B1b,98.0
KR138343,2445,891,3336,NC_001612,False,Picornaviridae Enterovirus A,98.9899,CV-A16,100.0,CV-A16,100.0,B1b,95.0
KR138344,2445,891,3336,NC_001612,False,Picornaviridae Enterovirus A,97.41863,CV-A16,100.0,CV-A16,100.0,B1b,99.0
KR138345,2445,891,3336,NC_001612,False,Picornaviridae Enterovirus A,97.75533,CV-A16,100.0,CV-A16,100.0,B1b,99.0
KR138346,2445,891,3336,NC_001612,False,Picornaviridae Enterovirus A,98.3165,CV-A16,100.0,CV-A16,100.0,B1b,100.0
KR138347,2445,891,3336,NC_001612,False,Picornaviridae Enterovirus A,98.6532,CV-A16,100.0,CV-A16,100.0,B1b,97.0
KR138348,2445,891,3336,NC_001612,False,Picornaviridae Enterovirus A,98.3165,CV-A16,100.0,CV-A16,100.0,B1b,97.0
KR138349,2445,891,3336,NC_001612,False,Picornaviridae Enterovirus A,98.20427,CV-A16,100.0,CV-A16,100.0,B1b,97.0
KR138350,2445,891,3336,NC_001612,False,Picornaviridae Enterovirus A,97.9798,CV-A16,100.0,CV-A16,100.0,B1b,98.0
KR138351,2445,891,3336,NC_001612,False,Picornaviridae Enterovirus A,98.3165,CV-A16,100.0,CV-A16,100.0,B1b,100.0
KR138352,2445,891,3336,NC_001612,False,Picornaviridae Enterovirus A,98.765434,CV-A16,100.0,CV-A16,100.0,B1b,100.0
KR138353,2445,891,3336,NC_001612,False,Picornaviridae Enterovirus A,97.08193,CV-A16,100.0,CV-A16,100.0,B1b,99.0
KR138354,2445,891,3336,NC_001612,False,Picornaviridae Enterovirus A,97.19417,CV-A16,100.0,CV-A16,100.0,B1b,99.0
KR138355,2445,891,3336,NC_001612,False,Picornaviridae Enterovirus A,96.969696,CV-A16,100.0,CV-A16,100.0,B1b,99.0
KR138356,2445,891,3336,NC_001612,False,Picornaviridae Enterovirus A,98.3165,CV-A16,100.0,CV-A16,100.0,B1b,99.0
KR138357,2445,891,3336,NC_001612,False,Picornaviridae Enterovirus A,98.765434,CV-A16,100.0,CV-A16,100.0,B1b,100.0
KR138358,2445,891,3336,NC_001612,False,Picornaviridae Enterovirus A,97.86757,CV-A16,100.0,CV-A16,100.0,B1b,98.0
KR138359,2445,891,3336,NC_001612,False,Picornaviridae Enterovirus A,97.86757,CV-A16,100.0,CV-A16,100.0,B1b,95.0
KR138360,2445,891,3336,NC_001612,False,Picornaviridae Enterovirus A,96.74523,CV-A16,100.0,CV-A16,100.0,B1b,98.0
KR138361,2445,891,3336,NC_001612,False,Picornaviridae Enterovirus A,98.09203,CV-A16,100.0,CV-A16,100.0,B1b,97.0
KR138362,2445,891,3336,NC_001612,False,Picornaviridae Enterovirus A,97.9798,CV-A16,100.0,CV-A16,100.0,B1b,98.0
KR138363,2445,891,3336,NC_001612,False,Picornaviridae Enterovirus A,98.54097,CV-A16,100.0,CV-A16,100.0,B1b,98.0
KR138364,2445,891,3336,NC_001612,False,Picornaviridae Enterovirus A,95.39842,CV-A16,100.0,CV-A16,100.0,B1b,81.0
KR138365,2445,891,3336,NC_001612,False,Picornaviridae Enterovirus A,98.3165,CV-A16,100.0,CV-A16,100.0,B1b,98.0
KR138366,2445,891,3336,NC_001612,False,Picornaviridae Enterovirus A,98.3165,CV-A16,100.0,CV-A16,100.0,B1b,99.0
KR138367,2445,891,3336,NC_001612,False,Picornaviridae Enterovirus A,98.20427,CV-A16,100.0,CV-A16,100.0,B1b,98.0
KR138368,2445,891,3336,NC_001612,False,Picornaviridae Enterovirus A,97.9798,CV-A16,100.0,CV-A16,100.0,B1b,100.0
KR138369,2445,891,3336,NC_001612,False,Picornaviridae Enterovirus A,97.6431,CV-A16,100.0,CV-A16,100.0,B1b,98.0
KR138371,2445,891,3336,NC_001612,False,Picornaviridae Enterovirus A,98.765434,CV-A16,100.0,CV-A16,100.0,B1b,100.0
KR138375,2445,891,3336,NC_001612,False,Picornaviridae Enterovirus A,98.765434,CV-A16,100.0,CV-A16,100.0,B1b,100.0
KR138376,2445,891,3336,NC_001612,False,Picornaviridae Enterovirus A,98.54097,CV-A16,100.0,CV-A16,100.0,B1b,96.0
KR138377,2445,891,3336,NC_001612,False,Picornaviridae Enterovirus A,98.09203,CV-A16,100.0,CV-A16,100.0,B1b,100.0
KT000389,2445,891,3336,NC_001612,False,Picornaviridae Enterovirus A,98.20427,CV-A16,100.0,CV-A16,100.0,B1b,99.0
KT000390,2445,891,3336,NC_001612,False,Picornaviridae Enterovirus A,98.54097,CV-A16,100.0,CV-A16,100.0,B1b,100.0
KT000391,2445,891,3336,NC_001612,False,Picornaviridae Enterovirus A,98.54097,CV-A16,100.0,CV-A16,100.0,B1b,96.0
KT000392,2445,891,3336,NC_001612,False,Picornaviridae Enterovirus A,97.86757,CV-A16,100.0,CV-A16,100.0,B1b,99.0
KT000393,2445,891,3336,NC_001612,False,Picornaviridae Enterovirus A,97.9798,CV-A16,100.0,CV-A16,100.0,B1b,96.0
KT000394,2445,891,3336,NC_001612,False,Picornaviridae Enterovirus A,97.9798,CV-A16,100.0,CV-A16,100.0,B1b,100.0
KT186311,2496,501,2997,NC_001612,False,Picornaviridae Enterovirus A,98.00399,CV-A16,100.0,CV-A16,100.0,B1b,89.0
KT186312,2496,501,2997,NC_001612,False,Picornaviridae Enterovirus A,99.002,CV-A16,100.0,CV-A16,100.0,B1b,86.0
KT186313,2496,501,2997,NC_001612,False,Picornaviridae Enterovirus A,98.80239,CV-A16,100.0,CV-A16,100.0,B1b,92.0
KT186314,2496,501,2997,NC_001612,False,Picornaviridae Enterovirus A,99.8004,CV-A16,100.0,CV-A16,100.0,B1b,90.0
KT186315,2496,501,2997,NC_001612,False,Picornaviridae Enterovirus A,99.4012,CV-A16,100.0,CV-A16,100.0,B1a,91.0
KT186316,2496,501,2997,NC_001612,False,Picornaviridae Enterovirus A,96.20758,CV-A16,100.0,CV-A16,100.0,B1a,91.0
KT186317,2496,501,2997,NC_001612,False,Picornaviridae Enterovirus A,98.20359,CV-A16,100.0,CV-A16,100.0,B1a,91.0
KT186318,2496,501,2997,NC_001612,False,Picornaviridae Enterovirus A,99.4012,CV-A16,100.0,CV-A16,100.0,B1b,89.0
KT186319,2496,501,2997,NC_001612,False,Picornaviridae Enterovirus A,100.0,CV-A16,100.0,CV-A16,100.0,B1b,93.0
KT186320,2496,501,2997,NC_001612,False,Picornaviridae Enterovirus A,98.6028,CV-A16,100.0,CV-A16,100.0,B1b,84.0
KT186321,2496,501,2997,NC_001612,False,Picornaviridae Enterovirus A,99.2016,CV-A16,100.0,CV-A16,100.0,B1b,91.0
KT186322,2496,501,2997,NC_001612,False,Picornaviridae Enterovirus A,99.002,CV-A16,100.0,CV-A16,100.0,B1b,86.0
KT186323,2496,501,2997,NC_001612,False,Picornaviridae Enterovirus A,98.80239,CV-A16,100.0,CV-A16,100.0,B1b,89.0
KT327154,2445,891,3336,NC_001612,False,Picornaviridae Enterovirus A,99.21436,CV-A16,100.0,CV-A16,100.0,B1b,98.0
KT327155,2445,891,3336,NC_001612,False,Picornaviridae Enterovirus A,99.21436,CV-A16,100.0,CV-A16,100.0,B1b,98.0
KT327156,2445,891,3336,NC_001612,False,Picornaviridae Enterovirus A,98.6532,CV-A16,100.0,CV-A16,100.0,B1b,99.0
KT327157,2445,891,3336,NC_001612,False,Picornaviridae Enterovirus A,98.54097,CV-A16,100.0,CV-A16,100.0,B1b,100.0
KT327158,2445,891,3336,NC_001612,False,Picornaviridae Enterovirus A,98.3165,CV-A16,100.0,CV-A16,100.0,B1b,97.0
KT327159,2445,891,3336,NC_001612,False,Picornaviridae Enterovirus A,99.21436,CV-A16,100.0,CV-A16,100.0,B1b,100.0
KT327160,2445,891,3336,NC_001612,False,Picornaviridae Enterovirus A,98.3165,CV-A16,100.0,CV-A16,100.0,B1b,99.0
KT327161,2445,891,3336,NC_001612,False,Picornaviridae Enterovirus A,98.20427,CV-A16,100.0,CV-A16,100.0,B1b,97.0
KT327162,2445,891,3336,NC_001612,False,Picornaviridae Enterovirus A,98.3165,CV-A16,100.0,CV-A16,100.0,B1b,99.0
KT908038,2445,891,3336,NC_001612,False,Picornaviridae Enterovirus A,97.9798,CV-A16,100.0,CV-A16,100.0,B1b,99.0
KT985039,2445,891,3336,NC_001612,False,Picornaviridae Enterovirus A,97.19417,CV-A16,100.0,CV-A16,100.0,B1a,90.0
KT985040,2445,891,3336,NC_001612,False,Picornaviridae Enterovirus A,97.86757,CV-A16,100.0,CV-A16,100.0,B1a,83.0
KT985041,2445,891,3336,NC_001612,False,Picornaviridae Enterovirus A,98.54097,CV-A16,100.0,CV-A16,100.0,B1b,100.0
KT985042,2445,891,3336,NC_001612,False,Picornaviridae Enterovirus A,98.9899,CV-A16,100.0,CV-A16,100.0,B1b,98.0
KT985043,2445,891,3336,NC_001612,False,Picornaviridae Enterovirus A,98.428734,CV-A16,100.0,CV-A16,100.0,B1b,100.0
KT985044,2445,891,3336,NC_001612,False,Picornaviridae Enterovirus A,97.86757,CV-A16,100.0,CV-A16,100.0,B1b,99.0
KT985045,2445,891,3336,NC_001612,False,Picornaviridae Enterovirus A,98.19005,CV-A16,100.0,CV-A16,100.0,B1b,97.0
KT985046,2445,891,3336,NC_001612,False,Picornaviridae Enterovirus A,98.87767,CV-A16,100.0,CV-A16,100.0,B1b,98.0
KU163608,1,7404,7413,NC_001612,False,Picornaviridae Enterovirus A,91.5023,CV-A16,100.0,CV-A16,100.0,B1b,98.0
KU254597,0,7408,7413,NC_001612,False,Picornaviridae Enterovirus A,98.06913,CV-A16,100.0,CV-A16,100.0,B1b,99.0
KU254598,0,7400,7405,NC_001612,False,Picornaviridae Enterovirus A,98.35136,CV-A16,100.0,CV-A16,100.0,B1b,100.0
KU523376,2944,381,3325,NC_001612,False,Picornaviridae Enterovirus A,94.19525,CV-A16,100.0,CV-A16,100.0,B1c,90.0
KU523377,2944,381,3325,NC_001612,False,Picornaviridae Enterovirus A,93.931404,CV-A16,100.0,CV-A16,100.0,B1c,94.0
KU523378,2944,381,3325,NC_001612,False,Picornaviridae Enterovirus A,93.931404,CV-A16,99.0,CV-A16,100.0,B1c,95.0
KU523379,2944,381,3325,NC_001612,False,Picornaviridae Enterovirus A,94.19525,CV-A16,100.0,CV-A16,100.0,B1c,96.0
KU523380,2944,381,3325,NC_001612,False,Picornaviridae Enterovirus A,94.19525,CV-A16,100.0,CV-A16,100.0,B1c,97.0
KU523381,2944,381,3325,NC_001612,False,Picornaviridae Enterovirus A,93.931404,CV-A16,100.0,CV-A16,100.0,B1c,88.0
KU523382,2944,381,3325,NC_001612,False,Picornaviridae Enterovirus A,94.19525,CV-A16,100.0,CV-A16,100.0,B1c,97.0
KU523383,2944,381,3325,NC_001612,False,Picornaviridae Enterovirus A,94.19525,CV-A16,100.0,CV-A16,100.0,B1c,95.0
KU523384,2944,381,3325,NC_001612,False,Picornaviridae Enterovirus A,94.45911,CV-A16,100.0,CV-A16,100.0,B1c,91.0
KU523385,2944,381,3325,NC_001612,False,Picornaviridae Enterovirus A,94.19525,CV-A16,100.0,CV-A16,100.0,B1c,96.0
KU523386,2944,381,3325,NC_001612,False,Picornaviridae Enterovirus A,93.931404,CV-A16,100.0,CV-A16,100.0,B1c,93.0
KU523387,2944,381,3325,NC_001612,False,Picornaviridae Enterovirus A,93.931404,CV-A16,100.0,CV-A16,100.0,B1c,95.0
KU595958,2445,891,3336,NC_001612,False,Picornaviridae Enterovirus A,98.54097,CV-A16,100.0,CV-A16,100.0,B1b,98.0
KU595959,2445,891,3336,NC_001612,False,Picornaviridae Enterovirus A,98.428734,CV-A16,100.0,CV-A16,100.0,B1b,98.0
KU595960,2445,891,3336,NC_001612,False,Picornaviridae Enterovirus A,97.19417,CV-A16,100.0,CV-A16,100.0,B1a,81.0
KU595961,2445,891,3336,NC_001612,False,Picornaviridae Enterovirus A,98.54097,CV-A16,100.0,CV-A16,100.0,B1b,98.0
KU595962,2445,891,3336,NC_001612,False,Picornaviridae Enterovirus A,96.969696,CV-A16,100.0,CV-A16,100.0,B1b,99.0
KU595963,2445,891,3336,NC_001612,False,Picornaviridae Enterovirus A,98.20427,CV-A16,100.0,CV-A16,100.0,B1b,97.0
KU595964,2445,891,3336,NC_001612,False,Picornaviridae Enterovirus A,98.87767,CV-A16,100.0,CV-A16,100.0,B1b,98.0
KU595965,2445,891,3336,NC_001612,False,Picornaviridae Enterovirus A,97.6431,CV-A16,100.0,CV-A16,100.0,B1b,99.0
KU595966,2445,891,3336,NC_001612,False,Picornaviridae Enterovirus A,97.86757,CV-A16,100.0,CV-A16,100.0,B1b,99.0
KU595967,2445,891,3336,NC_001612,False,Picornaviridae Enterovirus A,97.3064,CV-A16,100.0,CV-A16,100.0,B1b,100.0
KU595968,2445,891,3336,NC_001612,False,Picornaviridae Enterovirus A,97.53087,CV-A16,100.0,CV-A16,100.0,B1b,99.0
KU595969,2445,891,3336,NC_001612,False,Picornaviridae Enterovirus A,98.20427,CV-A16,100.0,CV-A16,100.0,B1a,80.0
KU595970,2445,891,3336,NC_001612,False,Picornaviridae Enterovirus A,97.6431,CV-A16,100.0,CV-A16,100.0,B1b,96.0
KU595971,2445,891,3336,NC_001612,False,Picornaviridae Enterovirus A,98.54097,CV-A16,100.0,CV-A16,100.0,B1b,98.0
KU595972,2445,891,3336,NC_001612,False,Picornaviridae Enterovirus A,98.9899,CV-A16,100.0,CV-A16,100.0,B1b,98.0
KU595973,2445,891,3336,NC_001612,False,Picornaviridae Enterovirus A,96.40853,CV-A16,100.0,CV-A16,100.0,B1a,81.0
KU595974,2445,891,3336,NC_001612,False,Picornaviridae Enterovirus A,98.54097,CV-A16,100.0,CV-A16,100.0,B1b,100.0
KU595975,2445,891,3336,NC_001612,False,Picornaviridae Enterovirus A,96.74523,CV-A16,100.0,CV-A16,100.0,B1b,98.0
KU595976,2445,891,3336,NC_001612,False,Picornaviridae Enterovirus A,97.86757,CV-A16,100.0,CV-A16,100.0,B1b,99.0
KU595977,2445,891,3336,NC_001612,False,Picornaviridae Enterovirus A,95.84736,CV-A16,100.0,CV-A16,100.0,B1b,84.0
KU595978,2445,891,3336,NC_001612,False,Picornaviridae Enterovirus A,97.53087,CV-A16,100.0,CV-A16,100.0,B1a,84.0
KU595979,2445,891,3336,NC_001612,False,Picornaviridae Enterovirus A,97.41863,CV-A16,100.0,CV-A16,100.0,B1a,83.0
KU595980,2445,891,3336,NC_001612,False,Picornaviridae Enterovirus A,96.52077,CV-A16,100.0,CV-A16,100.0,B1a,86.0
KU595981,2445,891,3336,NC_001612,False,Picornaviridae Enterovirus A,98.09203,CV-A16,100.0,CV-A16,100.0,B1a,86.0
KU595982,2445,891,3336,NC_001612,False,Picornaviridae Enterovirus A,97.86757,CV-A16,100.0,CV-A16,100.0,B1b,98.0
KU595983,2445,891,3336,NC_001612,False,Picornaviridae Enterovirus A,98.765434,CV-A16,100.0,CV-A16,100.0,B1b,98.0
KU595984,2445,891,3336,NC_001612,False,Picornaviridae Enterovirus A,97.3064,CV-A16,100.0,CV-A16,100.0,B1a,81.0
KU595986,2445,891,3336,NC_001612,False,Picornaviridae Enterovirus A,97.9798,CV-A16,100.0,CV-A16,100.0,B1b,98.0
KU595988,2445,891,3336,NC_001612,False,Picornaviridae Enterovirus A,97.9798,CV-A16,100.0,CV-A16,100.0,B1b,98.0
KU595989,2445,891,3336,NC_001612,False,Picornaviridae Enterovirus A,98.54097,CV-A16,100.0,CV-A16,100.0,B1b,96.0
KU595990,2445,891,3336,NC_001612,False,Picornaviridae Enterovirus A,95.73513,CV-A16,100.0,CV-A16,100.0,B1b,88.0
KU595991,2445,891,3336,NC_001612,False,Picornaviridae Enterovirus A,95.51066,CV-A16,100.0,CV-A16,100.0,B1b,80.0
KU595992,2445,891,3336,NC_001612,False,Picornaviridae Enterovirus A,98.6532,CV-A16,100.0,CV-A16,100.0,B1b,98.0
KU595994,2445,891,3336,NC_001612,False,Picornaviridae Enterovirus A,96.969696,CV-A16,100.0,CV-A16,100.0,B1a,80.0
KU595995,2445,891,3336,NC_001612,False,Picornaviridae Enterovirus A,97.86757,CV-A16,100.0,CV-A16,100.0,B1b,100.0
KU595996,2445,891,3336,NC_001612,False,Picornaviridae Enterovirus A,97.86757,CV-A16,100.0,CV-A16,100.0,B1b,100.0
KU595999,2445,891,3336,NC_001612,False,Picornaviridae Enterovirus A,95.622894,CV-A16,100.0,CV-A16,100.0,B1b,85.0
KU596003,2445,891,3336,NC_001612,False,Picornaviridae Enterovirus A,97.6431,CV-A16,100.0,CV-A16,100.0,B1b,99.0
KU596004,2445,891,3336,NC_001612,False,Picornaviridae Enterovirus A,97.53087,CV-A16,100.0,CV-A16,100.0,B1b,95.0
KU596005,2445,891,3336,NC_001612,False,Picornaviridae Enterovirus A,95.286194,CV-A16,100.0,CV-A16,100.0,B1b,85.0
KU596006,2445,891,3336,NC_001612,False,Picornaviridae Enterovirus A,98.09203,CV-A16,100.0,CV-A16,100.0,B1b,100.0
KU596008,2445,891,3336,NC_001612,False,Picornaviridae Enterovirus A,96.85747,CV-A16,100.0,CV-A16,100.0,B1a,84.0
KU596009,2445,891,3336,NC_001612,False,Picornaviridae Enterovirus A,95.39842,CV-A16,100.0,CV-A16,100.0,B1b,82.0
KU596011,2445,891,3336,NC_001612,False,Picornaviridae Enterovirus A,95.17396,CV-A16,100.0,CV-A16,100.0,B1b,83.0
KU596012,2445,891,3336,NC_001612,False,Picornaviridae Enterovirus A,94.94949,CV-A16,100.0,CV-A16,100.0,B1b,83.0
KU596014,2445,891,3336,NC_001612,False,Picornaviridae Enterovirus A,96.74523,CV-A16,100.0,CV-A16,100.0,B1a,87.0
KU596015,2445,891,3336,NC_001612,False,Picornaviridae Enterovirus A,97.75533,CV-A16,100.0,CV-A16,100.0,B1b,100.0
KU596016,2445,891,3336,NC_001612,False,Picornaviridae Enterovirus A,96.85747,CV-A16,100.0,CV-A16,100.0,B1a,84.0
KU596018,2445,891,3336,NC_001612,False,Picornaviridae Enterovirus A,97.08193,CV-A16,100.0,CV-A16,100.0,B1b,99.0
KU596019,2445,891,3336,NC_001612,False,Picornaviridae Enterovirus A,97.9798,CV-A16,100.0,CV-A16,100.0,B1b,98.0
KU596020,2445,891,3336,NC_001612,False,Picornaviridae Enterovirus A,97.75533,CV-A16,100.0,CV-A16,100.0,B1b,95.0
KU596021,2445,891,3336,NC_001612,False,Picornaviridae Enterovirus A,96.18407,CV-A16,100.0,CV-A16,100.0,B1a,81.0
KU596022,2445,891,3336,NC_001612,False,Picornaviridae Enterovirus A,98.6532,CV-A16,100.0,CV-A16,100.0,B1b,95.0
KU744456,2445,891,3336,NC_001612,False,Picornaviridae Enterovirus A,98.20427,CV-A16,100.0,CV-A16,100.0,B1b,97.0
KU744457,2445,891,3336,NC_001612,False,Picornaviridae Enterovirus A,98.54097,CV-A16,100.0,CV-A16,100.0,B1b,99.0
KU744458,2445,891,3336,NC_001612,False,Picornaviridae Enterovirus A,98.54097,CV-A16,100.0,CV-A16,100.0,B1b,99.0
KU744459,2445,891,3336,NC_001612,False,Picornaviridae Enterovirus A,98.428734,CV-A16,100.0,CV-A16,100.0,B1b,99.0
KU744460,2445,891,3336,NC_001612,False,Picornaviridae Enterovirus A,98.428734,CV-A16,100.0,CV-A16,100.0,B1b,96.0
KU744461,2445,891,3336,NC_001612,False,Picornaviridae Enterovirus A,97.75533,CV-A16,100.0,CV-A16,100.0,B1b,99.0
KU744462,2445,891,3336,NC_001612,False,Picornaviridae Enterovirus A,98.765434,CV-A16,100.0,CV-A16,100.0,B1b,98.0
KU744463,2445,891,3336,NC_001612,False,Picornaviridae Enterovirus A,98.87767,CV-A16,100.0,CV-A16,100.0,B1b,96.0
KU744464,2445,891,3336,NC_001612,False,Picornaviridae Enterovirus A,98.87767,CV-A16,100.0,CV-A16,100.0,B1b,99.0
KU744465,2445,891,3336,NC_001612,False,Picornaviridae Enterovirus A,98.765434,CV-A16,100.0,CV-A16,100.0,B1b,100.0
KU744466,2445,891,3336,NC_001612,False,Picornaviridae Enterovirus A,98.6532,CV-A16,100.0,CV-A16,100.0,B1b,99.0
KU744467,2445,891,3336,NC_001612,False,Picornaviridae Enterovirus A,98.6532,CV-A16,100.0,CV-A16,100.0,B1b,99.0
KU744468,2445,891,3336,NC_001612,False,Picornaviridae Enterovirus A,98.09203,CV-A16,100.0,CV-A16,100.0,B1b,98.0
KU744469,2445,891,3336,NC_001612,False,Picornaviridae Enterovirus A,98.428734,CV-A16,100.0,CV-A16,100.0,B1b,99.0
KU744471,2445,891,3336,NC_001612,False,Picornaviridae Enterovirus A,97.86757,CV-A16,100.0,CV-A16,100.0,B1b,99.0
KU744472,2445,891,3336,NC_001612,False,Picornaviridae Enterovirus A,98.765434,CV-A16,100.0,CV-A16,100.0,B1b,99.0
KU744473,2445,891,3336,NC_001612,False,Picornaviridae Enterovirus A,98.6532,CV-A16,100.0,CV-A16,100.0,B1b,98.0
KU744474,2445,891,3336,NC_001612,False,Picornaviridae Enterovirus A,97.75533,CV-A16,100.0,CV-A16,100.0,B1b,100.0
KU744475,2445,891,3336,NC_001612,False,Picornaviridae Enterovirus A,98.87767,CV-A16,100.0,CV-A16,100.0,B1b,96.0
KU744476,2445,891,3336,NC_001612,False,Picornaviridae Enterovirus A,97.75533,CV-A16,100.0,CV-A16,100.0,B1b,99.0
KU744477,2445,891,3336,NC_001612,False,Picornaviridae Enterovirus A,98.09203,CV-A16,100.0,CV-A16,100.0,B1b,99.0
KU744478,2445,891,3336,NC_001612,False,Picornaviridae Enterovirus A,97.9798,CV-A16,100.0,CV-A16,100.0,B1b,100.0
KU744479,2445,891,3336,NC_001612,False,Picornaviridae Enterovirus A,98.54097,CV-A16,100.0,CV-A16,100.0,B1b,99.0
KU744480,2445,891,3336,NC_001612,False,Picornaviridae Enterovirus A,98.3165,CV-A16,100.0,CV-A16,100.0,B1b,100.0
KU744481,2445,891,3336,NC_001612,False,Picornaviridae Enterovirus A,98.765434,CV-A16,100.0,CV-A16,100.0,B1b,96.0
KU744482,2445,891,3336,NC_001612,False,Picornaviridae Enterovirus A,98.20427,CV-A16,100.0,CV-A16,100.0,B1b,99.0
KU744483,2445,891,3336,NC_001612,False,Picornaviridae Enterovirus A,97.9798,CV-A16,100.0,CV-A16,100.0,B1b,98.0
KU744484,2445,891,3336,NC_001612,False,Picornaviridae Enterovirus A,98.428734,CV-A16,100.0,CV-A16,100.0,B1b,97.0
KU744485,2445,891,3336,NC_001612,False,Picornaviridae Enterovirus A,98.6532,CV-A16,100.0,CV-A16,100.0,B1b,99.0
KU744486,2445,891,3336,NC_001612,False,Picornaviridae Enterovirus A,98.54097,CV-A16,100.0,CV-A16,100.0,B1b,99.0
KU744487,2445,891,3336,NC_001612,False,Picornaviridae Enterovirus A,98.3165,CV-A16,100.0,CV-A16,100.0,B1b,99.0
KU744488,2445,891,3336,NC_001612,False,Picornaviridae Enterovirus A,98.765434,CV-A16,100.0,CV-A16,100.0,B1b,97.0
KU744489,2445,891,3336,NC_001612,False,Picornaviridae Enterovirus A,98.09203,CV-A16,100.0,CV-A16,100.0,B1b,99.0
KU744490,2445,891,3336,NC_001612,False,Picornaviridae Enterovirus A,98.428734,CV-A16,100.0,CV-A16,100.0,B1b,97.0
KU744491,2445,891,3336,NC_001612,False,Picornaviridae Enterovirus A,98.428734,CV-A16,100.0,CV-A16,100.0,B1b,98.0
KU744492,2445,891,3336,NC_001612,False,Picornaviridae Enterovirus A,98.428734,CV-A16,100.0,CV-A16,100.0,B1b,100.0
KU744493,2445,891,3336,NC_001612,False,Picornaviridae Enterovirus A,97.86757,CV-A16,100.0,CV-A16,100.0,B1b,99.0
KU744494,2445,891,3336,NC_001612,False,Picornaviridae Enterovirus A,98.428734,CV-A16,100.0,CV-A16,100.0,B1b,96.0
KU744495,2445,891,3336,NC_001612,False,Picornaviridae Enterovirus A,98.54097,CV-A16,100.0,CV-A16,100.0,B1b,98.0
KU744496,2445,891,3336,NC_001612,False,Picornaviridae Enterovirus A,98.6532,CV-A16,100.0,CV-A16,100.0,B1b,98.0
KU744497,2445,891,3336,NC_001612,False,Picornaviridae Enterovirus A,98.6532,CV-A16,100.0,CV-A16,100.0,B1b,99.0
KU744498,2445,891,3336,NC_001612,False,Picornaviridae Enterovirus A,98.20225,CV-A16,100.0,CV-A16,100.0,B1b,94.0
KU744499,2445,891,3336,NC_001612,False,Picornaviridae Enterovirus A,98.428734,CV-A16,100.0,CV-A16,100.0,B1b,97.0
KU744500,2445,891,3336,NC_001612,False,Picornaviridae Enterovirus A,98.87767,CV-A16,100.0,CV-A16,100.0,B1b,98.0
KU744501,2445,891,3336,NC_001612,False,Picornaviridae Enterovirus A,97.9798,CV-A16,100.0,CV-A16,100.0,B1b,97.0
KU744502,2445,891,3336,NC_001612,False,Picornaviridae Enterovirus A,98.54097,CV-A16,100.0,CV-A16,100.0,B1b,98.0
KU744503,2445,891,3336,NC_001612,False,Picornaviridae Enterovirus A,98.765434,CV-A16,100.0,CV-A16,100.0,B1b,99.0
KU744504,2445,891,3336,NC_001612,False,Picornaviridae Enterovirus A,98.428734,CV-A16,100.0,CV-A16,100.0,B1b,100.0
KU744505,2445,891,3336,NC_001612,False,Picornaviridae Enterovirus A,98.6532,CV-A16,100.0,CV-A16,100.0,B1b,98.0
KU744506,2445,891,3336,NC_001612,False,Picornaviridae Enterovirus A,98.54097,CV-A16,100.0,CV-A16,100.0,B1b,100.0
KU744507,2445,891,3336,NC_001612,False,Picornaviridae Enterovirus A,97.53087,CV-A16,100.0,CV-A16,100.0,B1b,99.0
KU744508,2445,891,3336,NC_001612,False,Picornaviridae Enterovirus A,98.54097,CV-A16,100.0,CV-A16,100.0,B1b,98.0
KU744509,2445,891,3336,NC_001612,False,Picornaviridae Enterovirus A,97.75533,CV-A16,100.0,CV-A16,100.0,B1b,97.0
KU744510,2445,891,3336,NC_001612,False,Picornaviridae Enterovirus A,98.3165,CV-A16,100.0,CV-A16,100.0,B1b,100.0
KU744511,2445,891,3336,NC_001612,False,Picornaviridae Enterovirus A,98.54097,CV-A16,100.0,CV-A16,100.0,B1b,96.0
KU744512,2445,891,3336,NC_001612,False,Picornaviridae Enterovirus A,96.18407,CV-A16,100.0,CV-A16,100.0,B1a,85.0
KU744513,2445,891,3336,NC_001612,False,Picornaviridae Enterovirus A,98.20427,CV-A16,100.0,CV-A16,100.0,B1b,98.0
KU744514,2445,891,3336,NC_001612,False,Picornaviridae Enterovirus A,98.428734,CV-A16,100.0,CV-A16,100.0,B1b,99.0
KU744515,2445,891,3336,NC_001612,False,Picornaviridae Enterovirus A,98.6532,CV-A16,100.0,CV-A16,100.0,B1b,100.0
KU744516,2445,891,3336,NC_001612,False,Picornaviridae Enterovirus A,98.428734,CV-A16,100.0,CV-A16,100.0,B1b,99.0
KU744517,2445,891,3336,NC_001612,False,Picornaviridae Enterovirus A,98.9899,CV-A16,100.0,CV-A16,100.0,B1b,98.0
KU854873,0,7411,7415,NC_001612,False,Picornaviridae Enterovirus A,97.96194,CV-A16,100.0,CV-A16,100.0,B1a,86.0
KX056216,0,7410,7413,NC_001612,False,Picornaviridae Enterovirus A,98.00216,CV-A16,100.0,CV-A16,100.0,B1b,94.0
KX058533,0,7407,7411,NC_001612,False,Picornaviridae Enterovirus A,97.94789,CV-A16,100.0,CV-A16,100.0,B1b,98.0
KX058534,2445,891,3336,NC_001612,False,Picornaviridae Enterovirus A,97.63247,CV-A16,100.0,CV-A16,100.0,B1a,85.0
KX058535,2445,891,3336,NC_001612,False,Picornaviridae Enterovirus A,97.40699,CV-A16,100.0,CV-A16,100.0,B1a,86.0
KX058536,2445,891,3336,NC_001612,False,Picornaviridae Enterovirus A,96.18407,CV-A16,100.0,CV-A16,100.0,B1a,87.0
KX058537,2445,891,3336,NC_001612,False,Picornaviridae Enterovirus A,98.759865,CV-A16,100.0,CV-A16,100.0,B1b,97.0
KX058538,2445,891,3336,NC_001612,False,Picornaviridae Enterovirus A,99.102135,CV-A16,100.0,CV-A16,100.0,B1b,97.0
KX058539,2445,891,3336,NC_001612,False,Picornaviridae Enterovirus A,98.9899,CV-A16,100.0,CV-A16,100.0,B1b,99.0
KX058540,2445,891,3336,NC_001612,False,Picornaviridae Enterovirus A,97.85795,CV-A16,100.0,CV-A16,100.0,B1b,98.0
KX372333,10,7411,7425,NC_001612,False,Picornaviridae Enterovirus A,95.984856,CV-A16,100.0,CV-A16,100.0,B1a,82.0
KX372334,0,7422,7426,NC_001612,False,Picornaviridae Enterovirus A,95.74727,CV-A16,100.0,CV-A16,100.0,B1a,83.0
KX372335,8,7418,7430,NC_001612,False,Picornaviridae Enterovirus A,95.702126,CV-A16,100.0,CV-A16,100.0,B1a,85.0
KX372336,8,7416,7428,NC_001612,False,Picornaviridae Enterovirus A,97.91863,CV-A16,100.0,CV-A16,100.0,B1b,98.0
KX372339,9,7415,7428,NC_001612,False,Picornaviridae Enterovirus A,94.76886,CV-A16,100.0,CV-A16,100.0,B1a,85.0
KX430811,127,7277,7407,NC_001612,False,Picornaviridae Enterovirus A,94.87426,CV-A16,100.0,CV-A16,100.0,B1a,88.0
KX430812,127,7278,7408,NC_001612,False,Picornaviridae Enterovirus A,94.87426,CV-A16,100.0,CV-A16,100.0,B1a,82.0
KX430813,197,6797,6998,NC_001612,False,Picornaviridae Enterovirus A,94.01206,CV-A16,100.0,CV-A16,100.0,B1a,85.0
KX430814,125,7105,7235,NC_001612,False,Picornaviridae Enterovirus A,95.018295,CV-A16,100.0,CV-A16,100.0,B1a,87.0
KX430815,122,7104,7229,NC_001612,False,Picornaviridae Enterovirus A,94.528275,CV-A16,100.0,CV-A16,100.0,B1a,81.0
KX529822,2445,891,3336,NC_001612,False,Picornaviridae Enterovirus A,95.959595,CV-A16,100.0,CV-A16,100.0,B1b,81.0
KX529823,2445,891,3336,NC_001612,False,Picornaviridae Enterovirus A,98.6532,CV-A16,100.0,CV-A16,100.0,B1b,99.0
KX529824,2445,891,3336,NC_001612,False,Picornaviridae Enterovirus A,99.3266,CV-A16,100.0,CV-A16,100.0,B1b,99.0
KX529825,2445,891,3336,NC_001612,False,Picornaviridae Enterovirus A,98.765434,CV-A16,100.0,CV-A16,100.0,B1b,97.0
KX529826,2445,891,3336,NC_001612,False,Picornaviridae Enterovirus A,98.87767,CV-A16,100.0,CV-A16,100.0,B1b,97.0
KX529827,2445,891,3336,NC_001612,False,Picornaviridae Enterovirus A,98.87767,CV-A16,100.0,CV-A16,100.0,B1b,99.0
KX529828,2445,891,3336,NC_001612,False,Picornaviridae Enterovirus A,98.765434,CV-A16,100.0,CV-A16,100.0,B1b,99.0
KX529831,2445,891,3336,NC_001612,False,Picornaviridae Enterovirus A,99.3266,CV-A16,100.0,CV-A16,100.0,B1b,98.0
KX580041,0,7410,7413,NC_001612,False,Picornaviridae Enterovirus A,98.00216,CV-A16,100.0,CV-A16,100.0,B1b,96.0
KX586331,2445,891,3336,NC_001612,False,Picornaviridae Enterovirus A,97.86757,CV-A16,100.0,CV-A16,100.0,B1b,98.0
KX586332,2445,891,3336,NC_001612,False,Picornaviridae Enterovirus A,97.75533,CV-A16,100.0,CV-A16,100.0,B1b,98.0
KX586333,2445,891,3336,NC_001612,False,Picornaviridae Enterovirus A,98.20427,CV-A16,100.0,CV-A16,100.0,B1b,99.0
KX586334,2445,891,3336,NC_001612,False,Picornaviridae Enterovirus A,96.632996,CV-A16,100.0,CV-A16,100.0,B1a,86.0
KX586335,2445,891,3336,NC_001612,False,Picornaviridae Enterovirus A,98.6532,CV-A16,100.0,CV-A16,100.0,B1b,98.0
KX586336,2445,891,3336,NC_001612,False,Picornaviridae Enterovirus A,98.20427,CV-A16,100.0,CV-A16,100.0,B1b,99.0
KX586337,2445,891,3336,NC_001612,False,Picornaviridae Enterovirus A,98.20427,CV-A16,100.0,CV-A16,100.0,B1b,98.0
KX586338,2445,891,3336,NC_001612,False,Picornaviridae Enterovirus A,98.6532,CV-A16,100.0,CV-A16,100.0,B1b,98.0
KX586339,2445,891,3336,NC_001612,False,Picornaviridae Enterovirus A,98.20427,CV-A16,100.0,CV-A16,100.0,B1b,99.0
KX586340,2445,891,3336,NC_001612,False,Picornaviridae Enterovirus A,97.9798,CV-A16,100.0,CV-A16,100.0,B1b,96.0
KX586341,2445,891,3336,NC_001612,False,Picornaviridae Enterovirus A,98.765434,CV-A16,100.0,CV-A16,100.0,B1b,99.0
KX586342,2445,891,3336,NC_001612,False,Picornaviridae Enterovirus A,98.20427,CV-A16,100.0,CV-A16,100.0,B1b,98.0
KX586343,2445,891,3336,NC_001612,False,Picornaviridae Enterovirus A,98.20427,CV-A16,100.0,CV-A16,100.0,B1b,99.0
KX586344,2445,891,3336,NC_001612,False,Picornaviridae Enterovirus A,98.20427,CV-A16,100.0,CV-A16,100.0,B1b,100.0
KX586345,2445,891,3336,NC_001612,False,Picornaviridae Enterovirus A,98.20427,CV-A16,100.0,CV-A16,100.0,B1b,99.0
KX586346,2445,891,3336,NC_001612,False,Picornaviridae Enterovirus A,97.86757,CV-A16,100.0,CV-A16,100.0,B1b,93.0
KX586347,2445,891,3336,NC_001612,False,Picornaviridae Enterovirus A,97.53087,CV-A16,100.0,CV-A16,100.0,B1b,97.0
KX586348,2445,891,3336,NC_001612,False,Picornaviridae Enterovirus A,98.54097,CV-A16,100.0,CV-A16,100.0,B1b,99.0
KX586349,2445,891,3336,NC_001612,False,Picornaviridae Enterovirus A,98.314606,CV-A16,100.0,CV-A16,100.0,B1b,98.0
KX586350,2445,891,3336,NC_001612,False,Picornaviridae Enterovirus A,98.428734,CV-A16,100.0,CV-A16,100.0,B1b,99.0
KX586351,2445,891,3336,NC_001612,False,Picornaviridae Enterovirus A,98.20427,CV-A16,100.0,CV-A16,100.0,B1b,96.0
KX586352,2445,891,3336,NC_001612,False,Picornaviridae Enterovirus A,97.08193,CV-A16,100.0,CV-A16,100.0,B1a,88.0
KX595291,-1,7410,7413,NC_001612,False,Picornaviridae Enterovirus A,96.147545,CV-A16,100.0,CV-A16,100.0,B1a,83.0
KX595292,-1,7410,7413,NC_001612,False,Picornaviridae Enterovirus A,98.1504,CV-A16,100.0,CV-A16,100.0,B1b,98.0
KX595293,-1,7410,7413,NC_001612,False,Picornaviridae Enterovirus A,97.77238,CV-A16,100.0,CV-A16,100.0,B1b,97.0
KX595294,-1,7410,7413,NC_001612,False,Picornaviridae Enterovirus A,98.08289,CV-A16,100.0,CV-A16,100.0,B1b,97.0
KX595295,-1,7409,7412,NC_001612,False,Picornaviridae Enterovirus A,97.42136,CV-A16,100.0,CV-A16,100.0,B1b,99.0
KX601689,2445,891,3336,NC_001612,False,Picornaviridae Enterovirus A,98.20427,CV-A16,100.0,CV-A16,100.0,B1b,99.0
KX871249,2445,891,3336,NC_001612,False,Picornaviridae Enterovirus A,98.9899,CV-A16,100.0,CV-A16,100.0,B1b,98.0
KX871250,2445,891,3336,NC_001612,False,Picornaviridae Enterovirus A,99.21436,CV-A16,100.0,CV-A16,100.0,B1b,99.0
KX871251,2445,891,3336,NC_001612,False,Picornaviridae Enterovirus A,99.21436,CV-A16,100.0,CV-A16,100.0,B1b,100.0
KX871252,2445,891,3336,NC_001612,False,Picornaviridae Enterovirus A,99.21436,CV-A16,100.0,CV-A16,100.0,B1b,98.0
KX871253,2445,891,3336,NC_001612,False,Picornaviridae Enterovirus A,96.52077,CV-A16,100.0,CV-A16,100.0,B1b,95.0
KX871254,2445,891,3336,NC_001612,False,Picornaviridae Enterovirus A,96.07183,CV-A16,100.0,CV-A16,100.0,B1b,92.0
KX871255,2445,891,3336,NC_001612,False,Picornaviridae Enterovirus A,97.41863,CV-A16,100.0,CV-A16,100.0,B1a,83.0
KX871256,2445,891,3336,NC_001612,False,Picornaviridae Enterovirus A,97.41863,CV-A16,100.0,CV-A16,100.0,B1a,87.0
KX871257,2445,891,3336,NC_001612,False,Picornaviridae Enterovirus A,97.41863,CV-A16,100.0,CV-A16,100.0,B1a,85.0
KX871259,2445,891,3336,NC_001612,False,Picornaviridae Enterovirus A,99.102135,CV-A16,100.0,CV-A16,100.0,B1b,98.0
KX871260,2445,891,3336,NC_001612,False,Picornaviridae Enterovirus A,97.41863,CV-A16,100.0,CV-A16,100.0,B1b,99.0
KX871261,2445,891,3336,NC_001612,False,Picornaviridae Enterovirus A,97.6431,CV-A16,100.0,CV-A16,100.0,B1b,97.0
KX871262,2445,891,3336,NC_001612,False,Picornaviridae Enterovirus A,99.55106,CV-A16,100.0,CV-A16,100.0,B1b,99.0
KX871263,2445,891,3336,NC_001612,False,Picornaviridae Enterovirus A,98.54097,CV-A16,100.0,CV-A16,100.0,B1b,99.0
KX871264,2445,891,3336,NC_001612,False,Picornaviridae Enterovirus A,97.86757,CV-A16,100.0,CV-A16,100.0,B1a,88.0
KX871265,2445,891,3336,NC_001612,False,Picornaviridae Enterovirus A,98.20427,CV-A16,100.0,CV-A16,100.0,B1b,99.0
KX871266,2445,891,3336,NC_001612,False,Picornaviridae Enterovirus A,98.6532,CV-A16,100.0,CV-A16,100.0,B1b,100.0
KX871267,2445,891,3336,NC_001612,False,Picornaviridae Enterovirus A,97.53087,CV-A16,100.0,CV-A16,100.0,B1b,99.0
KX871268,2445,891,3336,NC_001612,False,Picornaviridae Enterovirus A,98.87767,CV-A16,100.0,CV-A16,100.0,B1b,99.0
KX871269,2445,891,3336,NC_001612,False,Picornaviridae Enterovirus A,99.3266,CV-A16,100.0,CV-A16,100.0,B1b,98.0
KX871270,2445,891,3336,NC_001612,False,Picornaviridae Enterovirus A,98.6532,CV-A16,100.0,CV-A16,100.0,B1b,100.0
KX871271,2445,891,3336,NC_001612,False,Picornaviridae Enterovirus A,97.9798,CV-A16,100.0,CV-A16,100.0,B1b,98.0
KX871272,2445,891,3336,NC_001612,False,Picornaviridae Enterovirus A,98.765434,CV-A16,100.0,CV-A16,100.0,B1b,99.0
KX871273,2445,891,3336,NC_001612,False,Picornaviridae Enterovirus A,99.3266,CV-A16,100.0,CV-A16,100.0,B1b,100.0
KX871274,2445,891,3336,NC_001612,False,Picornaviridae Enterovirus A,99.438835,CV-A16,100.0,CV-A16,100.0,B1b,100.0
KX871275,2445,891,3336,NC_001612,False,Picornaviridae Enterovirus A,98.6532,CV-A16,100.0,CV-A16,100.0,B1b,99.0
KX871277,2445,891,3336,NC_001612,False,Picornaviridae Enterovirus A,97.86757,CV-A16,100.0,CV-A16,100.0,B1b,98.0
KX871278,2445,891,3336,NC_001612,False,Picornaviridae Enterovirus A,98.09203,CV-A16,100.0,CV-A16,100.0,B1a,80.0
KX871279,2445,891,3336,NC_001612,False,Picornaviridae Enterovirus A,98.6532,CV-A16,100.0,CV-A16,100.0,B1b,99.0
KX871280,2445,891,3336,NC_001612,False,Picornaviridae Enterovirus A,98.54097,CV-A16,100.0,CV-A16,100.0,B1b,98.0
KX871281,2445,891,3336,NC_001612,False,Picornaviridae Enterovirus A,97.08193,CV-A16,100.0,CV-A16,100.0,B1a,87.0
KX871282,2445,891,3336,NC_001612,False,Picornaviridae Enterovirus A,97.9798,CV-A16,100.0,CV-A16,100.0,B1b,98.0
KX871283,2445,891,3336,NC_001612,False,Picornaviridae Enterovirus A,98.428734,CV-A16,100.0,CV-A16,100.0,B1b,100.0
KX871285,2445,891,3336,NC_001612,False,Picornaviridae Enterovirus A,95.959595,CV-A16,100.0,CV-A16,100.0,B1a,83.0
KX871286,2445,891,3336,NC_001612,False,Picornaviridae Enterovirus A,98.428734,CV-A16,100.0,CV-A16,100.0,B1b,99.0
KX871287,2445,891,3336,NC_001612,False,Picornaviridae Enterovirus A,98.54097,CV-A16,100.0,CV-A16,100.0,B1b,97.0
KX871288,2445,891,3336,NC_001612,False,Picornaviridae Enterovirus A,98.54097,CV-A16,100.0,CV-A16,100.0,B1b,99.0
KX871289,2445,891,3336,NC_001612,False,Picornaviridae Enterovirus A,98.54097,CV-A16,100.0,CV-A16,100.0,B1b,100.0
KX871290,2445,891,3336,NC_001612,False,Picornaviridae Enterovirus A,98.54097,CV-A16,100.0,CV-A16,100.0,B1b,99.0
KX871291,2445,891,3336,NC_001612,False,Picornaviridae Enterovirus A,98.428734,CV-A16,100.0,CV-A16,100.0,B1b,100.0
KX871292,2445,891,3336,NC_001612,False,Picornaviridae Enterovirus A,98.87767,CV-A16,100.0,CV-A16,100.0,B1b,100.0
KX871293,2445,891,3336,NC_001612,False,Picornaviridae Enterovirus A,98.9899,CV-A16,100.0,CV-A16,100.0,B1b,100.0
KX871294,2445,891,3336,NC_001612,False,Picornaviridae Enterovirus A,97.41863,CV-A16,100.0,CV-A16,100.0,B1a,84.0
KX871295,2445,891,3336,NC_001612,False,Picornaviridae Enterovirus A,99.21436,CV-A16,100.0,CV-A16,100.0,B1b,98.0
KX871296,2445,891,3336,NC_001612,False,Picornaviridae Enterovirus A,99.21436,CV-A16,100.0,CV-A16,100.0,B1b,98.0
KX871297,2445,891,3336,NC_001612,False,Picornaviridae Enterovirus A,99.21436,CV-A16,100.0,CV-A16,100.0,B1b,97.0
KX871298,2445,891,3336,NC_001612,False,Picornaviridae Enterovirus A,99.102135,CV-A16,100.0,CV-A16,100.0,B1b,100.0
KX871299,2445,891,3336,NC_001612,False,Picornaviridae Enterovirus A,98.87767,CV-A16,100.0,CV-A16,100.0,B1b,99.0
KX871300,2445,891,3336,NC_001612,False,Picornaviridae Enterovirus A,98.09203,CV-A16,100.0,CV-A16,100.0,B1b,99.0
KX871301,2445,891,3336,NC_001612,False,Picornaviridae Enterovirus A,97.86757,CV-A16,100.0,CV-A16,100.0,B1b,97.0
KX871302,2445,891,3336,NC_001612,False,Picornaviridae Enterovirus A,98.54097,CV-A16,100.0,CV-A16,100.0,B1b,98.0
KX871303,2445,891,3336,NC_001612,False,Picornaviridae Enterovirus A,98.54097,CV-A16,100.0,CV-A16,100.0,B1b,100.0
KX871304,2445,891,3336,NC_001612,False,Picornaviridae Enterovirus A,98.765434,CV-A16,100.0,CV-A16,100.0,B1b,100.0
KX871305,2445,891,3336,NC_001612,False,Picornaviridae Enterovirus A,98.20427,CV-A16,100.0,CV-A16,100.0,B1b,97.0
KX871306,2445,891,3336,NC_001612,False,Picornaviridae Enterovirus A,96.18407,CV-A16,100.0,CV-A16,100.0,B1a,83.0
KX871307,2445,891,3336,NC_001612,False,Picornaviridae Enterovirus A,98.3165,CV-A16,100.0,CV-A16,100.0,B1b,99.0
KX871309,2445,891,3336,NC_001612,False,Picornaviridae Enterovirus A,98.428734,CV-A16,100.0,CV-A16,100.0,B1b,99.0
KX871310,2445,891,3336,NC_001612,False,Picornaviridae Enterovirus A,98.428734,CV-A16,100.0,CV-A16,100.0,B1b,99.0
KX871311,2445,891,3336,NC_001612,False,Picornaviridae Enterovirus A,98.9899,CV-A16,100.0,CV-A16,100.0,B1b,99.0
KX871312,2445,891,3336,NC_001612,False,Picornaviridae Enterovirus A,98.87767,CV-A16,100.0,CV-A16,100.0,B1b,99.0
KX871313,2445,891,3336,NC_001612,False,Picornaviridae Enterovirus A,98.09203,CV-A16,100.0,CV-A16,100.0,B1b,100.0
KX871314,2445,891,3336,NC_001612,False,Picornaviridae Enterovirus A,98.54097,CV-A16,100.0,CV-A16,100.0,B1b,100.0
KX871315,2445,891,3336,NC_001612,False,Picornaviridae Enterovirus A,97.86757,CV-A16,100.0,CV-A16,100.0,B1b,97.0
KX871316,2445,891,3336,NC_001612,False,Picornaviridae Enterovirus A,98.6532,CV-A16,100.0,CV-A16,100.0,B1a,84.0
KX871317,2445,891,3336,NC_001612,False,Picornaviridae Enterovirus A,98.3165,CV-A16,100.0,CV-A16,100.0,B1b,100.0
KX871318,2445,891,3336,NC_001612,False,Picornaviridae Enterovirus A,98.765434,CV-A16,100.0,CV-A16,100.0,B1b,98.0
KX871319,2445,891,3336,NC_001612,False,Picornaviridae Enterovirus A,98.54097,CV-A16,100.0,CV-A16,100.0,B1b,98.0
KX871321,2445,891,3336,NC_001612,False,Picornaviridae Enterovirus A,98.428734,CV-A16,100.0,CV-A16,100.0,B1b,95.0
KX871322,2445,891,3336,NC_001612,False,Picornaviridae Enterovirus A,97.86757,CV-A16,100.0,CV-A16,100.0,B1b,99.0
KX871323,2445,891,3336,NC_001612,False,Picornaviridae Enterovirus A,98.87767,CV-A16,100.0,CV-A16,100.0,B1b,100.0
KX871324,2445,891,3336,NC_001612,False,Picornaviridae Enterovirus A,98.6532,CV-A16,100.0,CV-A16,100.0,B1b,98.0
KX871325,2445,891,3336,NC_001612,False,Picornaviridae Enterovirus A,98.6532,CV-A16,100.0,CV-A16,100.0,B1b,98.0
KX871326,2445,891,3336,NC_001612,False,Picornaviridae Enterovirus A,97.75533,CV-A16,100.0,CV-A16,100.0,B1b,98.0
KX871327,2445,891,3336,NC_001612,False,Picornaviridae Enterovirus A,96.07183,CV-A16,100.0,CV-A16,100.0,B1a,80.0
KX871329,2445,891,3336,NC_001612,False,Picornaviridae Enterovirus A,97.75533,CV-A16,100.0,CV-A16,100.0,B1b,99.0
KX871330,2445,891,3336,NC_001612,False,Picornaviridae Enterovirus A,98.54097,CV-A16,100.0,CV-A16,100.0,B1b,98.0
KX871331,2445,891,3336,NC_001612,False,Picornaviridae Enterovirus A,98.3165,CV-A16,100.0,CV-A16,100.0,B1b,99.0
KX871332,2445,891,3336,NC_001612,False,Picornaviridae Enterovirus A,96.52077,CV-A16,100.0,CV-A16,100.0,B1a,90.0
KX871333,2445,891,3336,NC_001612,False,Picornaviridae Enterovirus A,98.765434,CV-A16,100.0,CV-A16,100.0,B1b,99.0
KX871334,2445,891,3336,NC_001612,False,Picornaviridae Enterovirus A,98.428734,CV-A16,100.0,CV-A16,100.0,B1b,98.0
KX871335,2445,891,3336,NC_001612,False,Picornaviridae Enterovirus A,98.428734,CV-A16,100.0,CV-A16,100.0,B1b,99.0
KX871337,2445,891,3336,NC_001612,False,Picornaviridae Enterovirus A,98.3165,CV-A16,100.0,CV-A16,100.0,B1b,100.0
KX871338,2445,891,3336,NC_001612,False,Picornaviridae Enterovirus A,98.09203,CV-A16,100.0,CV-A16,100.0,B1b,98.0
KX871340,2445,891,3336,NC_001612,False,Picornaviridae Enterovirus A,98.09203,CV-A16,100.0,CV-A16,100.0,B1b,99.0
KX871341,2445,891,3336,NC_001612,False,Picornaviridae Enterovirus A,98.765434,CV-A16,100.0,CV-A16,100.0,B1b,100.0
KX871342,2445,891,3336,NC_001612,False,Picornaviridae Enterovirus A,97.75533,CV-A16,100.0,CV-A16,100.0,B1b,94.0
KX871343,2445,891,3336,NC_001612,False,Picornaviridae Enterovirus A,98.6532,CV-A16,100.0,CV-A16,100.0,B1b,99.0
KX871344,2445,891,3336,NC_001612,False,Picornaviridae Enterovirus A,98.428734,CV-A16,100.0,CV-A16,100.0,B1b,97.0
KX871346,2445,891,3336,NC_001612,False,Picornaviridae Enterovirus A,98.428734,CV-A16,100.0,CV-A16,100.0,B1b,99.0
KX871347,2445,891,3336,NC_001612,False,Picornaviridae Enterovirus A,97.86757,CV-A16,100.0,CV-A16,100.0,B1b,96.0
KX871348,2445,891,3336,NC_001612,False,Picornaviridae Enterovirus A,96.07183,CV-A16,100.0,CV-A16,100.0,B1a,87.0
KX871350,2445,891,3336,NC_001612,False,Picornaviridae Enterovirus A,97.53087,CV-A16,100.0,CV-A16,100.0,B1b,98.0
KX871351,2445,891,3336,NC_001612,False,Picornaviridae Enterovirus A,95.17396,CV-A16,100.0,CV-A16,100.0,B1a,88.0
KX871352,2445,891,3336,NC_001612,False,Picornaviridae Enterovirus A,98.765434,CV-A16,100.0,CV-A16,100.0,B1b,99.0
KX871353,2445,891,3336,NC_001612,False,Picornaviridae Enterovirus A,98.09203,CV-A16,100.0,CV-A16,100.0,B1b,99.0
KX871354,2445,891,3336,NC_001612,False,Picornaviridae Enterovirus A,95.73513,CV-A16,100.0,CV-A16,100.0,B1b,86.0
KX871356,2445,891,3336,NC_001612,False,Picornaviridae Enterovirus A,98.09203,CV-A16,100.0,CV-A16,100.0,B1b,100.0
KX871357,2445,891,3336,NC_001612,False,Picornaviridae Enterovirus A,98.09203,CV-A16,100.0,CV-A16,100.0,B1b,100.0
KX871358,2445,891,3336,NC_001612,False,Picornaviridae Enterovirus A,97.3064,CV-A16,100.0,CV-A16,100.0,B1b,99.0
KX871359,2445,891,3336,NC_001612,False,Picornaviridae Enterovirus A,98.87767,CV-A16,100.0,CV-A16,100.0,B1b,99.0
KX871360,2445,891,3336,NC_001612,False,Picornaviridae Enterovirus A,98.09203,CV-A16,100.0,CV-A16,100.0,B1b,98.0
KX871361,2445,891,3336,NC_001612,False,Picornaviridae Enterovirus A,98.87767,CV-A16,100.0,CV-A16,100.0,B1b,100.0
KX871362,2445,891,3336,NC_001612,False,Picornaviridae Enterovirus A,98.09203,CV-A16,100.0,CV-A16,100.0,B1b,99.0
KX871363,2445,891,3336,NC_001612,False,Picornaviridae Enterovirus A,98.54097,CV-A16,100.0,CV-A16,100.0,B1b,99.0
KX871364,2445,891,3336,NC_001612,False,Picornaviridae Enterovirus A,97.86757,CV-A16,100.0,CV-A16,100.0,B1b,100.0
KX871366,2445,891,3336,NC_001612,False,Picornaviridae Enterovirus A,98.3165,CV-A16,100.0,CV-A16,100.0,B1b,98.0
KX871367,2445,891,3336,NC_001612,False,Picornaviridae Enterovirus A,98.765434,CV-A16,100.0,CV-A16,100.0,B1b,99.0
KX871368,2445,891,3336,NC_001612,False,Picornaviridae Enterovirus A,98.54097,CV-A16,100.0,CV-A16,100.0,B1b,97.0
KX871370,2445,891,3336,NC_001612,False,Picornaviridae Enterovirus A,98.428734,CV-A16,100.0,CV-A16,100.0,B1b,99.0
KX871371,2445,891,3336,NC_001612,False,Picornaviridae Enterovirus A,98.428734,CV-A16,100.0,CV-A16,100.0,B1b,97.0
KX871372,2445,891,3336,NC_001612,False,Picornaviridae Enterovirus A,97.53087,CV-A16,100.0,CV-A16,100.0,B1b,98.0
KX871373,2445,891,3336,NC_001612,False,Picornaviridae Enterovirus A,98.765434,CV-A16,100.0,CV-A16,100.0,B1b,97.0
KX871374,2445,891,3336,NC_001612,False,Picornaviridae Enterovirus A,96.404495,CV-A16,100.0,CV-A16,100.0,B1a,80.0
KX871375,2445,891,3336,NC_001612,False,Picornaviridae Enterovirus A,98.6532,CV-A16,100.0,CV-A16,100.0,B1b,100.0
KX871376,2445,891,3336,NC_001612,False,Picornaviridae Enterovirus A,92.90541,CV-A16,100.0,CV-A16,100.0,B1c,92.0
KX871377,2445,891,3336,NC_001612,False,Picornaviridae Enterovirus A,98.20427,CV-A16,100.0,CV-A16,100.0,B1b,100.0
KX871378,2445,891,3336,NC_001612,False,Picornaviridae Enterovirus A,97.08193,CV-A16,100.0,CV-A16,100.0,B1b,98.0
KX871379,2445,891,3336,NC_001612,False,Picornaviridae Enterovirus A,96.969696,CV-A16,100.0,CV-A16,100.0,B1b,97.0
KX871380,2445,891,3336,NC_001612,False,Picornaviridae Enterovirus A,97.9798,CV-A16,100.0,CV-A16,100.0,B1b,98.0
KX871381,2445,891,3336,NC_001612,False,Picornaviridae Enterovirus A,96.85747,CV-A16,100.0,CV-A16,100.0,B1b,98.0
KX871382,2445,891,3336,NC_001612,False,Picornaviridae Enterovirus A,98.54097,CV-A16,100.0,CV-A16,100.0,B1b,97.0
KX871383,2445,891,3336,NC_001612,False,Picornaviridae Enterovirus A,97.3064,CV-A16,100.0,CV-A16,100.0,B1b,95.0
KX871384,2445,891,3336,NC_001612,False,Picornaviridae Enterovirus A,97.6431,CV-A16,100.0,CV-A16,100.0,B1b,97.0
KX871385,2445,891,3336,NC_001612,False,Picornaviridae Enterovirus A,97.53087,CV-A16,100.0,CV-A16,100.0,B1a,84.0
KX871386,2445,891,3336,NC_001612,False,Picornaviridae Enterovirus A,96.40853,CV-A16,100.0,CV-A16,100.0,B1a,84.0
KX871387,2445,891,3336,NC_001612,False,Picornaviridae Enterovirus A,98.54097,CV-A16,100.0,CV-A16,100.0,B1b,100.0
KX871388,2445,891,3336,NC_001612,False,Picornaviridae Enterovirus A,98.54097,CV-A16,100.0,CV-A16,100.0,B1b,100.0
KX871389,2445,891,3336,NC_001612,False,Picornaviridae Enterovirus A,96.07183,CV-A16,100.0,CV-A16,100.0,B1a,86.0
KX871390,2445,891,3336,NC_001612,False,Picornaviridae Enterovirus A,98.3165,CV-A16,100.0,CV-A16,100.0,B1b,99.0
KX871391,2445,891,3336,NC_001612,False,Picornaviridae Enterovirus A,97.53087,CV-A16,100.0,CV-A16,100.0,B1b,99.0
KX871392,2445,891,3336,NC_001612,False,Picornaviridae Enterovirus A,97.53087,CV-A16,100.0,CV-A16,100.0,B1b,97.0
KX871393,2445,891,3336,NC_001612,False,Picornaviridae Enterovirus A,97.53087,CV-A16,100.0,CV-A16,100.0,B1b,100.0
KX871394,2445,891,3336,NC_001612,False,Picornaviridae Enterovirus A,98.09203,CV-A16,100.0,CV-A16,100.0,B1b,98.0
KX871395,2445,891,3336,NC_001612,False,Picornaviridae Enterovirus A,97.75533,CV-A16,100.0,CV-A16,100.0,B1b,99.0
KX871396,2445,891,3336,NC_001612,False,Picornaviridae Enterovirus A,97.86757,CV-A16,100.0,CV-A16,100.0,B1b,98.0
KX871397,2445,891,3336,NC_001612,False,Picornaviridae Enterovirus A,97.6431,CV-A16,100.0,CV-A16,100.0,B1a,81.0
KX871398,2445,891,3336,NC_001612,False,Picornaviridae Enterovirus A,97.6431,CV-A16,100.0,CV-A16,100.0,B1a,80.0
KX871399,2445,891,3336,NC_001612,False,Picornaviridae Enterovirus A,97.75533,CV-A16,100.0,CV-A16,100.0,B1b,98.0
KX871400,2445,891,3336,NC_001612,False,Picornaviridae Enterovirus A,98.6532,CV-A16,100.0,CV-A16,100.0,B1b,97.0
KX871401,2445,891,3336,NC_001612,False,Picornaviridae Enterovirus A,97.75533,CV-A16,100.0,CV-A16,100.0,B1b,99.0
KX871404,2445,891,3336,NC_001612,False,Picornaviridae Enterovirus A,98.54097,CV-A16,100.0,CV-A16,100.0,B1b,97.0
KX871405,2445,891,3336,NC_001612,False,Picornaviridae Enterovirus A,97.86757,CV-A16,100.0,CV-A16,100.0,B1b,97.0
KX871406,2445,891,3336,NC_001612,False,Picornaviridae Enterovirus A,98.54097,CV-A16,100.0,CV-A16,100.0,B1b,98.0
KX871407,2445,891,3336,NC_001612,False,Picornaviridae Enterovirus A,98.54097,CV-A16,100.0,CV-A16,100.0,B1b,99.0
KX871408,2445,891,3336,NC_001612,False,Picornaviridae Enterovirus A,98.54097,CV-A16,100.0,CV-A16,100.0,B1b,99.0
KX871409,2445,891,3336,NC_001612,False,Picornaviridae Enterovirus A,97.41863,CV-A16,100.0,CV-A16,100.0,B1b,96.0
KX871410,2445,891,3336,NC_001612,False,Picornaviridae Enterovirus A,97.41863,CV-A16,100.0,CV-A16,100.0,B1b,96.0
KX871411,2445,891,3336,NC_001612,False,Picornaviridae Enterovirus A,97.75533,CV-A16,100.0,CV-A16,100.0,B1b,96.0
KX871412,2445,891,3336,NC_001612,False,Picornaviridae Enterovirus A,97.75533,CV-A16,100.0,CV-A16,100.0,B1b,99.0
KX871413,2445,891,3336,NC_001612,False,Picornaviridae Enterovirus A,97.53087,CV-A16,100.0,CV-A16,100.0,B1b,94.0
KX871414,2445,891,3336,NC_001612,False,Picornaviridae Enterovirus A,97.41863,CV-A16,100.0,CV-A16,100.0,B1b,98.0
KX871415,2445,891,3336,NC_001612,False,Picornaviridae Enterovirus A,97.3064,CV-A16,100.0,CV-A16,100.0,B1b,98.0
KX871416,2445,891,3336,NC_001612,False,Picornaviridae Enterovirus A,96.74523,CV-A16,100.0,CV-A16,100.0,B1b,98.0
KX871417,2445,891,3336,NC_001612,False,Picornaviridae Enterovirus A,97.53087,CV-A16,100.0,CV-A16,100.0,B1b,99.0
KX871418,2445,891,3336,NC_001612,False,Picornaviridae Enterovirus A,97.53087,CV-A16,100.0,CV-A16,100.0,B1b,98.0
KX871419,2445,891,3336,NC_001612,False,Picornaviridae Enterovirus A,98.428734,CV-A16,100.0,CV-A16,100.0,B1b,100.0
KX871420,2445,891,3336,NC_001612,False,Picornaviridae Enterovirus A,97.08193,CV-A16,100.0,CV-A16,100.0,B1b,99.0
KX871421,2445,891,3336,NC_001612,False,Picornaviridae Enterovirus A,97.53087,CV-A16,100.0,CV-A16,100.0,B1a,85.0
KX871422,2445,891,3336,NC_001612,False,Picornaviridae Enterovirus A,98.09203,CV-A16,100.0,CV-A16,100.0,B1b,96.0
KX871423,2445,891,3336,NC_001612,False,Picornaviridae Enterovirus A,97.08193,CV-A16,100.0,CV-A16,100.0,B1b,98.0
KX871424,2445,891,3336,NC_001612,False,Picornaviridae Enterovirus A,97.75533,CV-A16,100.0,CV-A16,100.0,B1b,99.0
KX871425,2445,891,3336,NC_001612,False,Picornaviridae Enterovirus A,97.6431,CV-A16,100.0,CV-A16,100.0,B1a,81.0
KX871426,2445,891,3336,NC_001612,False,Picornaviridae Enterovirus A,97.6431,CV-A16,100.0,CV-A16,100.0,B1b,99.0
KX871427,2445,891,3336,NC_001612,False,Picornaviridae Enterovirus A,98.87767,CV-A16,100.0,CV-A16,100.0,B1b,97.0
KX871428,2445,891,3336,NC_001612,False,Picornaviridae Enterovirus A,98.87767,CV-A16,100.0,CV-A16,100.0,B1b,97.0
KX871429,2445,891,3336,NC_001612,False,Picornaviridae Enterovirus A,98.87767,CV-A16,100.0,CV-A16,100.0,B1b,98.0
KX871430,2445,891,3336,NC_001612,False,Picornaviridae Enterovirus A,98.87767,CV-A16,100.0,CV-A16,100.0,B1b,99.0
KX871431,2445,891,3336,NC_001612,False,Picornaviridae Enterovirus A,96.52077,CV-A16,100.0,CV-A16,100.0,B1a,81.0
KX871432,2445,891,3336,NC_001612,False,Picornaviridae Enterovirus A,97.08193,CV-A16,100.0,CV-A16,100.0,B1b,97.0
KX871435,2445,891,3336,NC_001612,False,Picornaviridae Enterovirus A,97.41863,CV-A16,100.0,CV-A16,100.0,B1b,97.0
KX871436,2445,891,3336,NC_001612,False,Picornaviridae Enterovirus A,97.6431,CV-A16,100.0,CV-A16,100.0,B1b,97.0
KX871437,2445,891,3336,NC_001612,False,Picornaviridae Enterovirus A,97.75533,CV-A16,100.0,CV-A16,100.0,B1b,99.0
KX871438,2445,891,3336,NC_001612,False,Picornaviridae Enterovirus A,96.52077,CV-A16,100.0,CV-A16,100.0,B1b,98.0
KX871439,2445,891,3336,NC_001612,False,Picornaviridae Enterovirus A,98.65168,CV-A16,100.0,CV-A16,100.0,B1b,98.0
KX871440,2445,891,3336,NC_001612,False,Picornaviridae Enterovirus A,98.65168,CV-A16,100.0,CV-A16,100.0,B1b,99.0
KX871441,2445,891,3336,NC_001612,False,Picornaviridae Enterovirus A,97.53087,CV-A16,100.0,CV-A16,100.0,B1b,100.0
KX871442,2445,891,3336,NC_001612,False,Picornaviridae Enterovirus A,98.09203,CV-A16,100.0,CV-A16,100.0,B1b,98.0
KX871443,2445,891,3336,NC_001612,False,Picornaviridae Enterovirus A,96.85747,CV-A16,100.0,CV-A16,100.0,B1b,99.0
KX871444,2445,891,3336,NC_001612,False,Picornaviridae Enterovirus A,98.65168,CV-A16,100.0,CV-A16,100.0,B1b,98.0
KX871445,2445,891,3336,NC_001612,False,Picornaviridae Enterovirus A,98.65168,CV-A16,100.0,CV-A16,100.0,B1b,100.0
KX871446,2445,891,3336,NC_001612,False,Picornaviridae Enterovirus A,98.20225,CV-A16,100.0,CV-A16,100.0,B1b,99.0
KX871448,2445,891,3336,NC_001612,False,Picornaviridae Enterovirus A,97.19417,CV-A16,100.0,CV-A16,100.0,B1b,98.0
KX871449,2445,891,3336,NC_001612,False,Picornaviridae Enterovirus A,96.969696,CV-A16,100.0,CV-A16,100.0,B1b,97.0
KX871450,2445,891,3336,NC_001612,False,Picornaviridae Enterovirus A,98.20427,CV-A16,100.0,CV-A16,100.0,B1b,95.0
KX871452,2445,891,3336,NC_001612,False,Picornaviridae Enterovirus A,97.08193,CV-A16,100.0,CV-A16,100.0,B1b,98.0
KX871453,2445,891,3336,NC_001612,False,Picornaviridae Enterovirus A,97.53087,CV-A16,100.0,CV-A16,100.0,B1b,99.0
KX871454,2445,891,3336,NC_001612,False,Picornaviridae Enterovirus A,97.53087,CV-A16,100.0,CV-A16,100.0,B1b,97.0
KX871455,2445,891,3336,NC_001612,False,Picornaviridae Enterovirus A,98.54097,CV-A16,100.0,CV-A16,100.0,B1b,99.0
KX871456,2445,891,3336,NC_001612,False,Picornaviridae Enterovirus A,97.41863,CV-A16,100.0,CV-A16,100.0,B1b,99.0
KX871457,2445,891,3336,NC_001612,False,Picornaviridae Enterovirus A,98.20427,CV-A16,100.0,CV-A16,100.0,B1b,99.0
KX871458,2445,891,3336,NC_001612,False,Picornaviridae Enterovirus A,98.09203,CV-A16,100.0,CV-A16,100.0,B1b,98.0
KX871459,2445,891,3336,NC_001612,False,Picornaviridae Enterovirus A,97.3064,CV-A16,100.0,CV-A16,100.0,B1b,99.0
KX871460,2445,891,3336,NC_001612,False,Picornaviridae Enterovirus A,98.09203,CV-A16,100.0,CV-A16,100.0,B1b,96.0
KX871461,2445,891,3336,NC_001612,False,Picornaviridae Enterovirus A,97.41863,CV-A16,100.0,CV-A16,100.0,B1b,98.0
KX871462,2445,891,3336,NC_001612,False,Picornaviridae Enterovirus A,97.41863,CV-A16,100.0,CV-A16,100.0,B1b,97.0
KX871463,2445,891,3336,NC_001612,False,Picornaviridae Enterovirus A,96.85747,CV-A16,100.0,CV-A16,100.0,B1b,98.0
KX871464,2445,891,3336,NC_001612,False,Picornaviridae Enterovirus A,98.09203,CV-A16,100.0,CV-A16,100.0,B1b,98.0
KX871465,2445,891,3336,NC_001612,False,Picornaviridae Enterovirus A,96.85747,CV-A16,100.0,CV-A16,100.0,B1b,97.0
KX871466,2445,891,3336,NC_001612,False,Picornaviridae Enterovirus A,97.53087,CV-A16,100.0,CV-A16,100.0,B1b,99.0
KX871467,2445,891,3336,NC_001612,False,Picornaviridae Enterovirus A,97.19417,CV-A16,100.0,CV-A16,100.0,B1b,99.0
KX871468,2445,891,3336,NC_001612,False,Picornaviridae Enterovirus A,96.85747,CV-A16,100.0,CV-A16,100.0,B1b,98.0
KX871469,2445,891,3336,NC_001612,False,Picornaviridae Enterovirus A,97.53087,CV-A16,100.0,CV-A16,100.0,B1b,96.0
KX871470,2445,891,3336,NC_001612,False,Picornaviridae Enterovirus A,98.09203,CV-A16,100.0,CV-A16,100.0,B1b,95.0
KX871471,2445,891,3336,NC_001612,False,Picornaviridae Enterovirus A,97.53087,CV-A16,100.0,CV-A16,100.0,B1b,96.0
KX871472,2445,891,3336,NC_001612,False,Picornaviridae Enterovirus A,97.19417,CV-A16,100.0,CV-A16,100.0,B1b,100.0
KX871473,2445,891,3336,NC_001612,False,Picornaviridae Enterovirus A,96.52077,CV-A16,100.0,CV-A16,100.0,B1b,100.0
KX871474,2445,891,3336,NC_001612,False,Picornaviridae Enterovirus A,97.6431,CV-A16,100.0,CV-A16,100.0,B1b,99.0
KX871475,2445,891,3336,NC_001612,False,Picornaviridae Enterovirus A,96.85747,CV-A16,100.0,CV-A16,100.0,B1b,99.0
KX871476,2445,891,3336,NC_001612,False,Picornaviridae Enterovirus A,97.08193,CV-A16,100.0,CV-A16,100.0,B1b,97.0
KX871478,2445,891,3336,NC_001612,False,Picornaviridae Enterovirus A,97.6431,CV-A16,100.0,CV-A16,100.0,B1a,88.0
KX871479,2445,891,3336,NC_001612,False,Picornaviridae Enterovirus A,97.6431,CV-A16,100.0,CV-A16,100.0,B1a,89.0
KX982672,2445,487,2932,NC_001612,False,Picornaviridae Enterovirus A,98.56263,CV-A16,100.0,CV-A16,100.0,B1b,89.0
KY014077,96,7359,7457,NC_001612,False,Picornaviridae Enterovirus A,97.28804,CV-A16,100.0,CV-A16,100.0,B1b,99.0
KY081983,2445,891,3336,NC_001612,False,Picornaviridae Enterovirus A,98.09203,CV-A16,100.0,CV-A16,100.0,B1a,82.0
KY081984,2445,891,3336,NC_001612,False,Picornaviridae Enterovirus A,97.86757,CV-A16,100.0,CV-A16,100.0,B1a,87.0
KY081985,2445,891,3336,NC_001612,False,Picornaviridae Enterovirus A,98.20427,CV-A16,100.0,CV-A16,100.0,B1a,86.0
KY081986,2445,891,3336,NC_001612,False,Picornaviridae Enterovirus A,97.9798,CV-A16,100.0,CV-A16,100.0,B1a,88.0
KY081987,2445,891,3336,NC_001612,False,Picornaviridae Enterovirus A,97.75533,CV-A16,100.0,CV-A16,100.0,B1a,86.0
KY081988,2445,891,3336,NC_001612,False,Picornaviridae Enterovirus A,97.75533,CV-A16,100.0,CV-A16,100.0,B1a,85.0
KY081989,2445,891,3336,NC_001612,False,Picornaviridae Enterovirus A,97.6431,CV-A16,100.0,CV-A16,100.0,B1a,85.0
KY081990,2445,891,3336,NC_001612,False,Picornaviridae Enterovirus A,97.6431,CV-A16,100.0,CV-A16,100.0,B1a,86.0
KY081991,2445,891,3336,NC_001612,False,Picornaviridae Enterovirus A,98.3165,CV-A16,100.0,CV-A16,100.0,B1b,99.0
KY081992,2445,891,3336,NC_001612,False,Picornaviridae Enterovirus A,98.54097,CV-A16,100.0,CV-A16,100.0,B1b,97.0
KY081993,2445,891,3336,NC_001612,False,Picornaviridae Enterovirus A,96.40853,CV-A16,100.0,CV-A16,100.0,B1b,96.0
KY081994,2445,891,3336,NC_001612,False,Picornaviridae Enterovirus A,97.86757,CV-A16,100.0,CV-A16,100.0,B1b,98.0
KY081995,2445,891,3336,NC_001612,False,Picornaviridae Enterovirus A,96.18407,CV-A16,100.0,CV-A16,100.0,B1b,97.0
KY081996,2445,891,3336,NC_001612,False,Picornaviridae Enterovirus A,97.86517,CV-A16,100.0,CV-A16,100.0,B1b,97.0
KY081997,2445,891,3336,NC_001612,False,Picornaviridae Enterovirus A,96.07183,CV-A16,100.0,CV-A16,100.0,B1b,96.0
KY081998,2445,891,3336,NC_001612,False,Picornaviridae Enterovirus A,99.3266,CV-A16,100.0,CV-A16,100.0,B1b,98.0
KY081999,2445,891,3336,NC_001612,False,Picornaviridae Enterovirus A,98.6532,CV-A16,100.0,CV-A16,100.0,B1b,96.0
KY082000,2445,891,3336,NC_001612,False,Picornaviridae Enterovirus A,98.6532,CV-A16,100.0,CV-A16,100.0,B1b,98.0
KY082001,2445,891,3336,NC_001612,False,Picornaviridae Enterovirus A,97.415726,CV-A16,100.0,CV-A16,100.0,B1b,99.0
KY082002,2445,891,3336,NC_001612,False,Picornaviridae Enterovirus A,95.959595,CV-A16,100.0,CV-A16,100.0,B1b,91.0
KY088084,0,7411,7414,NC_001612,False,Picornaviridae Enterovirus A,98.39406,CV-A16,100.0,CV-A16,100.0,B1b,99.0
KY100905,2445,891,3336,NC_001612,False,Picornaviridae Enterovirus A,97.53087,CV-A16,100.0,CV-A16,100.0,B1b,98.0
KY100906,2445,891,3336,NC_001612,False,Picornaviridae Enterovirus A,97.75533,CV-A16,100.0,CV-A16,100.0,B1b,97.0
KY100907,2445,891,3336,NC_001612,False,Picornaviridae Enterovirus A,97.75533,CV-A16,100.0,CV-A16,100.0,B1b,100.0
KY100908,2445,891,3336,NC_001612,False,Picornaviridae Enterovirus A,98.87767,CV-A16,100.0,CV-A16,100.0,B1b,99.0
KY100909,2445,891,3336,NC_001612,False,Picornaviridae Enterovirus A,98.09203,CV-A16,100.0,CV-A16,100.0,B1b,99.0
KY100910,2445,891,3336,NC_001612,False,Picornaviridae Enterovirus A,97.53087,CV-A16,100.0,CV-A16,100.0,B1b,99.0
KY100911,2445,891,3336,NC_001612,False,Picornaviridae Enterovirus A,97.9798,CV-A16,100.0,CV-A16,100.0,B1b,99.0
KY100912,2445,891,3336,NC_001612,False,Picornaviridae Enterovirus A,97.9798,CV-A16,100.0,CV-A16,100.0,B1b,98.0
KY100913,2445,891,3336,NC_001612,False,Picornaviridae Enterovirus A,98.765434,CV-A16,100.0,CV-A16,100.0,B1b,100.0
KY100914,2445,891,3336,NC_001612,False,Picornaviridae Enterovirus A,98.765434,CV-A16,100.0,CV-A16,100.0,B1b,98.0
KY100915,2445,891,3336,NC_001612,False,Picornaviridae Enterovirus A,98.09203,CV-A16,100.0,CV-A16,100.0,B1b,98.0
KY100916,2445,891,3336,NC_001612,False,Picornaviridae Enterovirus A,98.09203,CV-A16,100.0,CV-A16,100.0,B1b,100.0
KY100917,2445,891,3336,NC_001612,False,Picornaviridae Enterovirus A,98.09203,CV-A16,100.0,CV-A16,100.0,B1b,99.0
KY100918,2445,891,3336,NC_001612,False,Picornaviridae Enterovirus A,97.9798,CV-A16,100.0,CV-A16,100.0,B1b,96.0
KY100919,2445,891,3336,NC_001612,False,Picornaviridae Enterovirus A,98.09203,CV-A16,100.0,CV-A16,100.0,B1b,97.0
KY100920,2445,891,3336,NC_001612,False,Picornaviridae Enterovirus A,98.09203,CV-A16,100.0,CV-A16,100.0,B1b,98.0
KY100921,2445,891,3336,NC_001612,False,Picornaviridae Enterovirus A,97.9798,CV-A16,100.0,CV-A16,100.0,B1b,98.0
KY100922,2445,891,3336,NC_001612,False,Picornaviridae Enterovirus A,97.6431,CV-A16,100.0,CV-A16,100.0,B1b,97.0
KY100923,2445,891,3336,NC_001612,False,Picornaviridae Enterovirus A,95.73513,CV-A16,100.0,CV-A16,100.0,B1b,88.0
KY100924,2445,891,3336,NC_001612,False,Picornaviridae Enterovirus A,95.73513,CV-A16,100.0,CV-A16,100.0,B1b,84.0
KY100925,2445,891,3336,NC_001612,False,Picornaviridae Enterovirus A,97.07865,CV-A16,100.0,CV-A16,100.0,B1b,99.0
KY100926,2445,891,3336,NC_001612,False,Picornaviridae Enterovirus A,95.73513,CV-A16,100.0,CV-A16,100.0,B1b,83.0
KY100927,2445,891,3336,NC_001612,False,Picornaviridae Enterovirus A,96.17978,CV-A16,100.0,CV-A16,100.0,B1b,100.0
KY100928,2445,891,3336,NC_001612,False,Picornaviridae Enterovirus A,98.428734,CV-A16,100.0,CV-A16,100.0,B1b,92.0
KY100929,2445,891,3336,NC_001612,False,Picornaviridae Enterovirus A,98.54097,CV-A16,100.0,CV-A16,100.0,B1b,100.0
KY100930,2445,891,3336,NC_001612,False,Picornaviridae Enterovirus A,97.6431,CV-A16,100.0,CV-A16,100.0,B1b,100.0
KY100931,2445,891,3336,NC_001612,False,Picornaviridae Enterovirus A,98.3165,CV-A16,100.0,CV-A16,100.0,B1b,98.0
KY425528,0,7412,7414,NC_001612,False,Picornaviridae Enterovirus A,98.002426,CV-A16,100.0,CV-A16,100.0,B1b,98.0
KY425529,0,7410,7414,NC_001612,False,Picornaviridae Enterovirus A,98.0694,CV-A16,100.0,CV-A16,100.0,B1b,100.0
KY425530,0,7412,7414,NC_001612,False,Picornaviridae Enterovirus A,98.04292,CV-A16,100.0,CV-A16,100.0,B1b,97.0
KY425531,0,7410,7414,NC_001612,False,Picornaviridae Enterovirus A,98.00189,CV-A16,100.0,CV-A16,100.0,B1b,99.0
KY425532,0,7409,7413,NC_001612,False,Picornaviridae Enterovirus A,98.71777,CV-A16,100.0,CV-A16,100.0,B1a,86.0
KY425533,0,7410,7414,NC_001612,False,Picornaviridae Enterovirus A,98.05589,CV-A16,100.0,CV-A16,100.0,B1b,98.0
KY425534,0,7410,7414,NC_001612,False,Picornaviridae Enterovirus A,98.0964,CV-A16,100.0,CV-A16,100.0,B1b,100.0
KY425535,0,7398,7402,NC_001612,False,Picornaviridae Enterovirus A,98.12111,CV-A16,100.0,CV-A16,100.0,B1b,98.0
KY425537,0,7410,7414,NC_001612,False,Picornaviridae Enterovirus A,97.48954,CV-A16,100.0,CV-A16,100.0,B1a,87.0
KY425538,0,7410,7414,NC_001612,False,Picornaviridae Enterovirus A,97.23309,CV-A16,100.0,CV-A16,100.0,B1a,88.0
KY425539,0,7410,7414,NC_001612,False,Picornaviridae Enterovirus A,97.28708,CV-A16,100.0,CV-A16,100.0,B1a,89.0
KY425540,0,7410,7414,NC_001612,False,Picornaviridae Enterovirus A,97.08384,CV-A16,100.0,CV-A16,100.0,B1b,98.0
KY440788,2607,324,2931,NC_001612,False,Picornaviridae Enterovirus A,94.56869,CV-A16,100.0,CV-A16,100.0,B1a,80.0
KY440790,2607,324,2931,NC_001612,False,Picornaviridae Enterovirus A,94.56869,CV-A16,100.0,CV-A16,100.0,B1b,90.0
KY440793,2607,324,2931,NC_001612,False,Picornaviridae Enterovirus A,96.16614,CV-A16,100.0,CV-A16,100.0,B1b,84.0
KY440795,2607,324,2931,NC_001612,False,Picornaviridae Enterovirus A,95.52715,CV-A16,100.0,CV-A16,100.0,B1b,89.0
KY440797,2607,324,2931,NC_001612,False,Picornaviridae Enterovirus A,95.52715,CV-A16,100.0,CV-A16,100.0,B1b,81.0
KY440799,2607,324,2931,NC_001612,False,Picornaviridae Enterovirus A,95.84665,CV-A16,100.0,CV-A16,100.0,B1b,81.0
KY440800,2607,324,2931,NC_001612,False,Picornaviridae Enterovirus A,94.56869,CV-A16,100.0,CV-A16,100.0,B1b,84.0
KY440819,2607,325,2932,NC_001612,False,Picornaviridae Enterovirus A,95.52715,CV-A16,100.0,CV-A16,100.0,B1a,81.0
KY440824,2607,324,2931,NC_001612,False,Picornaviridae Enterovirus A,96.48562,CV-A16,100.0,CV-A16,100.0,B1b,85.0
KY440825,2607,324,2931,NC_001612,False,Picornaviridae Enterovirus A,96.805115,CV-A16,100.0,CV-A16,100.0,B1b,80.0
KY440826,2607,324,2931,NC_001612,False,Picornaviridae Enterovirus A,96.805115,CV-A16,100.0,CV-A16,100.0,B1b,90.0
KY440827,2607,324,2931,NC_001612,False,Picornaviridae Enterovirus A,97.1246,CV-A16,100.0,CV-A16,100.0,B1b,86.0
KY440828,2607,325,2932,NC_001612,False,Picornaviridae Enterovirus A,96.805115,CV-A16,100.0,CV-A16,100.0,B1b,85.0
KY440863,2607,324,2931,NC_001612,False,Picornaviridae Enterovirus A,92.33227,CV-A16,100.0,CV-A16,100.0,B1b,83.0
KY440864,2607,324,2931,NC_001612,False,Picornaviridae Enterovirus A,93.61022,CV-A16,100.0,CV-A16,100.0,B1b,87.0
KY440866,2607,324,2931,NC_001612,False,Picornaviridae Enterovirus A,92.948715,CV-A16,100.0,CV-A16,100.0,B1b,84.0
KY440867,2607,324,2931,NC_001612,False,Picornaviridae Enterovirus A,92.628204,CV-A16,100.0,CV-A16,100.0,B1b,81.0
KY440868,2607,324,2931,NC_001612,False,Picornaviridae Enterovirus A,93.269226,CV-A16,100.0,CV-A16,100.0,B1b,89.0
KY440870,2607,324,2931,NC_001612,False,Picornaviridae Enterovirus A,93.269226,CV-A16,100.0,CV-A16,100.0,B1b,84.0
KY440902,2607,324,2931,NC_001612,False,Picornaviridae Enterovirus A,98.765434,CV-A16,100.0,CV-A16,100.0,B1b,81.0
KY440903,2607,324,2931,NC_001612,False,Picornaviridae Enterovirus A,97.83951,CV-A16,100.0,CV-A16,100.0,B1b,88.0
KY440904,2607,324,2931,NC_001612,False,Picornaviridae Enterovirus A,98.14815,CV-A16,100.0,CV-A16,100.0,B1b,88.0
KY440905,2607,324,2931,NC_001612,False,Picornaviridae Enterovirus A,98.765434,CV-A16,100.0,CV-A16,100.0,B1b,87.0
KY440907,2607,324,2931,NC_001612,False,Picornaviridae Enterovirus A,98.765434,CV-A16,100.0,CV-A16,100.0,B1b,85.0
KY440908,2607,324,2931,NC_001612,False,Picornaviridae Enterovirus A,99.07407,CV-A16,100.0,CV-A16,100.0,B1b,82.0
KY440910,2607,324,2931,NC_001612,False,Picornaviridae Enterovirus A,98.765434,CV-A16,100.0,CV-A16,100.0,B1b,86.0
KY440915,2607,324,2931,NC_001612,False,Picornaviridae Enterovirus A,98.765434,CV-A16,100.0,CV-A16,100.0,B1b,91.0
KY497222,2455,877,3332,NC_001612,False,Picornaviridae Enterovirus A,97.377426,CV-A16,100.0,CV-A16,100.0,B1b,100.0
KY497223,2445,878,3323,NC_001612,False,Picornaviridae Enterovirus A,97.38041,CV-A16,100.0,CV-A16,100.0,B1b,96.0
KY497224,2457,869,3326,NC_001612,False,Picornaviridae Enterovirus A,97.58343,CV-A16,100.0,CV-A16,100.0,B1b,98.0
KY497225,2445,870,3315,NC_001612,False,Picornaviridae Enterovirus A,97.70115,CV-A16,100.0,CV-A16,100.0,B1b,98.0
KY497226,2450,870,3320,NC_001612,False,Picornaviridae Enterovirus A,97.70115,CV-A16,100.0,CV-A16,100.0,B1b,94.0
KY497227,2454,860,3314,NC_001612,False,Picornaviridae Enterovirus A,97.093025,CV-A16,100.0,CV-A16,100.0,B1b,99.0
KY497228,2456,865,3321,NC_001612,False,Picornaviridae Enterovirus A,97.10648,CV-A16,100.0,CV-A16,100.0,B1b,99.0
KY497229,2454,869,3323,NC_001612,False,Picornaviridae Enterovirus A,97.12313,CV-A16,100.0,CV-A16,100.0,B1b,98.0
KY497230,2451,871,3322,NC_001612,False,Picornaviridae Enterovirus A,97.238205,CV-A16,100.0,CV-A16,100.0,B1b,100.0
KY498041,2604,294,2898,NC_001612,False,Picornaviridae Enterovirus A,97.61092,CV-A16,100.0,CV-A16,100.0,B1b,82.0
KY498042,2604,294,2898,NC_001612,False,Picornaviridae Enterovirus A,97.61092,CV-A16,100.0,CV-A16,100.0,B1b,87.0
KY560724,2805,374,3179,NC_001612,False,Picornaviridae Enterovirus A,98.6631,CV-A16,100.0,CV-A16,100.0,B1b,89.0
KY560725,2805,374,3179,NC_001612,False,Picornaviridae Enterovirus A,95.454544,CV-A16,100.0,CV-A16,100.0,B1a,84.0
KY560736,2805,374,3179,NC_001612,False,Picornaviridae Enterovirus A,97.3262,CV-A16,100.0,CV-A16,100.0,B1b,92.0
KY560740,2892,287,3179,NC_001612,False,Picornaviridae Enterovirus A,98.25784,CV-A16,100.0,CV-A16,100.0,B1b,94.0
KY560741,2892,287,3179,NC_001612,False,Picornaviridae Enterovirus A,98.25784,CV-A16,100.0,CV-A16,100.0,B1b,92.0
KY560742,2892,287,3179,NC_001612,False,Picornaviridae Enterovirus A,98.25784,CV-A16,99.0,CV-A16,100.0,B1b,90.0
KY560743,2892,287,3179,NC_001612,False,Picornaviridae Enterovirus A,98.25784,CV-A16,100.0,CV-A16,100.0,B1b,94.0
KY560744,2892,287,3179,NC_001612,False,Picornaviridae Enterovirus A,98.25784,CV-A16,98.0,CV-A16,100.0,B1b,92.0
KY560745,2892,287,3179,NC_001612,False,Picornaviridae Enterovirus A,98.25784,CV-A16,99.0,CV-A16,100.0,B1b,97.0
KY560746,2892,287,3179,NC_001612,False,Picornaviridae Enterovirus A,98.25784,CV-A16,99.0,CV-A16,100.0,B1b,92.0
KY560749,2892,287,3179,NC_001612,False,Picornaviridae Enterovirus A,97.90941,CV-A16,100.0,CV-A16,100.0,B1b,89.0
KY560750,2805,374,3179,NC_001612,False,Picornaviridae Enterovirus A,97.3262,CV-A16,100.0,CV-A16,100.0,B1b,91.0
KY560751,2805,374,3179,NC_001612,False,Picornaviridae Enterovirus A,97.05882,CV-A16,100.0,CV-A16,100.0,B1b,86.0
KY560761,2577,303,2880,NC_001612,False,Picornaviridae Enterovirus A,97.0297,CV-A16,100.0,CV-A16,100.0,B1b,80.0
KY560762,2577,312,2889,NC_001612,False,Picornaviridae Enterovirus A,96.794876,CV-A16,100.0,CV-A16,100.0,B1b,83.0
KY560764,2577,312,2889,NC_001612,False,Picornaviridae Enterovirus A,98.07692,CV-A16,100.0,CV-A16,100.0,B1b,84.0
KY792576,0,7410,7414,NC_001612,False,Picornaviridae Enterovirus A,92.26721,CV-A16,100.0,CV-A16,100.0,B1c,97.0
KY792578,0,7410,7414,NC_001612,False,Picornaviridae Enterovirus A,92.348175,CV-A16,100.0,CV-A16,100.0,B1c,93.0
KY792579,0,7410,7414,NC_001612,False,Picornaviridae Enterovirus A,92.22672,CV-A16,100.0,CV-A16,100.0,B1c,97.0
KY792580,0,7407,7414,NC_001612,False,Picornaviridae Enterovirus A,92.06478,CV-A16,100.0,CV-A16,100.0,B1c,86.0
KY792581,0,7410,7414,NC_001612,False,Picornaviridae Enterovirus A,92.25371,CV-A16,100.0,CV-A16,100.0,B1c,88.0
KY792582,0,7410,7414,NC_001612,False,Picornaviridae Enterovirus A,92.2942,CV-A16,100.0,CV-A16,100.0,B1c,82.0
KY792583,0,7410,7414,NC_001612,False,Picornaviridae Enterovirus A,91.794876,CV-A16,100.0,CV-A16,100.0,B1c,94.0
KY792584,0,7407,7414,NC_001612,False,Picornaviridae Enterovirus A,91.98381,CV-A16,100.0,CV-A16,100.0,B1c,88.0
KY796106,2445,891,3336,NC_001612,False,Picornaviridae Enterovirus A,93.26599,CV-A16,100.0,CV-A16,100.0,B1c,99.0
KY796108,2445,891,3336,NC_001612,False,Picornaviridae Enterovirus A,93.490456,CV-A16,100.0,CV-A16,100.0,B1c,98.0
KY796109,2445,891,3336,NC_001612,False,Picornaviridae Enterovirus A,93.04153,CV-A16,100.0,CV-A16,100.0,B1c,96.0
KY796110,2445,891,3336,NC_001612,False,Picornaviridae Enterovirus A,93.26599,CV-A16,100.0,CV-A16,100.0,B1c,98.0
KY796111,2445,891,3336,NC_001612,False,Picornaviridae Enterovirus A,93.26599,CV-A16,100.0,CV-A16,100.0,B1c,98.0
KY796112,2445,891,3336,NC_001612,False,Picornaviridae Enterovirus A,92.70483,CV-A16,100.0,CV-A16,100.0,B1c,86.0
KY796113,2445,891,3336,NC_001612,False,Picornaviridae Enterovirus A,93.04153,CV-A16,100.0,CV-A16,100.0,B1c,97.0
KY796114,2445,891,3336,NC_001612,False,Picornaviridae Enterovirus A,93.153755,CV-A16,100.0,CV-A16,100.0,B1c,93.0
KY796115,2445,891,3336,NC_001612,False,Picornaviridae Enterovirus A,92.70483,CV-A16,100.0,CV-A16,100.0,B1c,97.0
KY796116,2445,891,3336,NC_001612,False,Picornaviridae Enterovirus A,92.81706,CV-A16,100.0,CV-A16,100.0,B1c,100.0
KY796117,2445,891,3336,NC_001612,False,Picornaviridae Enterovirus A,92.81706,CV-A16,100.0,CV-A16,100.0,B1c,98.0
KY796118,2445,891,3336,NC_001612,False,Picornaviridae Enterovirus A,92.70483,CV-A16,100.0,CV-A16,100.0,B1c,100.0
KY796119,2445,891,3336,NC_001612,False,Picornaviridae Enterovirus A,92.92929,CV-A16,100.0,CV-A16,100.0,B1c,91.0
KY796120,2445,891,3336,NC_001612,False,Picornaviridae Enterovirus A,92.59259,CV-A16,100.0,CV-A16,100.0,B1c,96.0
KY796121,2445,891,3336,NC_001612,False,Picornaviridae Enterovirus A,93.490456,CV-A16,100.0,CV-A16,100.0,B1c,100.0
KY796122,2445,891,3336,NC_001612,False,Picornaviridae Enterovirus A,93.153755,CV-A16,100.0,CV-A16,100.0,B1c,89.0
KY796123,2445,891,3336,NC_001612,False,Picornaviridae Enterovirus A,92.92929,CV-A16,100.0,CV-A16,100.0,B1c,89.0
KY796124,2445,891,3336,NC_001612,False,Picornaviridae Enterovirus A,93.04153,CV-A16,100.0,CV-A16,100.0,B1c,100.0
KY796125,2445,891,3336,NC_001612,False,Picornaviridae Enterovirus A,92.92929,CV-A16,100.0,CV-A16,100.0,B1c,100.0
KY796126,2445,891,3336,NC_001612,False,Picornaviridae Enterovirus A,92.70483,CV-A16,100.0,CV-A16,100.0,B1c,97.0
KY796127,2445,891,3336,NC_001612,False,Picornaviridae Enterovirus A,93.04153,CV-A16,100.0,CV-A16,100.0,B1c,97.0
KY796128,2445,891,3336,NC_001612,False,Picornaviridae Enterovirus A,92.70483,CV-A16,100.0,CV-A16,100.0,B1c,94.0
KY796129,2445,891,3336,NC_001612,False,Picornaviridae Enterovirus A,93.153755,CV-A16,100.0,CV-A16,100.0,B1c,91.0
KY796130,2445,891,3336,NC_001612,False,Picornaviridae Enterovirus A,93.153755,CV-A16,100.0,CV-A16,100.0,B1c,95.0
KY796131,2445,891,3336,NC_001612,False,Picornaviridae Enterovirus A,93.153755,CV-A16,100.0,CV-A16,100.0,B1c,94.0
KY796132,2445,891,3336,NC_001612,False,Picornaviridae Enterovirus A,93.153755,CV-A16,100.0,CV-A16,100.0,B1c,96.0
KY796133,2445,891,3336,NC_001612,False,Picornaviridae Enterovirus A,92.92929,CV-A16,100.0,CV-A16,100.0,B1c,94.0
KY796134,2445,891,3336,NC_001612,False,Picornaviridae Enterovirus A,92.92929,CV-A16,100.0,CV-A16,100.0,B1c,95.0
KY796135,2445,891,3336,NC_001612,False,Picornaviridae Enterovirus A,92.92929,CV-A16,100.0,CV-A16,100.0,B1c,97.0
KY796136,2445,891,3336,NC_001612,False,Picornaviridae Enterovirus A,93.71493,CV-A16,100.0,CV-A16,100.0,B1c,100.0
KY796137,2445,891,3336,NC_001612,False,Picornaviridae Enterovirus A,93.71493,CV-A16,100.0,CV-A16,100.0,B1c,98.0
KY796138,2445,891,3336,NC_001612,False,Picornaviridae Enterovirus A,93.71493,CV-A16,100.0,CV-A16,100.0,B1c,100.0
KY796139,2445,891,3336,NC_001612,False,Picornaviridae Enterovirus A,93.71493,CV-A16,100.0,CV-A16,100.0,B1c,100.0
KY796140,2445,891,3336,NC_001612,False,Picornaviridae Enterovirus A,93.490456,CV-A16,100.0,CV-A16,100.0,B1c,98.0
KY796141,2445,891,3336,NC_001612,False,Picornaviridae Enterovirus A,93.490456,CV-A16,100.0,CV-A16,100.0,B1c,99.0
KY796142,2445,891,3336,NC_001612,False,Picornaviridae Enterovirus A,93.153755,CV-A16,100.0,CV-A16,100.0,B1c,100.0
KY796143,2445,891,3336,NC_001612,False,Picornaviridae Enterovirus A,92.81706,CV-A16,100.0,CV-A16,100.0,B1c,100.0
KY796144,2445,891,3336,NC_001612,False,Picornaviridae Enterovirus A,93.153755,CV-A16,100.0,CV-A16,100.0,B1c,99.0
KY796145,2445,891,3336,NC_001612,False,Picornaviridae Enterovirus A,92.81706,CV-A16,100.0,CV-A16,100.0,B1c,100.0
KY796146,2445,891,3336,NC_001612,False,Picornaviridae Enterovirus A,92.70483,CV-A16,100.0,CV-A16,100.0,B1c,100.0
KY796147,2445,891,3336,NC_001612,False,Picornaviridae Enterovirus A,93.153755,CV-A16,100.0,CV-A16,100.0,B1c,100.0
KY796148,2445,891,3336,NC_001612,False,Picornaviridae Enterovirus A,93.04153,CV-A16,100.0,CV-A16,100.0,B1c,100.0
KY796149,2445,891,3336,NC_001612,False,Picornaviridae Enterovirus A,92.92929,CV-A16,100.0,CV-A16,100.0,B1c,100.0
KY796150,2445,891,3336,NC_001612,False,Picornaviridae Enterovirus A,93.04153,CV-A16,100.0,CV-A16,100.0,B1c,100.0
KY796151,2445,891,3336,NC_001612,False,Picornaviridae Enterovirus A,93.04153,CV-A16,100.0,CV-A16,100.0,B1c,100.0
KY796152,2445,891,3336,NC_001612,False,Picornaviridae Enterovirus A,93.04153,CV-A16,100.0,CV-A16,100.0,B1c,100.0
KY796153,2445,891,3336,NC_001612,False,Picornaviridae Enterovirus A,93.04153,CV-A16,100.0,CV-A16,100.0,B1c,100.0
KY796154,2445,891,3336,NC_001612,False,Picornaviridae Enterovirus A,93.04153,CV-A16,100.0,CV-A16,100.0,B1c,100.0
KY796155,2445,891,3336,NC_001612,False,Picornaviridae Enterovirus A,93.04153,CV-A16,100.0,CV-A16,100.0,B1c,100.0
KY796197,2445,596,3041,NC_001612,False,Picornaviridae Enterovirus A,92.78523,CV-A16,100.0,CV-A16,100.0,B1c,93.0
KY796198,2445,596,3041,NC_001612,False,Picornaviridae Enterovirus A,92.617455,CV-A16,100.0,CV-A16,100.0,B1c,82.0
KY796199,2445,596,3041,NC_001612,False,Picornaviridae Enterovirus A,92.617455,CV-A16,100.0,CV-A16,100.0,B1c,81.0
KY796200,2445,596,3041,NC_001612,False,Picornaviridae Enterovirus A,93.28859,CV-A16,100.0,CV-A16,100.0,B1c,96.0
KY796201,2445,596,3041,NC_001612,False,Picornaviridae Enterovirus A,93.28859,CV-A16,100.0,CV-A16,100.0,B1c,94.0
KY796202,2445,596,3041,NC_001612,False,Picornaviridae Enterovirus A,92.44966,CV-A16,100.0,CV-A16,100.0,B1c,82.0
KY796203,2445,596,3041,NC_001612,False,Picornaviridae Enterovirus A,92.95302,CV-A16,100.0,CV-A16,100.0,B1c,84.0
KY796204,2445,596,3041,NC_001612,False,Picornaviridae Enterovirus A,93.28859,CV-A16,100.0,CV-A16,100.0,B1c,83.0
KY796205,2445,596,3041,NC_001612,False,Picornaviridae Enterovirus A,93.28859,CV-A16,100.0,CV-A16,100.0,B1c,91.0
KY796207,2445,596,3041,NC_001612,False,Picornaviridae Enterovirus A,92.44966,CV-A16,100.0,CV-A16,100.0,B1c,93.0
KY796210,2445,596,3041,NC_001612,False,Picornaviridae Enterovirus A,92.78523,CV-A16,100.0,CV-A16,100.0,B1c,94.0
KY885732,2602,265,2867,NC_001612,False,Picornaviridae Enterovirus A,99.62264,CV-A16,100.0,CV-A16,100.0,B1b,81.0
KY913334,2517,478,2995,NC_001612,False,Picornaviridae Enterovirus A,98.53557,CV-A16,100.0,CV-A16,100.0,B1b,92.0
KY913335,2517,478,2995,NC_001612,False,Picornaviridae Enterovirus A,97.90795,CV-A16,100.0,CV-A16,100.0,B1a,93.0
KY913336,2517,478,2995,NC_001612,False,Picornaviridae Enterovirus A,99.16318,CV-A16,100.0,CV-A16,100.0,B1b,93.0
KY913337,2517,478,2995,NC_001612,False,Picornaviridae Enterovirus A,97.07113,CV-A16,100.0,CV-A16,100.0,B1a,89.0
KY913338,2517,478,2995,NC_001612,False,Picornaviridae Enterovirus A,98.11716,CV-A16,100.0,CV-A16,100.0,B1b,87.0
KY913339,2517,478,2995,NC_001612,False,Picornaviridae Enterovirus A,98.11716,CV-A16,100.0,CV-A16,100.0,B1b,96.0
KY913340,2517,478,2995,NC_001612,False,Picornaviridae Enterovirus A,99.58159,CV-A16,100.0,CV-A16,100.0,B1b,86.0
KY913342,2517,478,2995,NC_001612,False,Picornaviridae Enterovirus A,99.16318,CV-A16,100.0,CV-A16,100.0,B1a,92.0
KY913344,2517,478,2995,NC_001612,False,Picornaviridae Enterovirus A,98.95397,CV-A16,100.0,CV-A16,100.0,B1b,85.0
LC012359,2445,891,3336,NC_001612,False,Picornaviridae Enterovirus A,98.09203,CV-A16,100.0,CV-A16,100.0,B1b,100.0
LC012360,2445,891,3336,NC_001612,False,Picornaviridae Enterovirus A,97.53087,CV-A16,100.0,CV-A16,100.0,B1b,98.0
LC012361,2445,891,3336,NC_001612,False,Picornaviridae Enterovirus A,96.40853,CV-A16,100.0,CV-A16,100.0,B1b,98.0
LC012362,2445,891,3336,NC_001612,False,Picornaviridae Enterovirus A,98.54097,CV-A16,100.0,CV-A16,100.0,B1b,98.0
LC012363,2445,891,3336,NC_001612,False,Picornaviridae Enterovirus A,98.20427,CV-A16,100.0,CV-A16,100.0,B1b,99.0
LC012364,2445,891,3336,NC_001612,False,Picornaviridae Enterovirus A,97.86757,CV-A16,100.0,CV-A16,100.0,B1b,93.0
LC012365,2445,891,3336,NC_001612,False,Picornaviridae Enterovirus A,97.08193,CV-A16,100.0,CV-A16,100.0,B1b,90.0
LC012366,2445,891,3336,NC_001612,False,Picornaviridae Enterovirus A,98.54097,CV-A16,100.0,CV-A16,100.0,B1b,99.0
LC012367,2445,891,3336,NC_001612,False,Picornaviridae Enterovirus A,97.9798,CV-A16,100.0,CV-A16,100.0,B1b,97.0
LC012368,2445,891,3336,NC_001612,False,Picornaviridae Enterovirus A,97.19417,CV-A16,100.0,CV-A16,100.0,B1b,90.0
LC012369,2445,891,3336,NC_001612,False,Picornaviridae Enterovirus A,96.74523,CV-A16,100.0,CV-A16,100.0,B1b,98.0
LC012370,2445,891,3336,NC_001612,False,Picornaviridae Enterovirus A,96.40853,CV-A16,100.0,CV-A16,100.0,B1b,96.0
LC012371,2445,891,3336,NC_001612,False,Picornaviridae Enterovirus A,96.40853,CV-A16,100.0,CV-A16,100.0,B1b,97.0
LC012372,2445,891,3336,NC_001612,False,Picornaviridae Enterovirus A,96.40853,CV-A16,100.0,CV-A16,100.0,B1b,97.0
LC012373,2445,891,3336,NC_001612,False,Picornaviridae Enterovirus A,96.40853,CV-A16,100.0,CV-A16,100.0,B1b,98.0
LC012374,2445,891,3336,NC_001612,False,Picornaviridae Enterovirus A,97.08193,CV-A16,100.0,CV-A16,100.0,B1b,92.0
LC012375,2445,891,3336,NC_001612,False,Picornaviridae Enterovirus A,97.19417,CV-A16,100.0,CV-A16,100.0,B1b,86.0
LC012376,2445,891,3336,NC_001612,False,Picornaviridae Enterovirus A,97.08193,CV-A16,100.0,CV-A16,100.0,B1b,89.0
LC012377,2445,891,3336,NC_001612,False,Picornaviridae Enterovirus A,97.08193,CV-A16,100.0,CV-A16,100.0,B1a,83.0
LC012378,2445,891,3336,NC_001612,False,Picornaviridae Enterovirus A,97.53087,CV-A16,100.0,CV-A16,100.0,B1b,90.0
LC012379,2445,891,3336,NC_001612,False,Picornaviridae Enterovirus A,98.09203,CV-A16,100.0,CV-A16,100.0,B1b,99.0
LC012380,2445,891,3336,NC_001612,False,Picornaviridae Enterovirus A,97.08193,CV-A16,100.0,CV-A16,100.0,B1b,90.0
LC012381,2445,891,3336,NC_001612,False,Picornaviridae Enterovirus A,98.09203,CV-A16,100.0,CV-A16,100.0,B1b,100.0
LC012382,2445,891,3336,NC_001612,False,Picornaviridae Enterovirus A,96.85747,CV-A16,100.0,CV-A16,100.0,B1b,88.0
LC012383,2445,891,3336,NC_001612,False,Picornaviridae Enterovirus A,97.19417,CV-A16,100.0,CV-A16,100.0,B1b,92.0
LC012384,2445,891,3336,NC_001612,False,Picornaviridae Enterovirus A,96.85747,CV-A16,100.0,CV-A16,100.0,B1a,87.0
LC012385,2445,891,3336,NC_001612,False,Picornaviridae Enterovirus A,97.08193,CV-A16,100.0,CV-A16,100.0,B1b,88.0
LC012386,2445,891,3336,NC_001612,False,Picornaviridae Enterovirus A,97.19417,CV-A16,100.0,CV-A16,100.0,B1b,95.0
LC012387,2445,891,3336,NC_001612,False,Picornaviridae Enterovirus A,97.3064,CV-A16,100.0,CV-A16,100.0,B1a,88.0
LC012388,2445,891,3336,NC_001612,False,Picornaviridae Enterovirus A,97.19417,CV-A16,100.0,CV-A16,100.0,B1b,94.0
LC012389,2445,891,3336,NC_001612,False,Picornaviridae Enterovirus A,97.19417,CV-A16,100.0,CV-A16,100.0,B1b,91.0
LC012390,2445,891,3336,NC_001612,False,Picornaviridae Enterovirus A,98.765434,CV-A16,100.0,CV-A16,100.0,B1b,99.0
LC012391,2445,891,3336,NC_001612,False,Picornaviridae Enterovirus A,97.9798,CV-A16,100.0,CV-A16,100.0,B1b,100.0
LC012392,2445,891,3336,NC_001612,False,Picornaviridae Enterovirus A,97.19417,CV-A16,100.0,CV-A16,100.0,B1b,97.0
LC012393,2445,891,3336,NC_001612,False,Picornaviridae Enterovirus A,97.9798,CV-A16,100.0,CV-A16,100.0,B1b,99.0
LC012394,2445,891,3336,NC_001612,False,Picornaviridae Enterovirus A,96.296295,CV-A16,100.0,CV-A16,100.0,B1b,99.0
LC012395,2445,891,3336,NC_001612,False,Picornaviridae Enterovirus A,96.632996,CV-A16,100.0,CV-A16,100.0,B1b,93.0
LC012396,2445,891,3336,NC_001612,False,Picornaviridae Enterovirus A,97.19417,CV-A16,100.0,CV-A16,100.0,B1b,93.0
LC012397,2445,891,3336,NC_001612,False,Picornaviridae Enterovirus A,97.53087,CV-A16,100.0,CV-A16,100.0,B1b,97.0
LC012398,2445,891,3336,NC_001612,False,Picornaviridae Enterovirus A,97.3064,CV-A16,100.0,CV-A16,100.0,B1b,100.0
LC012399,2445,891,3336,NC_001612,False,Picornaviridae Enterovirus A,97.6431,CV-A16,100.0,CV-A16,100.0,B1b,100.0
LC012400,2445,891,3336,NC_001612,False,Picornaviridae Enterovirus A,97.6431,CV-A16,100.0,CV-A16,100.0,B1b,99.0
LC012401,2445,891,3336,NC_001612,False,Picornaviridae Enterovirus A,97.86757,CV-A16,100.0,CV-A16,100.0,B1b,100.0
LC012402,2445,891,3336,NC_001612,False,Picornaviridae Enterovirus A,94.94949,CV-A16,100.0,CV-A16,100.0,B1b,97.0
LC012403,2445,891,3336,NC_001612,False,Picornaviridae Enterovirus A,97.75533,CV-A16,100.0,CV-A16,100.0,B1b,100.0
LC012404,2445,891,3336,NC_001612,False,Picornaviridae Enterovirus A,97.86757,CV-A16,100.0,CV-A16,100.0,B1b,98.0
LC012405,2445,891,3336,NC_001612,False,Picornaviridae Enterovirus A,98.09203,CV-A16,100.0,CV-A16,100.0,B1b,98.0
LC012406,2445,891,3336,NC_001612,False,Picornaviridae Enterovirus A,97.19417,CV-A16,100.0,CV-A16,100.0,B1b,90.0
LC012407,2445,891,3336,NC_001612,False,Picornaviridae Enterovirus A,98.54097,CV-A16,100.0,CV-A16,100.0,B1b,98.0
LC012408,2445,891,3336,NC_001612,False,Picornaviridae Enterovirus A,98.87767,CV-A16,100.0,CV-A16,100.0,B1b,100.0
LC012409,2445,891,3336,NC_001612,False,Picornaviridae Enterovirus A,98.87767,CV-A16,100.0,CV-A16,100.0,B1b,97.0
LC012410,2445,891,3336,NC_001612,False,Picornaviridae Enterovirus A,98.87767,CV-A16,100.0,CV-A16,100.0,B1b,99.0
LC012411,2445,891,3336,NC_001612,False,Picornaviridae Enterovirus A,98.87767,CV-A16,100.0,CV-A16,100.0,B1b,98.0
LC012412,2445,891,3336,NC_001612,False,Picornaviridae Enterovirus A,98.54097,CV-A16,100.0,CV-A16,100.0,B1b,99.0
LC012413,2445,891,3336,NC_001612,False,Picornaviridae Enterovirus A,98.87767,CV-A16,100.0,CV-A16,100.0,B1b,97.0
LC012414,2445,891,3336,NC_001612,False,Picornaviridae Enterovirus A,98.87767,CV-A16,100.0,CV-A16,100.0,B1b,96.0
LC012415,2445,891,3336,NC_001612,False,Picornaviridae Enterovirus A,98.54097,CV-A16,100.0,CV-A16,100.0,B1b,98.0
LC012416,2445,891,3336,NC_001612,False,Picornaviridae Enterovirus A,98.87767,CV-A16,100.0,CV-A16,100.0,B1b,98.0
LC012417,2445,891,3336,NC_001612,False,Picornaviridae Enterovirus A,99.6633,CV-A16,100.0,CV-A16,100.0,B1b,100.0
LC012418,2445,891,3336,NC_001612,False,Picornaviridae Enterovirus A,98.87767,CV-A16,100.0,CV-A16,100.0,B1b,100.0
LC012419,2445,891,3336,NC_001612,False,Picornaviridae Enterovirus A,99.438835,CV-A16,100.0,CV-A16,100.0,B1b,98.0
LC012420,2445,891,3336,NC_001612,False,Picornaviridae Enterovirus A,98.20427,CV-A16,100.0,CV-A16,100.0,B1b,100.0
LC012421,2445,891,3336,NC_001612,False,Picornaviridae Enterovirus A,99.438835,CV-A16,100.0,CV-A16,100.0,B1b,98.0
LC012422,2445,891,3336,NC_001612,False,Picornaviridae Enterovirus A,98.20427,CV-A16,100.0,CV-A16,100.0,B1b,100.0
LC012423,2445,891,3336,NC_001612,False,Picornaviridae Enterovirus A,99.438835,CV-A16,100.0,CV-A16,100.0,B1b,100.0
LC012424,2445,891,3336,NC_001612,False,Picornaviridae Enterovirus A,98.20427,CV-A16,100.0,CV-A16,100.0,B1b,94.0
LC012425,2445,891,3336,NC_001612,False,Picornaviridae Enterovirus A,98.20427,CV-A16,100.0,CV-A16,100.0,B1b,99.0
LC012426,2445,891,3336,NC_001612,False,Picornaviridae Enterovirus A,99.438835,CV-A16,100.0,CV-A16,100.0,B1b,100.0
LC012427,2445,891,3336,NC_001612,False,Picornaviridae Enterovirus A,98.9899,CV-A16,100.0,CV-A16,100.0,B1b,98.0
LC012428,2445,891,3336,NC_001612,False,Picornaviridae Enterovirus A,98.20427,CV-A16,100.0,CV-A16,100.0,B1b,99.0
LC012429,2445,891,3336,NC_001612,False,Picornaviridae Enterovirus A,98.9899,CV-A16,100.0,CV-A16,100.0,B1b,99.0
LC012430,2445,891,3336,NC_001612,False,Picornaviridae Enterovirus A,98.765434,CV-A16,100.0,CV-A16,100.0,B1b,96.0
LC012431,2445,891,3336,NC_001612,False,Picornaviridae Enterovirus A,98.9899,CV-A16,100.0,CV-A16,100.0,B1b,97.0
LC012432,2445,891,3336,NC_001612,False,Picornaviridae Enterovirus A,98.9899,CV-A16,100.0,CV-A16,100.0,B1b,98.0
LC012433,2445,891,3336,NC_001612,False,Picornaviridae Enterovirus A,98.9899,CV-A16,100.0,CV-A16,100.0,B1b,97.0
LC012434,2445,891,3336,NC_001612,False,Picornaviridae Enterovirus A,98.9899,CV-A16,100.0,CV-A16,100.0,B1b,98.0
LC012435,2445,891,3336,NC_001612,False,Picornaviridae Enterovirus A,98.9899,CV-A16,100.0,CV-A16,100.0,B1b,97.0
LC012436,2445,891,3336,NC_001612,False,Picornaviridae Enterovirus A,98.9899,CV-A16,100.0,CV-A16,100.0,B1b,98.0
LC012437,2445,891,3336,NC_001612,False,Picornaviridae Enterovirus A,98.9899,CV-A16,100.0,CV-A16,100.0,B1b,96.0
LC012438,2445,891,3336,NC_001612,False,Picornaviridae Enterovirus A,98.20427,CV-A16,100.0,CV-A16,100.0,B1b,95.0
LC012439,2445,891,3336,NC_001612,False,Picornaviridae Enterovirus A,96.74523,CV-A16,100.0,CV-A16,100.0,B1b,99.0
LC012440,2445,891,3336,NC_001612,False,Picornaviridae Enterovirus A,97.3064,CV-A16,100.0,CV-A16,100.0,B1b,89.0
LC012441,2445,891,3336,NC_001612,False,Picornaviridae Enterovirus A,97.53087,CV-A16,100.0,CV-A16,100.0,B1b,98.0
LC012442,2445,891,3336,NC_001612,False,Picornaviridae Enterovirus A,97.86757,CV-A16,100.0,CV-A16,100.0,B1b,97.0
LC012443,2445,891,3336,NC_001612,False,Picornaviridae Enterovirus A,97.9798,CV-A16,100.0,CV-A16,100.0,B1b,98.0
LC012444,2445,891,3336,NC_001612,False,Picornaviridae Enterovirus A,97.41863,CV-A16,100.0,CV-A16,100.0,B1b,95.0
LC012445,2445,891,3336,NC_001612,False,Picornaviridae Enterovirus A,98.87767,CV-A16,100.0,CV-A16,100.0,B1b,100.0
LC012446,2445,891,3336,NC_001612,False,Picornaviridae Enterovirus A,99.6633,CV-A16,100.0,CV-A16,100.0,B1b,99.0
LC012447,2445,891,3336,NC_001612,False,Picornaviridae Enterovirus A,97.19417,CV-A16,100.0,CV-A16,100.0,B1a,81.0
LC012448,2445,891,3336,NC_001612,False,Picornaviridae Enterovirus A,97.19417,CV-A16,100.0,CV-A16,100.0,B1b,92.0
LC012449,2445,891,3336,NC_001612,False,Picornaviridae Enterovirus A,98.765434,CV-A16,100.0,CV-A16,100.0,B1b,97.0
LC012450,2445,891,3336,NC_001612,False,Picornaviridae Enterovirus A,97.75533,CV-A16,100.0,CV-A16,100.0,B1b,100.0
LC012451,2445,891,3336,NC_001612,False,Picornaviridae Enterovirus A,97.53087,CV-A16,100.0,CV-A16,100.0,B1b,96.0
LC012452,2445,891,3336,NC_001612,False,Picornaviridae Enterovirus A,96.296295,CV-A16,100.0,CV-A16,100.0,B1a,82.0
LC012453,2445,891,3336,NC_001612,False,Picornaviridae Enterovirus A,97.9798,CV-A16,100.0,CV-A16,100.0,B1b,96.0
LC012454,2445,891,3336,NC_001612,False,Picornaviridae Enterovirus A,98.09203,CV-A16,100.0,CV-A16,100.0,B1b,97.0
LC012455,2445,891,3336,NC_001612,False,Picornaviridae Enterovirus A,97.86757,CV-A16,100.0,CV-A16,100.0,B1b,96.0
LC012457,2445,891,3336,NC_001612,False,Picornaviridae Enterovirus A,98.3165,CV-A16,100.0,CV-A16,100.0,B1b,96.0
LC012458,2445,891,3336,NC_001612,False,Picornaviridae Enterovirus A,97.86757,CV-A16,100.0,CV-A16,100.0,B1b,98.0
LC012459,2445,891,3336,NC_001612,False,Picornaviridae Enterovirus A,98.765434,CV-A16,100.0,CV-A16,100.0,B1b,100.0
LC012460,2445,891,3336,NC_001612,False,Picornaviridae Enterovirus A,97.86757,CV-A16,100.0,CV-A16,100.0,B1b,97.0
LC012461,2445,891,3336,NC_001612,False,Picornaviridae Enterovirus A,97.53087,CV-A16,100.0,CV-A16,100.0,B1b,98.0
LC012462,2445,891,3336,NC_001612,False,Picornaviridae Enterovirus A,96.18407,CV-A16,100.0,CV-A16,100.0,B1a,84.0
LC012463,2445,891,3336,NC_001612,False,Picornaviridae Enterovirus A,96.85747,CV-A16,100.0,CV-A16,100.0,B1a,84.0
LC012464,2445,891,3336,NC_001612,False,Picornaviridae Enterovirus A,96.969696,CV-A16,100.0,CV-A16,100.0,B1b,95.0
LC012465,2445,891,3336,NC_001612,False,Picornaviridae Enterovirus A,98.54097,CV-A16,100.0,CV-A16,100.0,B1b,97.0
LC012466,2445,891,3336,NC_001612,False,Picornaviridae Enterovirus A,97.19417,CV-A16,100.0,CV-A16,100.0,B1a,83.0
LC012467,2445,891,3336,NC_001612,False,Picornaviridae Enterovirus A,98.54097,CV-A16,100.0,CV-A16,100.0,B1b,100.0
LC012468,2445,891,3336,NC_001612,False,Picornaviridae Enterovirus A,96.07183,CV-A16,100.0,CV-A16,100.0,B1a,86.0
LC012469,2445,891,3336,NC_001612,False,Picornaviridae Enterovirus A,98.87767,CV-A16,100.0,CV-A16,100.0,B1b,98.0
LC012470,2445,891,3336,NC_001612,False,Picornaviridae Enterovirus A,98.54097,CV-A16,100.0,CV-A16,100.0,B1b,99.0
LC012958,2445,891,3336,NC_001612,False,Picornaviridae Enterovirus A,97.08193,CV-A16,100.0,CV-A16,100.0,B1b,98.0
LC012959,2445,891,3336,NC_001612,False,Picornaviridae Enterovirus A,98.87767,CV-A16,100.0,CV-A16,100.0,B1b,98.0
LC012960,2445,891,3336,NC_001612,False,Picornaviridae Enterovirus A,98.87767,CV-A16,100.0,CV-A16,100.0,B1b,99.0
LC012961,2445,891,3336,NC_001612,False,Picornaviridae Enterovirus A,97.19417,CV-A16,100.0,CV-A16,100.0,B1a,87.0
LC012962,2445,891,3336,NC_001612,False,Picornaviridae Enterovirus A,97.41863,CV-A16,100.0,CV-A16,100.0,B1b,100.0
LC012963,2445,891,3336,NC_001612,False,Picornaviridae Enterovirus A,98.54097,CV-A16,100.0,CV-A16,100.0,B1b,97.0
LC012964,2445,891,3336,NC_001612,False,Picornaviridae Enterovirus A,98.54097,CV-A16,100.0,CV-A16,100.0,B1b,100.0
LC012965,2445,891,3336,NC_001612,False,Picornaviridae Enterovirus A,98.20427,CV-A16,100.0,CV-A16,100.0,B1b,96.0
LC012966,2445,891,3336,NC_001612,False,Picornaviridae Enterovirus A,96.969696,CV-A16,100.0,CV-A16,100.0,B1b,95.0
LC012967,2445,891,3336,NC_001612,False,Picornaviridae Enterovirus A,98.20225,CV-A16,100.0,CV-A16,100.0,B1b,97.0
LC012968,2445,891,3336,NC_001612,False,Picornaviridae Enterovirus A,98.3165,CV-A16,100.0,CV-A16,100.0,B1b,99.0
LC012969,2445,891,3336,NC_001612,False,Picornaviridae Enterovirus A,98.3165,CV-A16,100.0,CV-A16,100.0,B1b,95.0
LC012970,2445,891,3336,NC_001612,False,Picornaviridae Enterovirus A,97.75533,CV-A16,100.0,CV-A16,100.0,B1b,97.0
LC012971,2445,891,3336,NC_001612,False,Picornaviridae Enterovirus A,97.41863,CV-A16,100.0,CV-A16,100.0,B1b,96.0
LC013391,2445,891,3336,NC_001612,False,Picornaviridae Enterovirus A,98.54097,CV-A16,100.0,CV-A16,100.0,B1b,100.0
LC013392,2445,891,3336,NC_001612,False,Picornaviridae Enterovirus A,97.3064,CV-A16,100.0,CV-A16,100.0,B1b,99.0
LC013393,2445,891,3336,NC_001612,False,Picornaviridae Enterovirus A,98.428734,CV-A16,100.0,CV-A16,100.0,B1b,97.0
LC013394,2445,891,3336,NC_001612,False,Picornaviridae Enterovirus A,97.53087,CV-A16,100.0,CV-A16,100.0,B1b,100.0
LC013399,2445,891,3336,NC_001612,False,Picornaviridae Enterovirus A,97.9798,CV-A16,100.0,CV-A16,100.0,B1b,98.0
LC013400,2445,891,3336,NC_001612,False,Picornaviridae Enterovirus A,98.54097,CV-A16,100.0,CV-A16,100.0,B1b,99.0
LC013401,2445,891,3336,NC_001612,False,Picornaviridae Enterovirus A,97.75533,CV-A16,100.0,CV-A16,100.0,B1b,97.0
LC013402,2445,891,3336,NC_001612,False,Picornaviridae Enterovirus A,97.75533,CV-A16,100.0,CV-A16,100.0,B1b,98.0
LC013403,2445,891,3336,NC_001612,False,Picornaviridae Enterovirus A,95.17396,CV-A16,100.0,CV-A16,100.0,B1b,83.0
LC013404,2445,891,3336,NC_001612,False,Picornaviridae Enterovirus A,95.17396,CV-A16,100.0,CV-A16,100.0,B1b,82.0
LC013405,2445,891,3336,NC_001612,False,Picornaviridae Enterovirus A,97.75533,CV-A16,100.0,CV-A16,100.0,B1b,95.0
LC013406,2445,891,3336,NC_001612,False,Picornaviridae Enterovirus A,98.20427,CV-A16,100.0,CV-A16,100.0,B1b,95.0
LC013407,2445,891,3336,NC_001612,False,Picornaviridae Enterovirus A,98.87767,CV-A16,100.0,CV-A16,100.0,B1b,96.0
LC013408,2445,891,3336,NC_001612,False,Picornaviridae Enterovirus A,98.09203,CV-A16,100.0,CV-A16,100.0,B1b,96.0
LC013409,2445,891,3336,NC_001612,False,Picornaviridae Enterovirus A,98.54097,CV-A16,100.0,CV-A16,100.0,B1b,99.0
LC013410,2445,891,3336,NC_001612,False,Picornaviridae Enterovirus A,97.9798,CV-A16,100.0,CV-A16,100.0,B1b,99.0
LC013411,2445,891,3336,NC_001612,False,Picornaviridae Enterovirus A,97.9798,CV-A16,100.0,CV-A16,100.0,B1b,99.0
LC038035,2603,301,2904,NC_001612,False,Picornaviridae Enterovirus A,98.66667,CV-A16,100.0,CV-A16,100.0,B1b,87.0
LC124120,2184,720,2904,NC_001612,False,Picornaviridae Enterovirus A,92.36111,CV-A16,100.0,CV-A16,100.0,B1c,97.0
LC124121,2604,300,2904,NC_001612,False,Picornaviridae Enterovirus A,93.0,CV-A16,100.0,CV-A16,100.0,B1c,98.0
LC124122,2604,300,2904,NC_001612,False,Picornaviridae Enterovirus A,93.0,CV-A16,100.0,CV-A16,100.0,B1c,99.0
LC124123,2184,720,2904,NC_001612,False,Picornaviridae Enterovirus A,98.19193,CV-A16,100.0,CV-A16,100.0,B1b,85.0
LC124125,2604,300,2904,NC_001612,False,Picornaviridae Enterovirus A,91.66667,CV-A16,100.0,CV-A16,100.0,B1c,82.0
LC124127,2604,300,2904,NC_001612,False,Picornaviridae Enterovirus A,98.99666,CV-A16,100.0,CV-A16,100.0,B1b,82.0
LC124130,2199,680,2879,NC_001612,False,Picornaviridae Enterovirus A,98.088234,CV-A16,100.0,CV-A16,100.0,B1b,83.0
LC412124,2445,891,3336,NC_001612,False,Picornaviridae Enterovirus A,97.3064,CV-A16,100.0,CV-A16,100.0,B1b,96.0
LC412125,2445,891,3336,NC_001612,False,Picornaviridae Enterovirus A,98.09203,CV-A16,100.0,CV-A16,100.0,B1b,100.0
LC412126,2445,891,3336,NC_001612,False,Picornaviridae Enterovirus A,95.84736,CV-A16,100.0,CV-A16,100.0,B1b,86.0
LC412128,2445,891,3336,NC_001612,False,Picornaviridae Enterovirus A,96.74523,CV-A16,100.0,CV-A16,100.0,B1a,88.0
LC412130,2445,891,3336,NC_001612,False,Picornaviridae Enterovirus A,95.84736,CV-A16,100.0,CV-A16,100.0,B1b,84.0
LC412133,2445,891,3336,NC_001612,False,Picornaviridae Enterovirus A,95.73513,CV-A16,100.0,CV-A16,100.0,B1b,89.0
LC412135,2445,891,3336,NC_001612,False,Picornaviridae Enterovirus A,95.06173,CV-A16,100.0,CV-A16,100.0,B1b,82.0
LC412139,2445,891,3336,NC_001612,False,Picornaviridae Enterovirus A,95.06173,CV-A16,100.0,CV-A16,100.0,B1b,80.0
LC412140,2445,891,3336,NC_001612,False,Picornaviridae Enterovirus A,97.9798,CV-A16,100.0,CV-A16,100.0,B1b,97.0
LC412143,2445,891,3336,NC_001612,False,Picornaviridae Enterovirus A,97.75533,CV-A16,100.0,CV-A16,100.0,B1b,100.0
LC412145,2445,891,3336,NC_001612,False,Picornaviridae Enterovirus A,97.19417,CV-A16,100.0,CV-A16,100.0,B1b,99.0
LC412147,2445,891,3336,NC_001612,False,Picornaviridae Enterovirus A,97.19417,CV-A16,100.0,CV-A16,100.0,B1b,97.0
LC412149,2445,891,3336,NC_001612,False,Picornaviridae Enterovirus A,98.09203,CV-A16,100.0,CV-A16,100.0,B1b,100.0
LC412215,2445,891,3336,NC_001612,False,Picornaviridae Enterovirus A,97.08193,CV-A16,100.0,CV-A16,100.0,B1b,97.0
LC412216,2445,891,3336,NC_001612,False,Picornaviridae Enterovirus A,98.20427,CV-A16,100.0,CV-A16,100.0,B1b,99.0
LC412217,2445,891,3336,NC_001612,False,Picornaviridae Enterovirus A,97.9798,CV-A16,100.0,CV-A16,100.0,B1b,99.0
LC412218,2445,891,3336,NC_001612,False,Picornaviridae Enterovirus A,97.08193,CV-A16,100.0,CV-A16,100.0,B1b,96.0
LC412219,2445,891,3336,NC_001612,False,Picornaviridae Enterovirus A,97.08193,CV-A16,100.0,CV-A16,100.0,B1b,99.0
LC412220,2445,891,3336,NC_001612,False,Picornaviridae Enterovirus A,97.08193,CV-A16,100.0,CV-A16,100.0,B1b,99.0
LC412221,2445,891,3336,NC_001612,False,Picornaviridae Enterovirus A,96.969696,CV-A16,100.0,CV-A16,100.0,B1b,100.0
LC412222,2445,891,3336,NC_001612,False,Picornaviridae Enterovirus A,97.9798,CV-A16,100.0,CV-A16,100.0,B1b,98.0
LC412223,2445,891,3336,NC_001612,False,Picornaviridae Enterovirus A,97.19417,CV-A16,100.0,CV-A16,100.0,B1b,99.0
LC412224,2445,891,3336,NC_001612,False,Picornaviridae Enterovirus A,97.86757,CV-A16,100.0,CV-A16,100.0,B1b,97.0
LC412225,2445,891,3336,NC_001612,False,Picornaviridae Enterovirus A,96.969696,CV-A16,100.0,CV-A16,100.0,B1b,99.0
LC412226,2445,891,3336,NC_001612,False,Picornaviridae Enterovirus A,97.08193,CV-A16,100.0,CV-A16,100.0,B1b,98.0
LC412227,2445,891,3336,NC_001612,False,Picornaviridae Enterovirus A,97.9798,CV-A16,100.0,CV-A16,100.0,B1b,99.0
LC412228,2445,891,3336,NC_001612,False,Picornaviridae Enterovirus A,97.08193,CV-A16,100.0,CV-A16,100.0,B1b,99.0
LC412229,2445,891,3336,NC_001612,False,Picornaviridae Enterovirus A,97.19417,CV-A16,100.0,CV-A16,100.0,B1b,98.0
LC412230,2445,891,3336,NC_001612,False,Picornaviridae Enterovirus A,97.9798,CV-A16,100.0,CV-A16,100.0,B1b,100.0
LC412231,2445,891,3336,NC_001612,False,Picornaviridae Enterovirus A,97.53087,CV-A16,100.0,CV-A16,100.0,B1b,100.0
LC412232,2445,891,3336,NC_001612,False,Picornaviridae Enterovirus A,96.969696,CV-A16,100.0,CV-A16,100.0,B1b,98.0
LC412233,2445,891,3336,NC_001612,False,Picornaviridae Enterovirus A,98.3165,CV-A16,100.0,CV-A16,100.0,B1b,96.0
LC412234,2445,891,3336,NC_001612,False,Picornaviridae Enterovirus A,97.19417,CV-A16,100.0,CV-A16,100.0,B1b,96.0
LC412235,2445,891,3336,NC_001612,False,Picornaviridae Enterovirus A,98.20427,CV-A16,100.0,CV-A16,100.0,B1b,99.0
LC412236,2445,891,3336,NC_001612,False,Picornaviridae Enterovirus A,98.20427,CV-A16,100.0,CV-A16,100.0,B1b,99.0
LC412237,2445,891,3336,NC_001612,False,Picornaviridae Enterovirus A,96.85747,CV-A16,100.0,CV-A16,100.0,B1b,96.0
LC412238,2445,891,3336,NC_001612,False,Picornaviridae Enterovirus A,96.85747,CV-A16,100.0,CV-A16,100.0,B1b,98.0
LC412239,2445,891,3336,NC_001612,False,Picornaviridae Enterovirus A,96.969696,CV-A16,100.0,CV-A16,100.0,B1b,98.0
LC412240,2445,891,3336,NC_001612,False,Picornaviridae Enterovirus A,97.9798,CV-A16,100.0,CV-A16,100.0,B1b,96.0
LC412241,2445,891,3336,NC_001612,False,Picornaviridae Enterovirus A,97.9798,CV-A16,100.0,CV-A16,100.0,B1b,97.0
LC412242,2445,891,3336,NC_001612,False,Picornaviridae Enterovirus A,96.969696,CV-A16,100.0,CV-A16,100.0,B1b,98.0
LC412243,2445,891,3336,NC_001612,False,Picornaviridae Enterovirus A,96.969696,CV-A16,100.0,CV-A16,100.0,B1b,99.0
LC412244,2445,891,3336,NC_001612,False,Picornaviridae Enterovirus A,98.09203,CV-A16,100.0,CV-A16,100.0,B1b,99.0
LC412245,2445,891,3336,NC_001612,False,Picornaviridae Enterovirus A,98.09203,CV-A16,100.0,CV-A16,100.0,B1b,98.0
LC412246,2445,891,3336,NC_001612,False,Picornaviridae Enterovirus A,98.09203,CV-A16,100.0,CV-A16,100.0,B1b,100.0
LC412247,2445,891,3336,NC_001612,False,Picornaviridae Enterovirus A,97.19417,CV-A16,100.0,CV-A16,100.0,B1b,97.0
LC412248,2445,891,3336,NC_001612,False,Picornaviridae Enterovirus A,98.20427,CV-A16,100.0,CV-A16,100.0,B1b,98.0
LC412249,2445,891,3336,NC_001612,False,Picornaviridae Enterovirus A,98.20427,CV-A16,100.0,CV-A16,100.0,B1b,99.0
LC412250,2445,891,3336,NC_001612,False,Picornaviridae Enterovirus A,98.20427,CV-A16,100.0,CV-A16,100.0,B1b,99.0
LC412252,2445,891,3336,NC_001612,False,Picornaviridae Enterovirus A,98.09203,CV-A16,100.0,CV-A16,100.0,B1b,97.0
LC412253,2445,891,3336,NC_001612,False,Picornaviridae Enterovirus A,97.41863,CV-A16,100.0,CV-A16,100.0,B1b,98.0
LC412254,2445,891,3336,NC_001612,False,Picornaviridae Enterovirus A,98.09203,CV-A16,100.0,CV-A16,100.0,B1b,99.0
LC412255,2445,891,3336,NC_001612,False,Picornaviridae Enterovirus A,97.9798,CV-A16,100.0,CV-A16,100.0,B1b,97.0
LC412256,2445,891,3336,NC_001612,False,Picornaviridae Enterovirus A,97.53087,CV-A16,100.0,CV-A16,100.0,B1b,99.0
LC412257,2445,891,3336,NC_001612,False,Picornaviridae Enterovirus A,97.41863,CV-A16,100.0,CV-A16,100.0,B1b,99.0
LC412258,2445,891,3336,NC_001612,False,Picornaviridae Enterovirus A,97.53087,CV-A16,100.0,CV-A16,100.0,B1b,98.0
LC412259,2445,891,3336,NC_001612,False,Picornaviridae Enterovirus A,97.9798,CV-A16,100.0,CV-A16,100.0,B1b,98.0
LC412260,2445,891,3336,NC_001612,False,Picornaviridae Enterovirus A,97.41863,CV-A16,100.0,CV-A16,100.0,B1b,97.0
LC412261,2445,891,3336,NC_001612,False,Picornaviridae Enterovirus A,97.19417,CV-A16,100.0,CV-A16,100.0,B1b,98.0
LC412262,2445,891,3336,NC_001612,False,Picornaviridae Enterovirus A,97.53087,CV-A16,100.0,CV-A16,100.0,B1b,97.0
LC412263,2445,891,3336,NC_001612,False,Picornaviridae Enterovirus A,97.75533,CV-A16,100.0,CV-A16,100.0,B1b,96.0
LC412264,2445,891,3336,NC_001612,False,Picornaviridae Enterovirus A,96.52077,CV-A16,100.0,CV-A16,100.0,B1b,96.0
LC412265,2445,891,3336,NC_001612,False,Picornaviridae Enterovirus A,97.9798,CV-A16,100.0,CV-A16,100.0,B1b,99.0
LC412266,2445,891,3336,NC_001612,False,Picornaviridae Enterovirus A,98.20427,CV-A16,100.0,CV-A16,100.0,B1b,98.0
LC412267,2445,891,3336,NC_001612,False,Picornaviridae Enterovirus A,98.20427,CV-A16,100.0,CV-A16,100.0,B1b,97.0
LC412268,2445,891,3336,NC_001612,False,Picornaviridae Enterovirus A,97.9798,CV-A16,100.0,CV-A16,100.0,B1b,97.0
LC412269,2445,891,3336,NC_001612,False,Picornaviridae Enterovirus A,97.9798,CV-A16,100.0,CV-A16,100.0,B1b,100.0
LC412270,2445,891,3336,NC_001612,False,Picornaviridae Enterovirus A,97.303375,CV-A16,100.0,CV-A16,100.0,B1b,97.0
LC412271,2445,891,3336,NC_001612,False,Picornaviridae Enterovirus A,96.52077,CV-A16,100.0,CV-A16,100.0,B1b,99.0
LC412272,2445,891,3336,NC_001612,False,Picornaviridae Enterovirus A,97.41863,CV-A16,100.0,CV-A16,100.0,B1b,99.0
LC412273,2445,891,3336,NC_001612,False,Picornaviridae Enterovirus A,97.9798,CV-A16,100.0,CV-A16,100.0,B1b,98.0
LC412274,2445,891,3336,NC_001612,False,Picornaviridae Enterovirus A,97.08193,CV-A16,100.0,CV-A16,100.0,B1b,98.0
LC412275,2445,891,3336,NC_001612,False,Picornaviridae Enterovirus A,97.41863,CV-A16,100.0,CV-A16,100.0,B1b,97.0
LC412276,2445,891,3336,NC_001612,False,Picornaviridae Enterovirus A,97.08193,CV-A16,100.0,CV-A16,100.0,B1b,94.0
LC412277,2445,891,3336,NC_001612,False,Picornaviridae Enterovirus A,97.41863,CV-A16,100.0,CV-A16,100.0,B1b,98.0
LC412278,2445,891,3336,NC_001612,False,Picornaviridae Enterovirus A,97.9798,CV-A16,100.0,CV-A16,100.0,B1b,99.0
LC412279,2445,891,3336,NC_001612,False,Picornaviridae Enterovirus A,97.53087,CV-A16,100.0,CV-A16,100.0,B1b,98.0
LC412280,2445,891,3336,NC_001612,False,Picornaviridae Enterovirus A,97.6431,CV-A16,100.0,CV-A16,100.0,B1b,99.0
LC412281,2445,891,3336,NC_001612,False,Picornaviridae Enterovirus A,97.75533,CV-A16,100.0,CV-A16,100.0,B1b,100.0
LC412282,2445,891,3336,NC_001612,False,Picornaviridae Enterovirus A,97.08193,CV-A16,100.0,CV-A16,100.0,B1b,97.0
LC412283,2445,891,3336,NC_001612,False,Picornaviridae Enterovirus A,97.75533,CV-A16,100.0,CV-A16,100.0,B1b,95.0
LC412284,2445,891,3336,NC_001612,False,Picornaviridae Enterovirus A,96.85747,CV-A16,100.0,CV-A16,100.0,B1b,91.0
LC412285,2445,891,3336,NC_001612,False,Picornaviridae Enterovirus A,96.296295,CV-A16,100.0,CV-A16,100.0,B1b,90.0
LC412287,2445,891,3336,NC_001612,False,Picornaviridae Enterovirus A,96.07183,CV-A16,100.0,CV-A16,100.0,B1b,96.0
LC412288,2445,891,3336,NC_001612,False,Picornaviridae Enterovirus A,96.52077,CV-A16,100.0,CV-A16,100.0,B1b,95.0
LC412289,2445,891,3336,NC_001612,False,Picornaviridae Enterovirus A,96.74523,CV-A16,100.0,CV-A16,100.0,B1b,95.0
LC412290,2445,891,3336,NC_001612,False,Picornaviridae Enterovirus A,97.08193,CV-A16,100.0,CV-A16,100.0,B1b,98.0
LC412291,2445,891,3336,NC_001612,False,Picornaviridae Enterovirus A,96.52077,CV-A16,100.0,CV-A16,100.0,B1b,94.0
LC412292,2445,891,3336,NC_001612,False,Picornaviridae Enterovirus A,96.632996,CV-A16,100.0,CV-A16,100.0,B1b,93.0
LC412293,2445,891,3336,NC_001612,False,Picornaviridae Enterovirus A,97.86757,CV-A16,100.0,CV-A16,100.0,B1b,97.0
LC412295,2445,891,3336,NC_001612,False,Picornaviridae Enterovirus A,96.40853,CV-A16,100.0,CV-A16,100.0,B1b,97.0
LC412296,2445,891,3336,NC_001612,False,Picornaviridae Enterovirus A,96.07183,CV-A16,100.0,CV-A16,100.0,B1b,92.0
LC412297,2445,891,3336,NC_001612,False,Picornaviridae Enterovirus A,96.632996,CV-A16,100.0,CV-A16,100.0,B1b,98.0
LC412298,2445,892,3337,NC_001612,False,Picornaviridae Enterovirus A,96.07623,CV-A16,100.0,CV-A16,100.0,B1b,95.0
LC412299,2445,891,3336,NC_001612,False,Picornaviridae Enterovirus A,95.959595,CV-A16,100.0,CV-A16,100.0,B1b,98.0
LC412300,2445,891,3336,NC_001612,False,Picornaviridae Enterovirus A,95.959595,CV-A16,100.0,CV-A16,100.0,B1b,97.0
LC412301,2445,891,3336,NC_001612,False,Picornaviridae Enterovirus A,96.296295,CV-A16,100.0,CV-A16,100.0,B1b,93.0
LC412302,2445,891,3336,NC_001612,False,Picornaviridae Enterovirus A,95.84736,CV-A16,100.0,CV-A16,100.0,B1b,97.0
LC412303,2445,891,3336,NC_001612,False,Picornaviridae Enterovirus A,96.52077,CV-A16,100.0,CV-A16,100.0,B1b,97.0
LC412304,2445,891,3336,NC_001612,False,Picornaviridae Enterovirus A,96.52077,CV-A16,100.0,CV-A16,100.0,B1b,97.0
LC412305,2445,891,3336,NC_001612,False,Picornaviridae Enterovirus A,96.296295,CV-A16,100.0,CV-A16,100.0,B1b,93.0
LC412306,2445,891,3336,NC_001612,False,Picornaviridae Enterovirus A,98.20427,CV-A16,100.0,CV-A16,100.0,B1b,98.0
LC412307,2445,891,3336,NC_001612,False,Picornaviridae Enterovirus A,97.6431,CV-A16,100.0,CV-A16,100.0,B1b,97.0
LC412308,2445,891,3336,NC_001612,False,Picornaviridae Enterovirus A,97.41863,CV-A16,100.0,CV-A16,100.0,B1b,98.0
LC412310,2445,891,3336,NC_001612,False,Picornaviridae Enterovirus A,97.6431,CV-A16,100.0,CV-A16,100.0,B1b,100.0
LC412311,2445,891,3336,NC_001612,False,Picornaviridae Enterovirus A,97.6431,CV-A16,100.0,CV-A16,100.0,B1b,99.0
LC412312,2445,891,3336,NC_001612,False,Picornaviridae Enterovirus A,97.6431,CV-A16,100.0,CV-A16,100.0,B1b,97.0
LC412313,2445,891,3336,NC_001612,False,Picornaviridae Enterovirus A,95.05618,CV-A16,100.0,CV-A16,100.0,B1a,88.0
LC412314,2445,891,3336,NC_001612,False,Picornaviridae Enterovirus A,94.943825,CV-A16,100.0,CV-A16,100.0,B1a,83.0
LC412315,2445,891,3336,NC_001612,False,Picornaviridae Enterovirus A,94.7191,CV-A16,100.0,CV-A16,100.0,B1a,89.0
LC412317,2445,891,3336,NC_001612,False,Picornaviridae Enterovirus A,97.41863,CV-A16,100.0,CV-A16,100.0,B1b,92.0
LC412318,2445,891,3336,NC_001612,False,Picornaviridae Enterovirus A,97.6431,CV-A16,100.0,CV-A16,100.0,B1b,99.0
LC412319,2445,891,3336,NC_001612,False,Picornaviridae Enterovirus A,97.53087,CV-A16,100.0,CV-A16,100.0,B1b,99.0
LC412320,2445,891,3336,NC_001612,False,Picornaviridae Enterovirus A,97.6431,CV-A16,100.0,CV-A16,100.0,B1b,99.0
LC412322,2445,891,3336,NC_001612,False,Picornaviridae Enterovirus A,94.943825,CV-A16,100.0,CV-A16,100.0,B1a,84.0
LC412323,2445,891,3336,NC_001612,False,Picornaviridae Enterovirus A,97.75533,CV-A16,100.0,CV-A16,100.0,B1b,99.0
LC412324,2445,891,3336,NC_001612,False,Picornaviridae Enterovirus A,95.05618,CV-A16,100.0,CV-A16,100.0,B1a,83.0
LC412325,2445,891,3336,NC_001612,False,Picornaviridae Enterovirus A,97.41863,CV-A16,100.0,CV-A16,100.0,B1b,97.0
LC412326,2445,891,3336,NC_001612,False,Picornaviridae Enterovirus A,97.41863,CV-A16,100.0,CV-A16,100.0,B1b,100.0
LC412327,2445,891,3336,NC_001612,False,Picornaviridae Enterovirus A,97.6431,CV-A16,100.0,CV-A16,100.0,B1b,99.0
LC412328,2445,891,3336,NC_001612,False,Picornaviridae Enterovirus A,97.53087,CV-A16,100.0,CV-A16,100.0,B1b,99.0
LC412329,2445,891,3336,NC_001612,False,Picornaviridae Enterovirus A,97.53087,CV-A16,100.0,CV-A16,100.0,B1b,99.0
LC412330,2445,891,3336,NC_001612,False,Picornaviridae Enterovirus A,97.6431,CV-A16,100.0,CV-A16,100.0,B1b,99.0
LC412332,2445,891,3336,NC_001612,False,Picornaviridae Enterovirus A,96.85747,CV-A16,100.0,CV-A16,100.0,B1b,97.0
LC412334,2445,891,3336,NC_001612,False,Picornaviridae Enterovirus A,97.6431,CV-A16,100.0,CV-A16,100.0,B1b,97.0
LC412336,2445,891,3336,NC_001612,False,Picornaviridae Enterovirus A,97.6431,CV-A16,100.0,CV-A16,100.0,B1b,98.0
LC412337,2445,891,3336,NC_001612,False,Picornaviridae Enterovirus A,97.41863,CV-A16,100.0,CV-A16,100.0,B1b,98.0
LC412338,2445,891,3336,NC_001612,False,Picornaviridae Enterovirus A,97.41863,CV-A16,100.0,CV-A16,100.0,B1b,99.0
LC412339,2445,891,3336,NC_001612,False,Picornaviridae Enterovirus A,95.05618,CV-A16,100.0,CV-A16,100.0,B1a,88.0
LC412340,2445,891,3336,NC_001612,False,Picornaviridae Enterovirus A,97.3064,CV-A16,100.0,CV-A16,100.0,B1b,98.0
LC412341,2445,891,3336,NC_001612,False,Picornaviridae Enterovirus A,96.52077,CV-A16,100.0,CV-A16,100.0,B1b,96.0
LC412342,2445,891,3336,NC_001612,False,Picornaviridae Enterovirus A,96.40853,CV-A16,100.0,CV-A16,100.0,B1b,93.0
LC412343,2445,891,3336,NC_001612,False,Picornaviridae Enterovirus A,97.41863,CV-A16,100.0,CV-A16,100.0,B1b,99.0
LC412344,2445,891,3336,NC_001612,False,Picornaviridae Enterovirus A,97.6431,CV-A16,100.0,CV-A16,100.0,B1b,99.0
LC412345,2445,891,3336,NC_001612,False,Picornaviridae Enterovirus A,97.75533,CV-A16,100.0,CV-A16,100.0,B1b,99.0
LC412346,2445,891,3336,NC_001612,False,Picornaviridae Enterovirus A,97.41863,CV-A16,100.0,CV-A16,100.0,B1b,97.0
LC413077,2445,891,3336,NC_001612,False,Picornaviridae Enterovirus A,97.75533,CV-A16,100.0,CV-A16,100.0,B1b,94.0
LC413078,2445,891,3336,NC_001612,False,Picornaviridae Enterovirus A,96.85747,CV-A16,100.0,CV-A16,100.0,B1b,96.0
LC413079,2445,891,3336,NC_001612,False,Picornaviridae Enterovirus A,97.3064,CV-A16,100.0,CV-A16,100.0,B1b,99.0
LC413080,2445,891,3336,NC_001612,False,Picornaviridae Enterovirus A,98.20427,CV-A16,100.0,CV-A16,100.0,B1b,98.0
LC413081,2445,891,3336,NC_001612,False,Picornaviridae Enterovirus A,97.75533,CV-A16,100.0,CV-A16,100.0,B1b,97.0
LC413082,2445,891,3336,NC_001612,False,Picornaviridae Enterovirus A,96.40853,CV-A16,100.0,CV-A16,100.0,B1b,95.0
LC413083,2445,891,3336,NC_001612,False,Picornaviridae Enterovirus A,97.64045,CV-A16,100.0,CV-A16,100.0,B1b,100.0
LC413084,2445,891,3336,NC_001612,False,Picornaviridae Enterovirus A,97.19417,CV-A16,100.0,CV-A16,100.0,B1b,100.0
LC413085,2445,891,3336,NC_001612,False,Picornaviridae Enterovirus A,97.86757,CV-A16,100.0,CV-A16,100.0,B1b,98.0
LC413086,2445,891,3336,NC_001612,False,Picornaviridae Enterovirus A,97.75533,CV-A16,100.0,CV-A16,100.0,B1b,98.0
LC413087,2445,891,3336,NC_001612,False,Picornaviridae Enterovirus A,96.18407,CV-A16,100.0,CV-A16,100.0,B1b,93.0
LC413088,2445,891,3336,NC_001612,False,Picornaviridae Enterovirus A,97.6431,CV-A16,100.0,CV-A16,100.0,B1b,100.0
LC413089,2445,891,3336,NC_001612,False,Picornaviridae Enterovirus A,97.53087,CV-A16,100.0,CV-A16,100.0,B1b,99.0
LC413090,2445,891,3336,NC_001612,False,Picornaviridae Enterovirus A,97.6431,CV-A16,100.0,CV-A16,100.0,B1b,98.0
LC413091,2445,891,3336,NC_001612,False,Picornaviridae Enterovirus A,98.20427,CV-A16,100.0,CV-A16,100.0,B1b,98.0
LC413092,2445,891,3336,NC_001612,False,Picornaviridae Enterovirus A,97.6431,CV-A16,100.0,CV-A16,100.0,B1b,100.0
LC413093,2445,891,3336,NC_001612,False,Picornaviridae Enterovirus A,98.09203,CV-A16,100.0,CV-A16,100.0,B1b,93.0
LC413094,2445,891,3336,NC_001612,False,Picornaviridae Enterovirus A,97.9798,CV-A16,100.0,CV-A16,100.0,B1b,97.0
LC413095,2445,891,3336,NC_001612,False,Picornaviridae Enterovirus A,98.09203,CV-A16,100.0,CV-A16,100.0,B1b,96.0
LC413096,2445,891,3336,NC_001612,False,Picornaviridae Enterovirus A,97.53087,CV-A16,100.0,CV-A16,100.0,B1b,98.0
LC413097,2445,891,3336,NC_001612,False,Picornaviridae Enterovirus A,98.09203,CV-A16,100.0,CV-A16,100.0,B1b,98.0
LC413098,2445,891,3336,NC_001612,False,Picornaviridae Enterovirus A,97.9798,CV-A16,100.0,CV-A16,100.0,B1b,98.0
LC413099,2445,891,3336,NC_001612,False,Picornaviridae Enterovirus A,98.09203,CV-A16,100.0,CV-A16,100.0,B1b,98.0
LC413100,2445,891,3336,NC_001612,False,Picornaviridae Enterovirus A,98.09203,CV-A16,100.0,CV-A16,100.0,B1b,98.0
LC413101,2445,891,3336,NC_001612,False,Picornaviridae Enterovirus A,97.53087,CV-A16,100.0,CV-A16,100.0,B1b,98.0
LC413102,2445,891,3336,NC_001612,False,Picornaviridae Enterovirus A,96.85747,CV-A16,100.0,CV-A16,100.0,B1b,98.0
LC413103,2445,891,3336,NC_001612,False,Picornaviridae Enterovirus A,96.74523,CV-A16,100.0,CV-A16,100.0,B1b,96.0
LC413104,2445,891,3336,NC_001612,False,Picornaviridae Enterovirus A,96.07183,CV-A16,100.0,CV-A16,100.0,B1b,93.0
LC413105,2445,891,3336,NC_001612,False,Picornaviridae Enterovirus A,96.85747,CV-A16,100.0,CV-A16,100.0,B1b,98.0
LC413106,2445,891,3336,NC_001612,False,Picornaviridae Enterovirus A,97.75533,CV-A16,100.0,CV-A16,100.0,B1b,96.0
LC413107,2445,891,3336,NC_001612,False,Picornaviridae Enterovirus A,97.53087,CV-A16,100.0,CV-A16,100.0,B1b,99.0
LC413108,2445,891,3336,NC_001612,False,Picornaviridae Enterovirus A,96.85747,CV-A16,100.0,CV-A16,100.0,B1b,99.0
LC413109,2445,891,3336,NC_001612,False,Picornaviridae Enterovirus A,97.53087,CV-A16,100.0,CV-A16,100.0,B1b,96.0
LC413110,2445,891,3336,NC_001612,False,Picornaviridae Enterovirus A,97.6431,CV-A16,100.0,CV-A16,100.0,B1b,98.0
LC413111,2445,891,3336,NC_001612,False,Picornaviridae Enterovirus A,96.18407,CV-A16,100.0,CV-A16,100.0,B1b,95.0
LC413112,2445,891,3336,NC_001612,False,Picornaviridae Enterovirus A,97.6431,CV-A16,100.0,CV-A16,100.0,B1b,99.0
LC413113,2445,891,3336,NC_001612,False,Picornaviridae Enterovirus A,96.85747,CV-A16,100.0,CV-A16,100.0,B1b,100.0
LC413114,2445,891,3336,NC_001612,False,Picornaviridae Enterovirus A,97.3064,CV-A16,100.0,CV-A16,100.0,B1b,98.0
LC413115,2445,891,3336,NC_001612,False,Picornaviridae Enterovirus A,98.09203,CV-A16,100.0,CV-A16,100.0,B1b,94.0
LC413116,2445,891,3336,NC_001612,False,Picornaviridae Enterovirus A,97.6431,CV-A16,100.0,CV-A16,100.0,B1b,99.0
LC413117,2445,891,3336,NC_001612,False,Picornaviridae Enterovirus A,97.19417,CV-A16,100.0,CV-A16,100.0,B1b,97.0
LC413118,2445,891,3336,NC_001612,False,Picornaviridae Enterovirus A,96.296295,CV-A16,100.0,CV-A16,100.0,B1b,97.0
LC413119,2445,891,3336,NC_001612,False,Picornaviridae Enterovirus A,95.73513,CV-A16,100.0,CV-A16,100.0,B1b,98.0
LC413120,2445,891,3336,NC_001612,False,Picornaviridae Enterovirus A,96.52077,CV-A16,100.0,CV-A16,100.0,B1b,99.0
LC438151,2445,891,3336,NC_001612,False,Picornaviridae Enterovirus A,97.53087,CV-A16,100.0,CV-A16,100.0,B1a,92.0
LC438152,2445,891,3336,NC_001612,False,Picornaviridae Enterovirus A,96.96629,CV-A16,100.0,CV-A16,100.0,B1a,82.0
LC438153,2445,891,3336,NC_001612,False,Picornaviridae Enterovirus A,97.08193,CV-A16,100.0,CV-A16,100.0,B1a,81.0
LC438154,2445,891,3336,NC_001612,False,Picornaviridae Enterovirus A,97.52809,CV-A16,100.0,CV-A16,100.0,B1a,90.0
LC438155,2445,891,3336,NC_001612,False,Picornaviridae Enterovirus A,97.415726,CV-A16,100.0,CV-A16,100.0,B1a,86.0
LC438156,2445,891,3336,NC_001612,False,Picornaviridae Enterovirus A,97.303375,CV-A16,100.0,CV-A16,100.0,B1a,84.0
LC438157,2445,891,3336,NC_001612,False,Picornaviridae Enterovirus A,97.18151,CV-A16,100.0,CV-A16,100.0,B1b,97.0
LC438158,2445,891,3336,NC_001612,False,Picornaviridae Enterovirus A,96.969696,CV-A16,100.0,CV-A16,100.0,B1a,87.0
LC438159,2448,888,3336,NC_001612,False,Picornaviridae Enterovirus A,96.84329,CV-A16,100.0,CV-A16,100.0,B1a,85.0
LC438160,2445,867,3312,NC_001612,False,Picornaviridae Enterovirus A,95.617065,CV-A16,100.0,CV-A16,100.0,B1a,85.0
LC438161,2445,891,3336,NC_001612,False,Picornaviridae Enterovirus A,97.75281,CV-A16,100.0,CV-A16,100.0,B1a,88.0
LC438162,2487,849,3336,NC_001612,False,Picornaviridae Enterovirus A,97.05189,CV-A16,100.0,CV-A16,100.0,B1a,94.0
LC438163,2445,891,3336,NC_001612,False,Picornaviridae Enterovirus A,95.8427,CV-A16,100.0,CV-A16,100.0,B1a,85.0
LC438164,2445,870,3315,NC_001612,False,Picornaviridae Enterovirus A,96.99074,CV-A16,100.0,CV-A16,100.0,B1a,85.0
LC438165,2445,873,3318,NC_001612,False,Picornaviridae Enterovirus A,96.44902,CV-A16,100.0,CV-A16,100.0,B1a,85.0
LC438166,2445,891,3336,NC_001612,False,Picornaviridae Enterovirus A,95.8427,CV-A16,100.0,CV-A16,100.0,B1a,84.0
LC438167,2445,891,3336,NC_001612,False,Picornaviridae Enterovirus A,97.07865,CV-A16,100.0,CV-A16,100.0,B1a,80.0
LC438168,2445,891,3336,NC_001612,False,Picornaviridae Enterovirus A,96.29213,CV-A16,100.0,CV-A16,100.0,B1a,83.0
LC438169,2445,891,3336,NC_001612,False,Picornaviridae Enterovirus A,96.404495,CV-A16,100.0,CV-A16,100.0,B1a,86.0
LC438170,2445,891,3336,NC_001612,False,Picornaviridae Enterovirus A,95.61798,CV-A16,100.0,CV-A16,100.0,B1a,87.0
LC438171,2445,891,3336,NC_001612,False,Picornaviridae Enterovirus A,96.06741,CV-A16,100.0,CV-A16,100.0,B1a,88.0
LC438172,2445,855,3300,NC_001612,False,Picornaviridae Enterovirus A,96.608185,CV-A16,100.0,CV-A16,100.0,B1a,83.0
LC438173,2469,867,3336,NC_001612,False,Picornaviridae Enterovirus A,96.42033,CV-A16,100.0,CV-A16,100.0,B1a,86.0
LC438174,2445,891,3336,NC_001612,False,Picornaviridae Enterovirus A,95.8427,CV-A16,100.0,CV-A16,100.0,B1a,84.0
LC438175,2445,891,3336,NC_001612,False,Picornaviridae Enterovirus A,96.06741,CV-A16,100.0,CV-A16,100.0,B1a,82.0
LC438176,2445,891,3336,NC_001612,False,Picornaviridae Enterovirus A,95.73033,CV-A16,100.0,CV-A16,100.0,B1a,83.0
LC438177,2445,891,3336,NC_001612,False,Picornaviridae Enterovirus A,95.8427,CV-A16,100.0,CV-A16,100.0,B1a,80.0
LC438178,2445,891,3336,NC_001612,False,Picornaviridae Enterovirus A,96.51685,CV-A16,100.0,CV-A16,100.0,B1a,86.0
LC438179,2445,891,3336,NC_001612,False,Picornaviridae Enterovirus A,95.505615,CV-A16,100.0,CV-A16,100.0,B1a,87.0
LC438180,2445,888,3333,NC_001612,False,Picornaviridae Enterovirus A,95.60811,CV-A16,100.0,CV-A16,100.0,B1a,92.0
LC438181,2445,891,3336,NC_001612,False,Picornaviridae Enterovirus A,98.20427,CV-A16,100.0,CV-A16,100.0,B1b,97.0
LC438182,2445,891,3336,NC_001612,False,Picornaviridae Enterovirus A,95.61798,CV-A16,100.0,CV-A16,100.0,B1a,90.0
LC438183,2445,891,3336,NC_001612,False,Picornaviridae Enterovirus A,95.72554,CV-A16,100.0,CV-A16,100.0,B1a,89.0
LC438184,2445,858,3303,NC_001612,False,Picornaviridae Enterovirus A,95.33799,CV-A16,100.0,CV-A16,100.0,B1a,86.0
LC438185,2445,891,3336,NC_001612,False,Picornaviridae Enterovirus A,96.06741,CV-A16,100.0,CV-A16,100.0,B1a,89.0
LC438186,2445,858,3303,NC_001612,False,Picornaviridae Enterovirus A,95.677574,CV-A16,100.0,CV-A16,100.0,B1a,88.0
LC438187,2472,825,3297,NC_001612,False,Picornaviridae Enterovirus A,95.51515,CV-A16,100.0,CV-A16,100.0,B1a,86.0
LC438188,2445,891,3336,NC_001612,False,Picornaviridae Enterovirus A,95.2809,CV-A16,100.0,CV-A16,100.0,B1a,90.0
LC438189,2445,891,3336,NC_001612,False,Picornaviridae Enterovirus A,95.2809,CV-A16,100.0,CV-A16,100.0,B1a,87.0
LC438190,2445,891,3336,NC_001612,False,Picornaviridae Enterovirus A,95.61798,CV-A16,100.0,CV-A16,100.0,B1a,81.0
LC438192,2445,891,3336,NC_001612,False,Picornaviridae Enterovirus A,95.8427,CV-A16,100.0,CV-A16,100.0,B1a,84.0
LC438193,2445,891,3336,NC_001612,False,Picornaviridae Enterovirus A,95.505615,CV-A16,100.0,CV-A16,100.0,B1a,92.0
LC438194,2445,891,3336,NC_001612,False,Picornaviridae Enterovirus A,95.8427,CV-A16,100.0,CV-A16,100.0,B1a,83.0
LC438195,2445,891,3336,NC_001612,False,Picornaviridae Enterovirus A,95.2809,CV-A16,100.0,CV-A16,100.0,B1a,91.0
LC438197,2445,891,3336,NC_001612,False,Picornaviridae Enterovirus A,95.60316,CV-A16,100.0,CV-A16,100.0,B1a,86.0
LC438198,2445,855,3300,NC_001612,False,Picornaviridae Enterovirus A,95.90643,CV-A16,100.0,CV-A16,100.0,B1a,80.0
LC438199,2445,891,3336,NC_001612,False,Picornaviridae Enterovirus A,95.04505,CV-A16,100.0,CV-A16,100.0,B1a,82.0
LC438200,2445,885,3330,NC_001612,False,Picornaviridae Enterovirus A,95.367226,CV-A16,100.0,CV-A16,100.0,B1a,85.0
LC438201,2445,891,3336,NC_001612,False,Picornaviridae Enterovirus A,95.61798,CV-A16,100.0,CV-A16,100.0,B1a,83.0
LC438202,2445,891,3336,NC_001612,False,Picornaviridae Enterovirus A,95.73033,CV-A16,100.0,CV-A16,100.0,B1a,81.0
LC438203,2445,891,3336,NC_001612,False,Picornaviridae Enterovirus A,96.06741,CV-A16,100.0,CV-A16,100.0,B1a,81.0
LC438204,2445,891,3336,NC_001612,False,Picornaviridae Enterovirus A,95.39326,CV-A16,100.0,CV-A16,100.0,B1a,83.0
LC438205,2445,891,3336,NC_001612,False,Picornaviridae Enterovirus A,99.21436,CV-A16,100.0,CV-A16,100.0,B1b,96.0
LC438206,2445,891,3336,NC_001612,False,Picornaviridae Enterovirus A,95.8427,CV-A16,100.0,CV-A16,100.0,B1a,82.0
LC438208,2445,891,3336,NC_001612,False,Picornaviridae Enterovirus A,95.2809,CV-A16,100.0,CV-A16,100.0,B1a,84.0
LC438209,2445,858,3303,NC_001612,False,Picornaviridae Enterovirus A,94.28905,CV-A16,100.0,CV-A16,100.0,B1a,81.0
LC438210,2445,891,3336,NC_001612,False,Picornaviridae Enterovirus A,95.73033,CV-A16,100.0,CV-A16,100.0,B1a,86.0
LC438211,2445,891,3336,NC_001612,False,Picornaviridae Enterovirus A,99.21436,CV-A16,100.0,CV-A16,100.0,B1b,98.0
LC438212,2445,891,3336,NC_001612,False,Picornaviridae Enterovirus A,95.60811,CV-A16,100.0,CV-A16,100.0,B1a,85.0
LC438213,2445,891,3336,NC_001612,False,Picornaviridae Enterovirus A,94.943825,CV-A16,100.0,CV-A16,100.0,B1a,82.0
LC438214,2445,891,3336,NC_001612,False,Picornaviridae Enterovirus A,95.16853,CV-A16,100.0,CV-A16,100.0,B1a,83.0
LC438215,2445,891,3336,NC_001612,False,Picornaviridae Enterovirus A,94.7191,CV-A16,100.0,CV-A16,100.0,B1a,85.0
LC438217,2445,891,3336,NC_001612,False,Picornaviridae Enterovirus A,94.60674,CV-A16,100.0,CV-A16,100.0,B1a,83.0
LC438219,2445,891,3336,NC_001612,False,Picornaviridae Enterovirus A,93.93939,CV-A16,100.0,CV-A16,100.0,B1a,87.0
LC438220,2445,891,3336,NC_001612,False,Picornaviridae Enterovirus A,95.17396,CV-A16,100.0,CV-A16,100.0,B1a,84.0
LC438221,2445,891,3336,NC_001612,False,Picornaviridae Enterovirus A,93.82023,CV-A16,100.0,CV-A16,100.0,B1a,81.0
LC438222,2445,891,3336,NC_001612,False,Picornaviridae Enterovirus A,94.943825,CV-A16,100.0,CV-A16,100.0,B1a,85.0
LC438223,2445,891,3336,NC_001612,False,Picornaviridae Enterovirus A,93.25843,CV-A16,100.0,CV-A16,100.0,B1a,82.0
LC438224,2445,891,3336,NC_001612,False,Picornaviridae Enterovirus A,94.26966,CV-A16,100.0,CV-A16,100.0,B1a,82.0
LC438225,2445,891,3336,NC_001612,False,Picornaviridae Enterovirus A,98.9899,CV-A16,100.0,CV-A16,100.0,B1b,98.0
LC438226,2445,891,3336,NC_001612,False,Picornaviridae Enterovirus A,94.494385,CV-A16,100.0,CV-A16,100.0,B1a,89.0
LC438227,2445,891,3336,NC_001612,False,Picornaviridae Enterovirus A,93.37079,CV-A16,100.0,CV-A16,100.0,B1a,83.0
LC438228,2445,891,3336,NC_001612,False,Picornaviridae Enterovirus A,93.146065,CV-A16,100.0,CV-A16,100.0,B1a,84.0
LC438229,2445,891,3336,NC_001612,False,Picornaviridae Enterovirus A,95.05618,CV-A16,100.0,CV-A16,100.0,B1a,82.0
LC438230,2445,891,3336,NC_001612,False,Picornaviridae Enterovirus A,95.16853,CV-A16,100.0,CV-A16,100.0,B1a,84.0
LC438234,2445,891,3336,NC_001612,False,Picornaviridae Enterovirus A,94.7191,CV-A16,100.0,CV-A16,100.0,B1a,87.0
LC438235,2445,891,3336,NC_001612,False,Picornaviridae Enterovirus A,94.7191,CV-A16,100.0,CV-A16,100.0,B1a,83.0
LC438236,2445,891,3336,NC_001612,False,Picornaviridae Enterovirus A,95.17396,CV-A16,100.0,CV-A16,100.0,B1a,85.0
LC438239,2445,891,3336,NC_001612,False,Picornaviridae Enterovirus A,95.05618,CV-A16,100.0,CV-A16,100.0,B1a,81.0
LC438243,2445,891,3336,NC_001612,False,Picornaviridae Enterovirus A,94.943825,CV-A16,100.0,CV-A16,100.0,B1a,87.0
LC438244,2445,891,3336,NC_001612,False,Picornaviridae Enterovirus A,94.60674,CV-A16,100.0,CV-A16,100.0,B1a,80.0
LC438245,2445,891,3336,NC_001612,False,Picornaviridae Enterovirus A,97.86757,CV-A16,100.0,CV-A16,100.0,B1b,96.0
LC438246,2445,891,3336,NC_001612,False,Picornaviridae Enterovirus A,97.53087,CV-A16,100.0,CV-A16,100.0,B1b,99.0
LC438247,2445,891,3336,NC_001612,False,Picornaviridae Enterovirus A,94.38203,CV-A16,100.0,CV-A16,100.0,B1a,86.0
LC438249,2445,891,3336,NC_001612,False,Picornaviridae Enterovirus A,95.16853,CV-A16,100.0,CV-A16,100.0,B1a,82.0
LC438251,2445,891,3336,NC_001612,False,Picornaviridae Enterovirus A,94.943825,CV-A16,100.0,CV-A16,100.0,B1a,86.0
LC438252,2445,891,3336,NC_001612,False,Picornaviridae Enterovirus A,95.17396,CV-A16,100.0,CV-A16,100.0,B1a,86.0
LC438256,2445,891,3336,NC_001612,False,Picornaviridae Enterovirus A,98.3165,CV-A16,100.0,CV-A16,100.0,B1b,98.0
LC438258,2445,891,3336,NC_001612,False,Picornaviridae Enterovirus A,93.595505,CV-A16,100.0,CV-A16,100.0,B1a,83.0
LC438259,2445,891,3336,NC_001612,False,Picornaviridae Enterovirus A,95.05618,CV-A16,100.0,CV-A16,100.0,B1a,80.0
LC438260,2445,891,3336,NC_001612,False,Picornaviridae Enterovirus A,94.83146,CV-A16,100.0,CV-A16,100.0,B1a,88.0
LC438262,2445,891,3336,NC_001612,False,Picornaviridae Enterovirus A,94.83146,CV-A16,100.0,CV-A16,100.0,B1a,83.0
LC438263,2445,891,3336,NC_001612,False,Picornaviridae Enterovirus A,94.26966,CV-A16,100.0,CV-A16,100.0,B1a,81.0
LC438264,2445,891,3336,NC_001612,False,Picornaviridae Enterovirus A,94.044945,CV-A16,100.0,CV-A16,100.0,B1a,82.0
LC438265,2445,891,3336,NC_001612,False,Picornaviridae Enterovirus A,94.044945,CV-A16,100.0,CV-A16,100.0,B1a,81.0
LC438267,2445,891,3336,NC_001612,False,Picornaviridae Enterovirus A,94.1573,CV-A16,100.0,CV-A16,100.0,B1a,90.0
LC438270,2445,891,3336,NC_001612,False,Picornaviridae Enterovirus A,94.7191,CV-A16,100.0,CV-A16,100.0,B1a,86.0
LC438271,2445,891,3336,NC_001612,False,Picornaviridae Enterovirus A,94.1573,CV-A16,100.0,CV-A16,100.0,B1a,83.0
LC438272,2445,891,3336,NC_001612,False,Picornaviridae Enterovirus A,94.494385,CV-A16,100.0,CV-A16,100.0,B1a,83.0
LC506455,15,7396,7413,NC_001612,False,Picornaviridae Enterovirus A,96.998375,CV-A16,100.0,CV-A16,100.0,B1b,100.0
LC506456,15,7389,7408,NC_001612,False,Picornaviridae Enterovirus A,96.93684,CV-A16,100.0,CV-A16,100.0,B1a,90.0
LC506457,15,7394,7413,NC_001612,False,Picornaviridae Enterovirus A,98.010826,CV-A16,100.0,CV-A16,100.0,B1b,100.0
LC506458,34,7374,7413,NC_001612,False,Picornaviridae Enterovirus A,98.697426,CV-A16,100.0,CV-A16,100.0,B1b,97.0
LC506459,15,7394,7413,NC_001612,False,Picornaviridae Enterovirus A,95.5739,CV-A16,100.0,CV-A16,100.0,B1a,89.0
LC506461,24,7298,7332,NC_001612,False,Picornaviridae Enterovirus A,93.50862,CV-A16,100.0,CV-A16,100.0,B1a,85.0
LC506462,15,7384,7408,NC_001612,False,Picornaviridae Enterovirus A,93.19258,CV-A16,100.0,CV-A16,100.0,B1a,85.0
LC516786,2445,891,3336,NC_001612,False,Picornaviridae Enterovirus A,97.53087,CV-A16,100.0,CV-A16,100.0,B1b,99.0
LC516787,2445,891,3336,NC_001612,False,Picornaviridae Enterovirus A,97.9798,CV-A16,100.0,CV-A16,100.0,B1b,100.0
LC516788,2445,891,3336,NC_001612,False,Picornaviridae Enterovirus A,97.53087,CV-A16,100.0,CV-A16,100.0,B1b,96.0
LC516789,2445,891,3336,NC_001612,False,Picornaviridae Enterovirus A,97.6431,CV-A16,100.0,CV-A16,100.0,B1b,98.0
LC516790,2445,891,3336,NC_001612,False,Picornaviridae Enterovirus A,96.296295,CV-A16,100.0,CV-A16,100.0,B1b,97.0
LC516791,2445,891,3336,NC_001612,False,Picornaviridae Enterovirus A,96.85747,CV-A16,100.0,CV-A16,100.0,B1b,100.0
LC516792,2445,891,3336,NC_001612,False,Picornaviridae Enterovirus A,96.52077,CV-A16,100.0,CV-A16,100.0,B1b,98.0
LC533783,2445,891,3336,NC_001612,False,Picornaviridae Enterovirus A,96.296295,CV-A16,100.0,CV-A16,100.0,B1b,97.0
LC533784,2445,891,3336,NC_001612,False,Picornaviridae Enterovirus A,94.26966,CV-A16,100.0,CV-A16,100.0,B1a,80.0
LC533785,2445,891,3336,NC_001612,False,Picornaviridae Enterovirus A,96.18407,CV-A16,100.0,CV-A16,100.0,B1b,97.0
LC533786,2445,891,3336,NC_001612,False,Picornaviridae Enterovirus A,94.26966,CV-A16,100.0,CV-A16,100.0,B1a,86.0
LC533787,2445,891,3336,NC_001612,False,Picornaviridae Enterovirus A,96.52077,CV-A16,100.0,CV-A16,100.0,B1b,100.0
LC533788,2445,891,3336,NC_001612,False,Picornaviridae Enterovirus A,95.06173,CV-A16,100.0,CV-A16,100.0,B1b,94.0
LC533791,2445,891,3336,NC_001612,False,Picornaviridae Enterovirus A,96.296295,CV-A16,100.0,CV-A16,100.0,B1b,100.0
LC533793,2445,891,3336,NC_001612,False,Picornaviridae Enterovirus A,94.044945,CV-A16,100.0,CV-A16,100.0,B1a,82.0
LC533794,2445,891,3336,NC_001612,False,Picornaviridae Enterovirus A,93.93259,CV-A16,100.0,CV-A16,100.0,B1a,84.0
LC533795,2445,891,3336,NC_001612,False,Picornaviridae Enterovirus A,94.38203,CV-A16,100.0,CV-A16,100.0,B1a,85.0
LC533796,2445,891,3336,NC_001612,False,Picornaviridae Enterovirus A,94.94949,CV-A16,100.0,CV-A16,100.0,B1b,95.0
LC555954,2445,891,3336,NC_001612,False,Picornaviridae Enterovirus A,96.52077,CV-A16,100.0,CV-A16,100.0,B1b,100.0
LC555956,2445,891,3336,NC_001612,False,Picornaviridae Enterovirus A,96.632996,CV-A16,100.0,CV-A16,100.0,B1b,98.0
LC555957,2445,891,3336,NC_001612,False,Picornaviridae Enterovirus A,97.53087,CV-A16,100.0,CV-A16,100.0,B1b,100.0
LC555958,2445,891,3336,NC_001612,False,Picornaviridae Enterovirus A,94.83146,CV-A16,100.0,CV-A16,100.0,B1a,86.0
LC555959,2445,891,3336,NC_001612,False,Picornaviridae Enterovirus A,94.83146,CV-A16,100.0,CV-A16,100.0,B1a,83.0
LC555961,2445,891,3336,NC_001612,False,Picornaviridae Enterovirus A,96.632996,CV-A16,100.0,CV-A16,100.0,B1b,95.0
LC555962,2445,891,3336,NC_001612,False,Picornaviridae Enterovirus A,96.632996,CV-A16,100.0,CV-A16,100.0,B1b,96.0
LC555963,2445,891,3336,NC_001612,False,Picornaviridae Enterovirus A,96.52077,CV-A16,100.0,CV-A16,100.0,B1b,98.0
LC555964,2445,891,3336,NC_001612,False,Picornaviridae Enterovirus A,96.52077,CV-A16,100.0,CV-A16,100.0,B1b,98.0
LC555965,2445,891,3336,NC_001612,False,Picornaviridae Enterovirus A,96.52077,CV-A16,100.0,CV-A16,100.0,B1b,97.0
LC555966,2445,891,3336,NC_001612,False,Picornaviridae Enterovirus A,96.52077,CV-A16,100.0,CV-A16,100.0,B1b,98.0
LC555967,2445,891,3336,NC_001612,False,Picornaviridae Enterovirus A,96.632996,CV-A16,100.0,CV-A16,100.0,B1b,100.0
LC555968,2445,891,3336,NC_001612,False,Picornaviridae Enterovirus A,96.52077,CV-A16,100.0,CV-A16,100.0,B1b,100.0
LC555969,2445,891,3336,NC_001612,False,Picornaviridae Enterovirus A,96.40853,CV-A16,100.0,CV-A16,100.0,B1b,100.0
LC555970,2445,891,3336,NC_001612,False,Picornaviridae Enterovirus A,96.52077,CV-A16,100.0,CV-A16,100.0,B1b,95.0
LC555971,2445,891,3336,NC_001612,False,Picornaviridae Enterovirus A,96.632996,CV-A16,100.0,CV-A16,100.0,B1b,99.0
LC555972,2445,891,3336,NC_001612,False,Picornaviridae Enterovirus A,95.84736,CV-A16,100.0,CV-A16,100.0,B1b,96.0
LC555973,2445,891,3336,NC_001612,False,Picornaviridae Enterovirus A,96.52077,CV-A16,100.0,CV-A16,100.0,B1b,97.0
LC555974,2445,891,3336,NC_001612,False,Picornaviridae Enterovirus A,95.84736,CV-A16,100.0,CV-A16,100.0,B1b,92.0
LC555976,2445,891,3336,NC_001612,False,Picornaviridae Enterovirus A,94.7191,CV-A16,100.0,CV-A16,100.0,B1a,86.0
LC555980,2445,891,3336,NC_001612,False,Picornaviridae Enterovirus A,96.52077,CV-A16,100.0,CV-A16,100.0,B1b,99.0
LC555981,2445,891,3336,NC_001612,False,Picornaviridae Enterovirus A,94.83146,CV-A16,100.0,CV-A16,100.0,B1a,88.0
LC555982,2445,891,3336,NC_001612,False,Picornaviridae Enterovirus A,95.959595,CV-A16,100.0,CV-A16,100.0,B1b,94.0
LC555983,2445,891,3336,NC_001612,False,Picornaviridae Enterovirus A,94.7191,CV-A16,100.0,CV-A16,100.0,B1a,84.0
LC555984,2445,891,3336,NC_001612,False,Picornaviridae Enterovirus A,95.959595,CV-A16,100.0,CV-A16,100.0,B1b,97.0
LC555985,2445,891,3336,NC_001612,False,Picornaviridae Enterovirus A,94.83146,CV-A16,100.0,CV-A16,100.0,B1a,84.0
LC555986,2445,891,3336,NC_001612,False,Picornaviridae Enterovirus A,96.40853,CV-A16,100.0,CV-A16,100.0,B1b,97.0
LC555988,2445,891,3336,NC_001612,False,Picornaviridae Enterovirus A,96.52077,CV-A16,100.0,CV-A16,100.0,B1b,97.0
LC555989,2445,891,3336,NC_001612,False,Picornaviridae Enterovirus A,96.52077,CV-A16,100.0,CV-A16,100.0,B1b,99.0
LC555990,2445,891,3336,NC_001612,False,Picornaviridae Enterovirus A,96.632996,CV-A16,100.0,CV-A16,100.0,B1b,96.0
LC555991,2445,891,3336,NC_001612,False,Picornaviridae Enterovirus A,96.52077,CV-A16,100.0,CV-A16,100.0,B1b,98.0
LC555992,2445,891,3336,NC_001612,False,Picornaviridae Enterovirus A,96.632996,CV-A16,100.0,CV-A16,100.0,B1b,98.0
LC555993,2445,891,3336,NC_001612,False,Picornaviridae Enterovirus A,96.632996,CV-A16,100.0,CV-A16,100.0,B1b,95.0
LC555994,2445,891,3336,NC_001612,False,Picornaviridae Enterovirus A,96.632996,CV-A16,100.0,CV-A16,100.0,B1b,100.0
LC555995,2445,891,3336,NC_001612,False,Picornaviridae Enterovirus A,96.632996,CV-A16,100.0,CV-A16,100.0,B1b,96.0
LC555997,2445,891,3336,NC_001612,False,Picornaviridae Enterovirus A,96.52077,CV-A16,100.0,CV-A16,100.0,B1b,95.0
LC555998,2445,891,3336,NC_001612,False,Picornaviridae Enterovirus A,96.18407,CV-A16,100.0,CV-A16,100.0,B1b,98.0
LC555999,2445,891,3336,NC_001612,False,Picornaviridae Enterovirus A,96.40853,CV-A16,100.0,CV-A16,100.0,B1b,99.0
LC556001,2445,891,3336,NC_001612,False,Picornaviridae Enterovirus A,96.18407,CV-A16,100.0,CV-A16,100.0,B1b,99.0
LC556002,2445,891,3336,NC_001612,False,Picornaviridae Enterovirus A,96.632996,CV-A16,100.0,CV-A16,100.0,B1b,98.0
LC556003,2445,891,3336,NC_001612,False,Picornaviridae Enterovirus A,96.52077,CV-A16,100.0,CV-A16,100.0,B1b,99.0
LC556005,2445,891,3336,NC_001612,False,Picornaviridae Enterovirus A,96.74523,CV-A16,100.0,CV-A16,100.0,B1b,97.0
LC556006,2445,891,3336,NC_001612,False,Picornaviridae Enterovirus A,96.74523,CV-A16,100.0,CV-A16,100.0,B1b,99.0
LC556007,2445,891,3336,NC_001612,False,Picornaviridae Enterovirus A,96.74523,CV-A16,100.0,CV-A16,100.0,B1b,99.0
LC556008,2445,891,3336,NC_001612,False,Picornaviridae Enterovirus A,96.632996,CV-A16,100.0,CV-A16,100.0,B1b,98.0
LC556011,2445,891,3336,NC_001612,False,Picornaviridae Enterovirus A,96.40853,CV-A16,100.0,CV-A16,100.0,B1b,98.0
LC556012,2445,891,3336,NC_001612,False,Picornaviridae Enterovirus A,96.40853,CV-A16,100.0,CV-A16,100.0,B1b,97.0
LC556013,2445,891,3336,NC_001612,False,Picornaviridae Enterovirus A,96.632996,CV-A16,100.0,CV-A16,100.0,B1b,98.0
LC556014,2445,891,3336,NC_001612,False,Picornaviridae Enterovirus A,96.74523,CV-A16,100.0,CV-A16,100.0,B1b,96.0
LC556015,2445,891,3336,NC_001612,False,Picornaviridae Enterovirus A,97.19417,CV-A16,100.0,CV-A16,100.0,B1b,99.0
LC556016,2445,891,3336,NC_001612,False,Picornaviridae Enterovirus A,96.74523,CV-A16,100.0,CV-A16,100.0,B1b,98.0
LC569902,2445,891,3336,NC_001612,False,Picornaviridae Enterovirus A,97.3064,CV-A16,100.0,CV-A16,100.0,B1b,98.0
LC569903,2445,891,3336,NC_001612,False,Picornaviridae Enterovirus A,97.3064,CV-A16,100.0,CV-A16,100.0,B1b,97.0
LC569904,2445,891,3336,NC_001612,False,Picornaviridae Enterovirus A,97.19417,CV-A16,100.0,CV-A16,100.0,B1b,96.0
LC569905,2445,891,3336,NC_001612,False,Picornaviridae Enterovirus A,97.19417,CV-A16,100.0,CV-A16,100.0,B1b,97.0
LC569906,2445,891,3336,NC_001612,False,Picornaviridae Enterovirus A,97.19417,CV-A16,100.0,CV-A16,100.0,B1b,99.0
LC569907,2445,891,3336,NC_001612,False,Picornaviridae Enterovirus A,97.3064,CV-A16,100.0,CV-A16,100.0,B1b,100.0
LC569908,2445,891,3336,NC_001612,False,Picornaviridae Enterovirus A,97.3064,CV-A16,100.0,CV-A16,100.0,B1b,97.0
LC569909,2445,891,3336,NC_001612,False,Picornaviridae Enterovirus A,97.19417,CV-A16,100.0,CV-A16,100.0,B1b,98.0
LC569910,2445,891,3336,NC_001612,False,Picornaviridae Enterovirus A,97.3064,CV-A16,100.0,CV-A16,100.0,B1b,99.0
LC569911,2445,891,3336,NC_001612,False,Picornaviridae Enterovirus A,97.19417,CV-A16,100.0,CV-A16,100.0,B1b,98.0
LC569912,2445,891,3336,NC_001612,False,Picornaviridae Enterovirus A,97.3064,CV-A16,100.0,CV-A16,100.0,B1b,97.0
LC569913,2445,891,3336,NC_001612,False,Picornaviridae Enterovirus A,97.08193,CV-A16,100.0,CV-A16,100.0,B1b,99.0
LC569914,2445,891,3336,NC_001612,False,Picornaviridae Enterovirus A,97.08193,CV-A16,100.0,CV-A16,100.0,B1b,99.0
LC569915,2445,891,3336,NC_001612,False,Picornaviridae Enterovirus A,97.3064,CV-A16,100.0,CV-A16,100.0,B1b,99.0
LC569916,2445,891,3336,NC_001612,False,Picornaviridae Enterovirus A,97.19417,CV-A16,100.0,CV-A16,100.0,B1b,98.0
LC569917,2445,891,3336,NC_001612,False,Picornaviridae Enterovirus A,97.3064,CV-A16,100.0,CV-A16,100.0,B1b,97.0
LC569918,2445,891,3336,NC_001612,False,Picornaviridae Enterovirus A,97.19417,CV-A16,100.0,CV-A16,100.0,B1b,99.0
LC569919,2445,891,3336,NC_001612,False,Picornaviridae Enterovirus A,97.19417,CV-A16,100.0,CV-A16,100.0,B1b,98.0
LC569920,2445,891,3336,NC_001612,False,Picornaviridae Enterovirus A,97.19417,CV-A16,100.0,CV-A16,100.0,B1b,95.0
LC569921,2445,891,3336,NC_001612,False,Picornaviridae Enterovirus A,97.08193,CV-A16,100.0,CV-A16,100.0,B1b,99.0
LC569922,2445,891,3336,NC_001612,False,Picornaviridae Enterovirus A,97.3064,CV-A16,100.0,CV-A16,100.0,B1b,99.0
LC569923,2445,891,3336,NC_001612,False,Picornaviridae Enterovirus A,97.3064,CV-A16,100.0,CV-A16,100.0,B1b,98.0
LC569924,2445,891,3336,NC_001612,False,Picornaviridae Enterovirus A,97.3064,CV-A16,100.0,CV-A16,100.0,B1b,99.0
LC569925,2445,891,3336,NC_001612,False,Picornaviridae Enterovirus A,97.3064,CV-A16,100.0,CV-A16,100.0,B1b,98.0
LC569926,2445,891,3336,NC_001612,False,Picornaviridae Enterovirus A,97.3064,CV-A16,100.0,CV-A16,100.0,B1b,98.0
LC569927,2445,891,3336,NC_001612,False,Picornaviridae Enterovirus A,97.3064,CV-A16,100.0,CV-A16,100.0,B1b,97.0
LC569928,2445,891,3336,NC_001612,False,Picornaviridae Enterovirus A,97.3064,CV-A16,100.0,CV-A16,100.0,B1b,99.0
LC569929,2445,891,3336,NC_001612,False,Picornaviridae Enterovirus A,97.3064,CV-A16,100.0,CV-A16,100.0,B1b,98.0
LC569930,2445,891,3336,NC_001612,False,Picornaviridae Enterovirus A,97.3064,CV-A16,100.0,CV-A16,100.0,B1b,100.0
LC569931,2445,891,3336,NC_001612,False,Picornaviridae Enterovirus A,97.3064,CV-A16,100.0,CV-A16,100.0,B1b,99.0
LC569932,2445,891,3336,NC_001612,False,Picornaviridae Enterovirus A,97.19417,CV-A16,100.0,CV-A16,100.0,B1b,97.0
LC569933,2445,891,3336,NC_001612,False,Picornaviridae Enterovirus A,97.3064,CV-A16,100.0,CV-A16,100.0,B1b,97.0
LC569934,2445,891,3336,NC_001612,False,Picornaviridae Enterovirus A,97.3064,CV-A16,100.0,CV-A16,100.0,B1b,99.0
LC569935,2445,891,3336,NC_001612,False,Picornaviridae Enterovirus A,97.3064,CV-A16,100.0,CV-A16,100.0,B1b,97.0
LC569936,2445,891,3336,NC_001612,False,Picornaviridae Enterovirus A,97.19417,CV-A16,100.0,CV-A16,100.0,B1b,97.0
LC569937,2445,891,3336,NC_001612,False,Picornaviridae Enterovirus A,97.19417,CV-A16,100.0,CV-A16,100.0,B1b,99.0
LC569938,2445,891,3336,NC_001612,False,Picornaviridae Enterovirus A,96.969696,CV-A16,100.0,CV-A16,100.0,B1b,97.0
LC569939,2445,891,3336,NC_001612,False,Picornaviridae Enterovirus A,97.3064,CV-A16,100.0,CV-A16,100.0,B1b,99.0
LC569940,2445,891,3336,NC_001612,False,Picornaviridae Enterovirus A,97.3064,CV-A16,100.0,CV-A16,100.0,B1b,99.0
LC569941,2445,891,3336,NC_001612,False,Picornaviridae Enterovirus A,97.3064,CV-A16,100.0,CV-A16,100.0,B1b,95.0
LC569943,2445,891,3336,NC_001612,False,Picornaviridae Enterovirus A,96.969696,CV-A16,100.0,CV-A16,100.0,B1b,99.0
LC569944,2445,891,3336,NC_001612,False,Picornaviridae Enterovirus A,97.3064,CV-A16,100.0,CV-A16,100.0,B1b,99.0
LC569945,2445,891,3336,NC_001612,False,Picornaviridae Enterovirus A,97.19417,CV-A16,100.0,CV-A16,100.0,B1b,98.0
LC569946,2445,891,3336,NC_001612,False,Picornaviridae Enterovirus A,97.19417,CV-A16,100.0,CV-A16,100.0,B1b,99.0
LC569947,2445,891,3336,NC_001612,False,Picornaviridae Enterovirus A,97.19417,CV-A16,100.0,CV-A16,100.0,B1b,96.0
LC569948,2445,891,3336,NC_001612,False,Picornaviridae Enterovirus A,97.08193,CV-A16,100.0,CV-A16,100.0,B1b,95.0
LC569949,2445,891,3336,NC_001612,False,Picornaviridae Enterovirus A,96.969696,CV-A16,100.0,CV-A16,100.0,B1b,95.0
LC569950,2445,891,3336,NC_001612,False,Picornaviridae Enterovirus A,97.08193,CV-A16,100.0,CV-A16,100.0,B1b,97.0
LC569951,2445,891,3336,NC_001612,False,Picornaviridae Enterovirus A,96.40853,CV-A16,100.0,CV-A16,100.0,B1b,98.0
LC569952,2445,891,3336,NC_001612,False,Picornaviridae Enterovirus A,97.3064,CV-A16,100.0,CV-A16,100.0,B1b,97.0
LC569953,2445,891,3336,NC_001612,False,Picornaviridae Enterovirus A,96.07183,CV-A16,100.0,CV-A16,100.0,B1b,97.0
LC569954,2445,891,3336,NC_001612,False,Picornaviridae Enterovirus A,97.19417,CV-A16,100.0,CV-A16,100.0,B1b,98.0
LC569955,2445,891,3336,NC_001612,False,Picornaviridae Enterovirus A,97.19417,CV-A16,100.0,CV-A16,100.0,B1b,98.0
LC569956,2445,891,3336,NC_001612,False,Picornaviridae Enterovirus A,97.3064,CV-A16,100.0,CV-A16,100.0,B1b,97.0
LC569957,2445,891,3336,NC_001612,False,Picornaviridae Enterovirus A,97.3064,CV-A16,100.0,CV-A16,100.0,B1b,100.0
LC569958,2445,891,3336,NC_001612,False,Picornaviridae Enterovirus A,97.3064,CV-A16,100.0,CV-A16,100.0,B1b,100.0
LC569959,2445,891,3336,NC_001612,False,Picornaviridae Enterovirus A,97.3064,CV-A16,100.0,CV-A16,100.0,B1b,97.0
LC603075,2445,891,3336,NC_001612,False,Picornaviridae Enterovirus A,96.07183,CV-A16,100.0,CV-A16,100.0,B1b,93.0
LC603076,2445,891,3336,NC_001612,False,Picornaviridae Enterovirus A,97.3064,CV-A16,100.0,CV-A16,100.0,B1b,97.0
LC603080,2445,891,3336,NC_001612,False,Picornaviridae Enterovirus A,94.044945,CV-A16,100.0,CV-A16,100.0,B1a,86.0
LC603084,2445,891,3336,NC_001612,False,Picornaviridae Enterovirus A,94.044945,CV-A16,100.0,CV-A16,100.0,B1a,80.0
LC603088,2445,891,3336,NC_001612,False,Picornaviridae Enterovirus A,96.07183,CV-A16,100.0,CV-A16,100.0,B1b,98.0
LC603091,2445,891,3336,NC_001612,False,Picornaviridae Enterovirus A,96.632996,CV-A16,100.0,CV-A16,100.0,B1b,100.0
LC603092,2445,891,3336,NC_001612,False,Picornaviridae Enterovirus A,96.632996,CV-A16,100.0,CV-A16,100.0,B1b,99.0
LC603095,2445,891,3336,NC_001612,False,Picornaviridae Enterovirus A,95.622894,CV-A16,100.0,CV-A16,100.0,B1b,98.0
LC603096,2445,891,3336,NC_001612,False,Picornaviridae Enterovirus A,94.494385,CV-A16,100.0,CV-A16,100.0,B1a,84.0
LC603099,2445,891,3336,NC_001612,False,Picornaviridae Enterovirus A,95.84736,CV-A16,100.0,CV-A16,100.0,B1b,96.0
LC603101,2445,891,3336,NC_001612,False,Picornaviridae Enterovirus A,96.40853,CV-A16,100.0,CV-A16,100.0,B1b,97.0
LC626212,2445,891,3336,NC_001612,False,Picornaviridae Enterovirus A,94.494385,CV-A16,100.0,CV-A16,100.0,B1a,85.0
LC656515,2445,891,3336,NC_001612,False,Picornaviridae Enterovirus A,93.70786,CV-A16,100.0,CV-A16,100.0,B1a,82.0
LC685237,2445,891,3336,NC_001612,False,Picornaviridae Enterovirus A,93.37079,CV-A16,100.0,CV-A16,100.0,B1a,80.0
LC685239,2445,891,3336,NC_001612,False,Picornaviridae Enterovirus A,93.25843,CV-A16,100.0,CV-A16,100.0,B1a,80.0
LC685242,2445,891,3336,NC_001612,False,Picornaviridae Enterovirus A,93.37079,CV-A16,100.0,CV-A16,100.0,B1a,80.0
LC685243,2445,891,3336,NC_001612,False,Picornaviridae Enterovirus A,93.146065,CV-A16,100.0,CV-A16,100.0,B1a,80.0
LC707410,2445,891,3336,NC_001612,False,Picornaviridae Enterovirus A,94.26966,CV-A16,100.0,CV-A16,100.0,B1a,82.0
LC707412,2445,891,3336,NC_001612,False,Picornaviridae Enterovirus A,96.632996,CV-A16,100.0,CV-A16,100.0,B1b,99.0
LC707431,2445,891,3336,NC_001612,False,Picornaviridae Enterovirus A,93.24324,CV-A16,100.0,CV-A16,100.0,B1a,80.0
LC707438,2445,891,3336,NC_001612,False,Picornaviridae Enterovirus A,93.46847,CV-A16,100.0,CV-A16,100.0,B1a,81.0
LC707461,2445,891,3336,NC_001612,False,Picornaviridae Enterovirus A,93.46847,CV-A16,100.0,CV-A16,100.0,B1a,83.0
LT577701,2445,891,3336,NC_001612,False,Picornaviridae Enterovirus A,95.622894,CV-A16,100.0,CV-A16,100.0,B1a,86.0
LT577702,2445,891,3336,NC_001612,False,Picornaviridae Enterovirus A,96.296295,CV-A16,100.0,CV-A16,100.0,B1a,86.0
LT577703,2445,891,3336,NC_001612,False,Picornaviridae Enterovirus A,97.3064,CV-A16,100.0,CV-A16,100.0,B1a,81.0
LT577704,2445,891,3336,NC_001612,False,Picornaviridae Enterovirus A,96.40853,CV-A16,100.0,CV-A16,100.0,B1a,84.0
LT577705,2445,891,3336,NC_001612,False,Picornaviridae Enterovirus A,97.41863,CV-A16,100.0,CV-A16,100.0,B1a,90.0
LT577706,2445,891,3336,NC_001612,False,Picornaviridae Enterovirus A,97.08193,CV-A16,100.0,CV-A16,100.0,B1a,88.0
LT577708,2445,891,3336,NC_001612,False,Picornaviridae Enterovirus A,96.632996,CV-A16,100.0,CV-A16,100.0,B1a,81.0
LT577709,2445,891,3336,NC_001612,False,Picornaviridae Enterovirus A,88.32772,CV-A16,100.0,CV-A16,100.0,B2,84.0
LT577710,2445,891,3336,NC_001612,False,Picornaviridae Enterovirus A,96.85747,CV-A16,100.0,CV-A16,100.0,B1a,85.0
LT577711,2445,891,3336,NC_001612,False,Picornaviridae Enterovirus A,96.969696,CV-A16,100.0,CV-A16,100.0,B1a,80.0
LT577713,2445,891,3336,NC_001612,False,Picornaviridae Enterovirus A,95.959595,CV-A16,100.0,CV-A16,100.0,B1a,82.0
LT577714,2445,891,3336,NC_001612,False,Picornaviridae Enterovirus A,97.08193,CV-A16,100.0,CV-A16,100.0,B1a,83.0
LT577715,2445,891,3336,NC_001612,False,Picornaviridae Enterovirus A,94.72503,CV-A16,100.0,CV-A16,100.0,B1a,80.0
LT577716,2445,891,3336,NC_001612,False,Picornaviridae Enterovirus A,96.85747,CV-A16,100.0,CV-A16,100.0,B1b,95.0
LT577718,2445,891,3336,NC_001612,False,Picornaviridae Enterovirus A,97.19417,CV-A16,100.0,CV-A16,100.0,B1b,100.0
LT577719,2445,891,3336,NC_001612,False,Picornaviridae Enterovirus A,96.85747,CV-A16,100.0,CV-A16,100.0,B1b,99.0
LT577720,2445,891,3336,NC_001612,False,Picornaviridae Enterovirus A,97.41863,CV-A16,100.0,CV-A16,100.0,B1b,100.0
LT577721,2445,891,3336,NC_001612,False,Picornaviridae Enterovirus A,97.75533,CV-A16,100.0,CV-A16,100.0,B1b,100.0
LT577722,2445,891,3336,NC_001612,False,Picornaviridae Enterovirus A,95.84736,CV-A16,100.0,CV-A16,100.0,B1b,100.0
LT577723,2445,891,3336,NC_001612,False,Picornaviridae Enterovirus A,95.959595,CV-A16,100.0,CV-A16,100.0,B1b,100.0
LT577724,2445,891,3336,NC_001612,False,Picornaviridae Enterovirus A,92.48036,CV-A16,100.0,CV-A16,100.0,B1c,94.0
LT577725,2445,891,3336,NC_001612,False,Picornaviridae Enterovirus A,92.368126,CV-A16,100.0,CV-A16,100.0,B1c,87.0
LT577726,2445,891,3336,NC_001612,False,Picornaviridae Enterovirus A,92.59259,CV-A16,100.0,CV-A16,100.0,B1c,89.0
LT577727,2445,891,3336,NC_001612,False,Picornaviridae Enterovirus A,92.14366,CV-A16,100.0,CV-A16,100.0,B1c,90.0
LT577728,2445,891,3336,NC_001612,False,Picornaviridae Enterovirus A,92.14366,CV-A16,100.0,CV-A16,100.0,B1c,88.0
LT577729,2445,891,3336,NC_001612,False,Picornaviridae Enterovirus A,92.031425,CV-A16,100.0,CV-A16,100.0,B1c,86.0
LT577730,2445,891,3336,NC_001612,False,Picornaviridae Enterovirus A,91.694725,CV-A16,100.0,CV-A16,100.0,B1c,81.0
LT577731,2445,891,3336,NC_001612,False,Picornaviridae Enterovirus A,92.14366,CV-A16,100.0,CV-A16,100.0,B1c,85.0
LT577732,2445,891,3336,NC_001612,False,Picornaviridae Enterovirus A,92.031425,CV-A16,100.0,CV-A16,100.0,B1c,95.0
LT577733,2445,891,3336,NC_001612,False,Picornaviridae Enterovirus A,91.91919,CV-A16,100.0,CV-A16,100.0,B1c,86.0
LT577734,2445,891,3336,NC_001612,False,Picornaviridae Enterovirus A,91.91919,CV-A16,100.0,CV-A16,100.0,B1c,87.0
LT577735,2445,891,3336,NC_001612,False,Picornaviridae Enterovirus A,92.14366,CV-A16,100.0,CV-A16,100.0,B1c,87.0
LT577736,2445,891,3336,NC_001612,False,Picornaviridae Enterovirus A,92.031425,CV-A16,100.0,CV-A16,100.0,B1c,84.0
LT577738,2445,891,3336,NC_001612,False,Picornaviridae Enterovirus A,91.80696,CV-A16,100.0,CV-A16,100.0,B1c,83.0
LT577739,2445,891,3336,NC_001612,False,Picornaviridae Enterovirus A,92.031425,CV-A16,100.0,CV-A16,100.0,B1c,91.0
LT577740,2445,891,3336,NC_001612,False,Picornaviridae Enterovirus A,96.40853,CV-A16,100.0,CV-A16,100.0,B1a,86.0
LT577741,2445,891,3336,NC_001612,False,Picornaviridae Enterovirus A,91.91919,CV-A16,100.0,CV-A16,100.0,B1c,81.0
LT577744,2445,891,3336,NC_001612,False,Picornaviridae Enterovirus A,98.6532,CV-A16,100.0,CV-A16,100.0,B1b,96.0
LT577745,2445,891,3336,NC_001612,False,Picornaviridae Enterovirus A,98.6532,CV-A16,100.0,CV-A16,100.0,B1b,96.0
LT577747,2445,891,3336,NC_001612,False,Picornaviridae Enterovirus A,92.14366,CV-A16,100.0,CV-A16,100.0,B1c,98.0
LT577748,2445,891,3336,NC_001612,False,Picornaviridae Enterovirus A,91.91919,CV-A16,100.0,CV-A16,100.0,B1c,81.0
LT577749,2445,891,3336,NC_001612,False,Picornaviridae Enterovirus A,86.30752,CV-A16,100.0,CV-A16,100.0,A,87.0
LT577750,2445,891,3336,NC_001612,False,Picornaviridae Enterovirus A,85.97082,CV-A16,100.0,CV-A16,100.0,A,95.0
LT577751,2445,891,3336,NC_001612,False,Picornaviridae Enterovirus A,92.031425,CV-A16,100.0,CV-A16,100.0,B1c,84.0
LT577752,2445,891,3336,NC_001612,False,Picornaviridae Enterovirus A,92.031425,CV-A16,100.0,CV-A16,100.0,B1c,88.0
LT577753,2445,891,3336,NC_001612,False,Picornaviridae Enterovirus A,92.14366,CV-A16,100.0,CV-A16,100.0,B1c,82.0
LT577754,2445,891,3336,NC_001612,False,Picornaviridae Enterovirus A,92.14366,CV-A16,100.0,CV-A16,100.0,B1c,83.0
LT577756,2445,891,3336,NC_001612,False,Picornaviridae Enterovirus A,86.08305,CV-A16,100.0,CV-A16,100.0,A,94.0
LT577757,2445,891,3336,NC_001612,False,Picornaviridae Enterovirus A,86.30752,CV-A16,100.0,CV-A16,100.0,A,91.0
LT577758,2445,891,3336,NC_001612,False,Picornaviridae Enterovirus A,86.19528,CV-A16,100.0,CV-A16,100.0,A,97.0
LT577759,2445,891,3336,NC_001612,False,Picornaviridae Enterovirus A,92.031425,CV-A16,100.0,CV-A16,100.0,B1c,92.0
LT577760,2445,891,3336,NC_001612,False,Picornaviridae Enterovirus A,92.25589,CV-A16,100.0,CV-A16,100.0,B1c,97.0
LT577761,2445,891,3336,NC_001612,False,Picornaviridae Enterovirus A,87.20538,CV-A16,100.0,CV-A16,100.0,A,92.0
LT577762,2445,891,3336,NC_001612,False,Picornaviridae Enterovirus A,92.031425,CV-A16,100.0,CV-A16,100.0,B1c,92.0
LT577763,2445,891,3336,NC_001612,False,Picornaviridae Enterovirus A,86.64422,CV-A16,100.0,CV-A16,100.0,A,97.0
LT577764,2445,891,3336,NC_001612,False,Picornaviridae Enterovirus A,92.031425,CV-A16,100.0,CV-A16,100.0,B1c,97.0
LT577765,2445,891,3336,NC_001612,False,Picornaviridae Enterovirus A,92.25589,CV-A16,100.0,CV-A16,100.0,B1c,97.0
LT577766,2445,891,3336,NC_001612,False,Picornaviridae Enterovirus A,91.91919,CV-A16,100.0,CV-A16,100.0,B1c,97.0
LT577767,2445,891,3336,NC_001612,False,Picornaviridae Enterovirus A,92.25589,CV-A16,100.0,CV-A16,100.0,B1c,97.0
LT577768,2445,891,3336,NC_001612,False,Picornaviridae Enterovirus A,92.031425,CV-A16,100.0,CV-A16,100.0,B1c,89.0
LT577769,2445,891,3336,NC_001612,False,Picornaviridae Enterovirus A,85.97082,CV-A16,100.0,CV-A16,100.0,A,92.0
LT577770,2445,891,3336,NC_001612,False,Picornaviridae Enterovirus A,85.97082,CV-A16,100.0,CV-A16,100.0,A,87.0
LT577771,2445,891,3336,NC_001612,False,Picornaviridae Enterovirus A,85.97082,CV-A16,100.0,CV-A16,100.0,A,95.0
LT577772,2445,891,3336,NC_001612,False,Picornaviridae Enterovirus A,92.368126,CV-A16,100.0,CV-A16,100.0,B1c,99.0
LT577773,2445,891,3336,NC_001612,False,Picornaviridae Enterovirus A,91.91919,CV-A16,100.0,CV-A16,100.0,B1c,94.0
LT577774,2445,891,3336,NC_001612,False,Picornaviridae Enterovirus A,92.031425,CV-A16,100.0,CV-A16,100.0,B1c,97.0
LT577775,2445,891,3336,NC_001612,False,Picornaviridae Enterovirus A,95.955055,CV-A16,100.0,CV-A16,100.0,B1a,88.0
LT577776,2445,891,3336,NC_001612,False,Picornaviridae Enterovirus A,92.031425,CV-A16,100.0,CV-A16,100.0,B1c,98.0
LT577777,2445,891,3336,NC_001612,False,Picornaviridae Enterovirus A,92.031425,CV-A16,100.0,CV-A16,100.0,B1c,99.0
LT577778,2445,891,3336,NC_001612,False,Picornaviridae Enterovirus A,92.031425,CV-A16,100.0,CV-A16,100.0,B1c,97.0
LT577779,2445,891,3336,NC_001612,False,Picornaviridae Enterovirus A,91.91919,CV-A16,100.0,CV-A16,100.0,B1c,100.0
LT577781,2445,891,3336,NC_001612,False,Picornaviridae Enterovirus A,96.52077,CV-A16,100.0,CV-A16,100.0,B1a,84.0
LT577782,2445,891,3336,NC_001612,False,Picornaviridae Enterovirus A,96.296295,CV-A16,100.0,CV-A16,100.0,B1a,83.0
LT577784,2445,891,3336,NC_001612,False,Picornaviridae Enterovirus A,96.85747,CV-A16,100.0,CV-A16,100.0,B1a,84.0
LT577786,2445,891,3336,NC_001612,False,Picornaviridae Enterovirus A,95.16853,CV-A16,100.0,CV-A16,100.0,B1a,88.0
LT577787,2445,891,3336,NC_001612,False,Picornaviridae Enterovirus A,87.42985,CV-A16,100.0,CV-A16,100.0,A,96.0
LT577788,2445,891,3336,NC_001612,False,Picornaviridae Enterovirus A,97.08193,CV-A16,100.0,CV-A16,100.0,B1a,88.0
LT577789,2445,891,3336,NC_001612,False,Picornaviridae Enterovirus A,97.19417,CV-A16,100.0,CV-A16,100.0,B1a,87.0
LT577790,2445,891,3336,NC_001612,False,Picornaviridae Enterovirus A,87.42985,CV-A16,100.0,CV-A16,100.0,A,94.0
LT577791,2445,891,3336,NC_001612,False,Picornaviridae Enterovirus A,96.74523,CV-A16,100.0,CV-A16,100.0,B1a,80.0
LT577792,2445,891,3336,NC_001612,False,Picornaviridae Enterovirus A,96.969696,CV-A16,100.0,CV-A16,100.0,B1a,82.0
LT577793,2445,891,3336,NC_001612,False,Picornaviridae Enterovirus A,96.74523,CV-A16,100.0,CV-A16,100.0,B1a,80.0
LT577794,2445,891,3336,NC_001612,False,Picornaviridae Enterovirus A,97.19417,CV-A16,100.0,CV-A16,100.0,B1a,80.0
LT577795,2445,891,3336,NC_001612,False,Picornaviridae Enterovirus A,97.19417,CV-A16,100.0,CV-A16,100.0,B1a,83.0
LT577796,2445,891,3336,NC_001612,False,Picornaviridae Enterovirus A,97.19417,CV-A16,100.0,CV-A16,100.0,B1a,83.0
LT577797,2445,891,3336,NC_001612,False,Picornaviridae Enterovirus A,95.17396,CV-A16,100.0,CV-A16,100.0,B1b,86.0
LT577798,2445,891,3336,NC_001612,False,Picornaviridae Enterovirus A,87.20538,CV-A16,100.0,CV-A16,100.0,A,87.0
LT577799,2445,891,3336,NC_001612,False,Picornaviridae Enterovirus A,86.64422,CV-A16,100.0,CV-A16,100.0,A,90.0
LT577800,2445,891,3336,NC_001612,False,Picornaviridae Enterovirus A,95.17396,CV-A16,100.0,CV-A16,100.0,B1b,93.0
LT577801,2445,891,3336,NC_001612,False,Picornaviridae Enterovirus A,86.419754,CV-A16,100.0,CV-A16,100.0,A,97.0
LT577802,2445,891,3336,NC_001612,False,Picornaviridae Enterovirus A,87.41573,CV-A16,100.0,CV-A16,100.0,A,94.0
LT577803,2445,891,3336,NC_001612,False,Picornaviridae Enterovirus A,87.093155,CV-A16,100.0,CV-A16,100.0,A,98.0
LT577804,2445,891,3336,NC_001612,False,Picornaviridae Enterovirus A,97.19417,CV-A16,100.0,CV-A16,100.0,B1a,86.0
LT577805,2445,891,3336,NC_001612,False,Picornaviridae Enterovirus A,86.756454,CV-A16,100.0,CV-A16,100.0,A,92.0
LT577806,2445,891,3336,NC_001612,False,Picornaviridae Enterovirus A,96.85747,CV-A16,100.0,CV-A16,100.0,B1a,84.0
LT577807,2445,891,3336,NC_001612,False,Picornaviridae Enterovirus A,86.53198,CV-A16,100.0,CV-A16,100.0,A,94.0
LT577808,2445,891,3336,NC_001612,False,Picornaviridae Enterovirus A,91.58249,CV-A16,100.0,CV-A16,100.0,B1c,98.0
LT577809,2445,891,3336,NC_001612,False,Picornaviridae Enterovirus A,96.632996,CV-A16,100.0,CV-A16,100.0,B1a,85.0
LT577810,2445,891,3336,NC_001612,False,Picornaviridae Enterovirus A,96.969696,CV-A16,100.0,CV-A16,100.0,B1a,85.0
LT577811,2445,891,3336,NC_001612,False,Picornaviridae Enterovirus A,96.74523,CV-A16,100.0,CV-A16,100.0,B1a,80.0
LT577812,2445,891,3336,NC_001612,False,Picornaviridae Enterovirus A,87.31762,CV-A16,100.0,CV-A16,100.0,A,92.0
LT577813,2445,891,3336,NC_001612,False,Picornaviridae Enterovirus A,87.20538,CV-A16,100.0,CV-A16,100.0,A,96.0
LT577814,2445,891,3336,NC_001612,False,Picornaviridae Enterovirus A,97.08193,CV-A16,100.0,CV-A16,100.0,B1a,85.0
LT577815,2445,891,3336,NC_001612,False,Picornaviridae Enterovirus A,86.53198,CV-A16,100.0,CV-A16,100.0,A,96.0
LT577816,2445,891,3336,NC_001612,False,Picornaviridae Enterovirus A,96.632996,CV-A16,100.0,CV-A16,100.0,B1a,80.0
LT577817,2445,891,3336,NC_001612,False,Picornaviridae Enterovirus A,91.47026,CV-A16,100.0,CV-A16,100.0,B1c,83.0
LT577818,2445,891,3336,NC_001612,False,Picornaviridae Enterovirus A,92.59259,CV-A16,100.0,CV-A16,100.0,B1c,84.0
LT577819,2445,891,3336,NC_001612,False,Picornaviridae Enterovirus A,87.42985,CV-A16,100.0,CV-A16,100.0,A,98.0
LT577820,2445,891,3336,NC_001612,False,Picornaviridae Enterovirus A,87.31762,CV-A16,100.0,CV-A16,100.0,A,89.0
LT577822,2445,891,3336,NC_001612,False,Picornaviridae Enterovirus A,96.632996,CV-A16,100.0,CV-A16,100.0,B1a,82.0
LT577823,2445,891,3336,NC_001612,False,Picornaviridae Enterovirus A,96.07183,CV-A16,100.0,CV-A16,100.0,B1a,90.0
LT577824,2445,891,3336,NC_001612,False,Picornaviridae Enterovirus A,96.632996,CV-A16,100.0,CV-A16,100.0,B1a,82.0
LT577825,2445,891,3336,NC_001612,False,Picornaviridae Enterovirus A,87.42985,CV-A16,100.0,CV-A16,100.0,A,94.0
LT577826,2445,891,3336,NC_001612,False,Picornaviridae Enterovirus A,87.42985,CV-A16,100.0,CV-A16,100.0,A,94.0
LT577828,2445,891,3336,NC_001612,False,Picornaviridae Enterovirus A,96.74523,CV-A16,100.0,CV-A16,100.0,B1a,86.0
LT577829,2445,891,3336,NC_001612,False,Picornaviridae Enterovirus A,97.19417,CV-A16,100.0,CV-A16,100.0,B1a,83.0
LT577830,2445,891,3336,NC_001612,False,Picornaviridae Enterovirus A,87.766556,CV-A16,100.0,CV-A16,100.0,A,88.0
LT577832,2445,891,3336,NC_001612,False,Picornaviridae Enterovirus A,96.969696,CV-A16,100.0,CV-A16,100.0,B1a,81.0
LT577836,2445,891,3336,NC_001612,False,Picornaviridae Enterovirus A,96.85747,CV-A16,100.0,CV-A16,100.0,B1a,85.0
LT577837,2445,891,3336,NC_001612,False,Picornaviridae Enterovirus A,96.52077,CV-A16,100.0,CV-A16,100.0,B1b,99.0
LT577843,2445,891,3336,NC_001612,False,Picornaviridae Enterovirus A,96.52077,CV-A16,100.0,CV-A16,100.0,B1a,84.0
LT617093,0,7408,7412,NC_001612,False,Picornaviridae Enterovirus A,97.11123,CV-A16,100.0,CV-A16,100.0,B1a,84.0
LT617094,0,7408,7412,NC_001612,False,Picornaviridae Enterovirus A,95.58585,CV-A16,100.0,CV-A16,100.0,B1a,85.0
LT617095,0,6547,6552,NC_001612,False,Picornaviridae Enterovirus A,94.77544,CV-A16,100.0,CV-A16,100.0,B1b,99.0
LT617096,0,7408,7412,NC_001612,False,Picornaviridae Enterovirus A,94.55994,CV-A16,100.0,CV-A16,100.0,B1a,85.0
LT617098,0,7408,7412,NC_001612,False,Picornaviridae Enterovirus A,96.05831,CV-A16,100.0,CV-A16,100.0,B1b,100.0
LT617100,0,7409,7412,NC_001612,False,Picornaviridae Enterovirus A,93.06249,CV-A16,100.0,CV-A16,100.0,B1c,85.0
LT617101,0,7408,7412,NC_001612,False,Picornaviridae Enterovirus A,98.649925,CV-A16,100.0,CV-A16,100.0,B1b,98.0
LT617102,0,7409,7412,NC_001612,False,Picornaviridae Enterovirus A,92.95451,CV-A16,100.0,CV-A16,100.0,B1c,86.0
LT617103,0,7409,7412,NC_001612,False,Picornaviridae Enterovirus A,92.92752,CV-A16,100.0,CV-A16,100.0,B1c,93.0
LT617104,0,7408,7412,NC_001612,False,Picornaviridae Enterovirus A,92.94006,CV-A16,100.0,CV-A16,100.0,B1c,98.0
LT617105,0,7412,7412,NC_001612,False,Picornaviridae Enterovirus A,83.364815,CV-A16,100.0,CV-A16,100.0,A,84.0
LT617106,0,7412,7412,NC_001612,False,Picornaviridae Enterovirus A,83.108475,CV-A16,100.0,CV-A16,100.0,A,96.0
LT617107,0,7412,7412,NC_001612,False,Picornaviridae Enterovirus A,83.33783,CV-A16,100.0,CV-A16,100.0,A,94.0
LT617108,0,7412,7412,NC_001612,False,Picornaviridae Enterovirus A,83.40305,CV-A16,100.0,CV-A16,100.0,A,95.0
LT617109,0,7412,7412,NC_001612,False,Picornaviridae Enterovirus A,85.280624,CV-A16,100.0,CV-A16,100.0,A,93.0
LT617111,0,7412,7412,NC_001612,False,Picornaviridae Enterovirus A,83.01403,CV-A16,100.0,CV-A16,100.0,A,96.0
LT617112,0,7411,7412,NC_001612,False,Picornaviridae Enterovirus A,83.11968,CV-A16,100.0,CV-A16,100.0,A,85.0
LT617113,0,7411,7412,NC_001612,False,Picornaviridae Enterovirus A,83.16017,CV-A16,100.0,CV-A16,100.0,A,90.0
LT617114,0,7412,7412,NC_001612,False,Picornaviridae Enterovirus A,83.2299,CV-A16,100.0,CV-A16,100.0,A,97.0
LT617115,0,7412,7412,NC_001612,False,Picornaviridae Enterovirus A,83.200645,CV-A16,100.0,CV-A16,100.0,A,93.0
MF150603,2601,279,2880,NC_001612,False,Picornaviridae Enterovirus A,99.64158,CV-A16,100.0,CV-A16,100.0,B1b,86.0
MF150605,2601,279,2880,NC_001612,False,Picornaviridae Enterovirus A,98.207886,CV-A16,100.0,CV-A16,100.0,B1b,80.0
MF177223,750,2586,3336,NC_001612,False,Picornaviridae Enterovirus A,98.7239,CV-A16,100.0,CV-A16,100.0,B1b,100.0
MF422533,45,7230,7280,NC_001612,False,Picornaviridae Enterovirus A,98.990456,CV-A16,100.0,CV-A16,100.0,B1b,100.0
MF434051,96,7359,7457,NC_001612,False,Picornaviridae Enterovirus A,97.28804,CV-A16,100.0,CV-A16,100.0,B1b,99.0
MF678299,458,6950,7411,NC_001612,False,Picornaviridae Enterovirus A,96.992805,CV-A16,100.0,CV-A16,100.0,B1a,87.0
MF678313,458,6953,7414,NC_001612,False,Picornaviridae Enterovirus A,96.950516,CV-A16,100.0,CV-A16,100.0,B1a,90.0
MF678332,457,6954,7414,NC_001612,False,Picornaviridae Enterovirus A,97.4831,CV-A16,100.0,CV-A16,100.0,B1a,85.0
MF990299,1074,2607,3681,NC_001612,False,Picornaviridae Enterovirus A,85.89195,CV-A16,100.0,CV-A16,100.0,A,99.0
MF990300,103,7225,7331,NC_001612,False,Picornaviridae Enterovirus A,82.39203,CV-A16,100.0,CV-A16,100.0,A,98.0
MG450666,0,7411,7414,NC_001612,False,Picornaviridae Enterovirus A,96.99014,CV-A16,100.0,CV-A16,100.0,B1b,99.0
MG586904,2349,975,3324,NC_001612,False,Picornaviridae Enterovirus A,92.61539,CV-A16,100.0,CV-A16,100.0,B1c,100.0
MG586905,2445,570,3015,NC_001612,False,Picornaviridae Enterovirus A,91.57895,CV-A16,100.0,CV-A16,100.0,B1c,92.0
MG586907,2445,692,3137,NC_001612,False,Picornaviridae Enterovirus A,91.76301,CV-A16,100.0,CV-A16,100.0,B1c,95.0
MG586908,2445,620,3065,NC_001612,False,Picornaviridae Enterovirus A,92.09678,CV-A16,100.0,CV-A16,100.0,B1c,85.0
MG662519,2312,1364,3676,NC_001612,False,Picornaviridae Enterovirus A,97.21408,CV-A16,100.0,CV-A16,100.0,B1b,100.0
MG662520,2223,1508,3731,NC_001612,False,Picornaviridae Enterovirus A,98.673744,CV-A16,100.0,CV-A16,100.0,B1b,99.0
MG662521,2216,1518,3734,NC_001612,False,Picornaviridae Enterovirus A,97.29907,CV-A16,100.0,CV-A16,100.0,B1b,94.0
MG662522,2353,1267,3620,NC_001612,False,Picornaviridae Enterovirus A,97.790054,CV-A16,100.0,CV-A16,100.0,B1b,98.0
MG662523,2214,1518,3732,NC_001612,False,Picornaviridae Enterovirus A,97.562584,CV-A16,100.0,CV-A16,100.0,B1b,97.0
MG662524,2217,1516,3733,NC_001612,False,Picornaviridae Enterovirus A,98.7467,CV-A16,100.0,CV-A16,100.0,B1b,99.0
MG662525,2207,1528,3735,NC_001612,False,Picornaviridae Enterovirus A,97.57853,CV-A16,100.0,CV-A16,100.0,B1b,99.0
MG662526,2211,1522,3733,NC_001612,False,Picornaviridae Enterovirus A,97.37188,CV-A16,100.0,CV-A16,100.0,B1b,95.0
MG662527,2216,1521,3737,NC_001612,False,Picornaviridae Enterovirus A,97.370155,CV-A16,100.0,CV-A16,100.0,B1b,97.0
MG662528,2217,1516,3733,NC_001612,False,Picornaviridae Enterovirus A,98.7467,CV-A16,100.0,CV-A16,100.0,B1b,100.0
MG662529,2211,1522,3733,NC_001612,False,Picornaviridae Enterovirus A,97.63469,CV-A16,100.0,CV-A16,100.0,B1b,99.0
MG662530,2208,1527,3735,NC_001612,False,Picornaviridae Enterovirus A,98.69024,CV-A16,100.0,CV-A16,100.0,B1b,99.0
MG662531,2298,1378,3676,NC_001612,False,Picornaviridae Enterovirus A,97.59475,CV-A16,100.0,CV-A16,100.0,B1b,99.0
MG662532,2298,1378,3676,NC_001612,False,Picornaviridae Enterovirus A,97.740524,CV-A16,100.0,CV-A16,100.0,B1b,99.0
MG662533,2298,1378,3676,NC_001612,False,Picornaviridae Enterovirus A,97.8863,CV-A16,100.0,CV-A16,100.0,B1b,99.0
MG869706,2172,734,2906,NC_001612,False,Picornaviridae Enterovirus A,91.280655,CV-A16,100.0,CV-A16,100.0,B1c,85.0
MG869707,2172,734,2906,NC_001612,False,Picornaviridae Enterovirus A,91.82561,CV-A16,100.0,CV-A16,100.0,B1c,88.0
MG869708,2172,734,2906,NC_001612,False,Picornaviridae Enterovirus A,91.82561,CV-A16,100.0,CV-A16,100.0,B1c,99.0
MG869709,2172,734,2906,NC_001612,False,Picornaviridae Enterovirus A,91.82561,CV-A16,100.0,CV-A16,100.0,B1c,92.0
MG869710,2172,734,2906,NC_001612,False,Picornaviridae Enterovirus A,91.68937,CV-A16,100.0,CV-A16,100.0,B1c,95.0
MG891779,2445,891,3336,NC_001612,False,Picornaviridae Enterovirus A,97.9798,CV-A16,100.0,CV-A16,100.0,B1b,97.0
MG948605,101,7230,7337,NC_001612,False,Picornaviridae Enterovirus A,82.77532,CV-A16,100.0,CV-A16,100.0,A,97.0
MG957117,101,7232,7337,NC_001612,False,Picornaviridae Enterovirus A,82.789154,CV-A16,100.0,CV-A16,100.0,A,92.0
MH003908,2445,891,3336,NC_001612,False,Picornaviridae Enterovirus A,97.6431,CV-A16,100.0,CV-A16,100.0,B1b,100.0
MH003909,2445,891,3336,NC_001612,False,Picornaviridae Enterovirus A,98.765434,CV-A16,100.0,CV-A16,100.0,B1b,96.0
MH003910,2445,891,3336,NC_001612,False,Picornaviridae Enterovirus A,96.969696,CV-A16,100.0,CV-A16,100.0,B1b,96.0
MH003911,2445,891,3336,NC_001612,False,Picornaviridae Enterovirus A,96.969696,CV-A16,100.0,CV-A16,100.0,B1b,97.0
MH003912,2445,891,3336,NC_001612,False,Picornaviridae Enterovirus A,98.9899,CV-A16,100.0,CV-A16,100.0,B1b,100.0
MH003913,2445,891,3336,NC_001612,False,Picornaviridae Enterovirus A,96.969696,CV-A16,100.0,CV-A16,100.0,B1b,95.0
MH003914,2445,891,3336,NC_001612,False,Picornaviridae Enterovirus A,96.969696,CV-A16,100.0,CV-A16,100.0,B1b,98.0
MH003915,2445,891,3336,NC_001612,False,Picornaviridae Enterovirus A,96.969696,CV-A16,100.0,CV-A16,100.0,B1b,98.0
MH003916,2445,891,3336,NC_001612,False,Picornaviridae Enterovirus A,98.3165,CV-A16,100.0,CV-A16,100.0,B1b,96.0
MH003917,2445,891,3336,NC_001612,False,Picornaviridae Enterovirus A,99.55106,CV-A16,100.0,CV-A16,100.0,B1b,99.0
MH003918,2445,891,3336,NC_001612,False,Picornaviridae Enterovirus A,98.54097,CV-A16,100.0,CV-A16,100.0,B1b,96.0
MH003919,2445,891,3336,NC_001612,False,Picornaviridae Enterovirus A,97.9798,CV-A16,100.0,CV-A16,100.0,B1b,97.0
MH003920,2445,891,3336,NC_001612,False,Picornaviridae Enterovirus A,99.55106,CV-A16,100.0,CV-A16,100.0,B1b,100.0
MH003921,2445,891,3336,NC_001612,False,Picornaviridae Enterovirus A,99.55106,CV-A16,100.0,CV-A16,100.0,B1b,99.0
MH003922,2445,891,3336,NC_001612,False,Picornaviridae Enterovirus A,98.09203,CV-A16,100.0,CV-A16,100.0,B1a,80.0
MH003923,2445,891,3336,NC_001612,False,Picornaviridae Enterovirus A,97.53087,CV-A16,100.0,CV-A16,100.0,B1b,99.0
MH003924,2445,891,3336,NC_001612,False,Picornaviridae Enterovirus A,97.9798,CV-A16,100.0,CV-A16,100.0,B1b,99.0
MH003925,2445,891,3336,NC_001612,False,Picornaviridae Enterovirus A,97.41863,CV-A16,100.0,CV-A16,100.0,B1b,96.0
MH003926,2445,891,3336,NC_001612,False,Picornaviridae Enterovirus A,97.41863,CV-A16,100.0,CV-A16,100.0,B1b,99.0
MH003927,2445,891,3336,NC_001612,False,Picornaviridae Enterovirus A,96.85747,CV-A16,100.0,CV-A16,100.0,B1a,82.0
MH003928,2445,891,3336,NC_001612,False,Picornaviridae Enterovirus A,98.428734,CV-A16,100.0,CV-A16,100.0,B1b,99.0
MH003929,2445,891,3336,NC_001612,False,Picornaviridae Enterovirus A,97.41863,CV-A16,100.0,CV-A16,100.0,B1b,100.0
MH003930,2445,891,3336,NC_001612,False,Picornaviridae Enterovirus A,98.09203,CV-A16,100.0,CV-A16,100.0,B1b,98.0
MH003931,2445,891,3336,NC_001612,False,Picornaviridae Enterovirus A,97.75533,CV-A16,100.0,CV-A16,100.0,B1b,98.0
MH003932,2445,891,3336,NC_001612,False,Picornaviridae Enterovirus A,98.54097,CV-A16,100.0,CV-A16,100.0,B1b,99.0
MH003933,2445,891,3336,NC_001612,False,Picornaviridae Enterovirus A,97.86757,CV-A16,100.0,CV-A16,100.0,B1b,93.0
MH003934,2445,891,3336,NC_001612,False,Picornaviridae Enterovirus A,98.87767,CV-A16,100.0,CV-A16,100.0,B1b,100.0
MH003935,2445,891,3336,NC_001612,False,Picornaviridae Enterovirus A,97.75533,CV-A16,100.0,CV-A16,100.0,B1b,98.0
MH003936,2445,891,3336,NC_001612,False,Picornaviridae Enterovirus A,98.3165,CV-A16,100.0,CV-A16,100.0,B1b,99.0
MH003937,2445,891,3336,NC_001612,False,Picornaviridae Enterovirus A,98.6532,CV-A16,100.0,CV-A16,100.0,B1b,98.0
MH003938,2445,891,3336,NC_001612,False,Picornaviridae Enterovirus A,97.19417,CV-A16,100.0,CV-A16,100.0,B1b,99.0
MH003939,2445,891,3336,NC_001612,False,Picornaviridae Enterovirus A,98.3165,CV-A16,100.0,CV-A16,100.0,B1b,98.0
MH003940,2445,891,3336,NC_001612,False,Picornaviridae Enterovirus A,98.3165,CV-A16,100.0,CV-A16,100.0,B1b,98.0
MH003941,2445,891,3336,NC_001612,False,Picornaviridae Enterovirus A,97.3064,CV-A16,100.0,CV-A16,100.0,B1b,98.0
MH003942,2445,891,3336,NC_001612,False,Picornaviridae Enterovirus A,97.86757,CV-A16,100.0,CV-A16,100.0,B1b,96.0
MH003944,2445,891,3336,NC_001612,False,Picornaviridae Enterovirus A,98.54097,CV-A16,100.0,CV-A16,100.0,B1b,99.0
MH003945,2445,891,3336,NC_001612,False,Picornaviridae Enterovirus A,97.3064,CV-A16,100.0,CV-A16,100.0,B1b,97.0
MH003946,2445,891,3336,NC_001612,False,Picornaviridae Enterovirus A,98.09203,CV-A16,100.0,CV-A16,100.0,B1b,99.0
MH003947,2445,891,3336,NC_001612,False,Picornaviridae Enterovirus A,97.9798,CV-A16,100.0,CV-A16,100.0,B1b,97.0
MH003948,2445,891,3336,NC_001612,False,Picornaviridae Enterovirus A,97.9798,CV-A16,100.0,CV-A16,100.0,B1b,98.0
MH003949,2445,891,3336,NC_001612,False,Picornaviridae Enterovirus A,97.3064,CV-A16,100.0,CV-A16,100.0,B1b,100.0
MH003950,2445,891,3336,NC_001612,False,Picornaviridae Enterovirus A,97.41863,CV-A16,100.0,CV-A16,100.0,B1b,96.0
MH003951,2445,891,3336,NC_001612,False,Picornaviridae Enterovirus A,95.286194,CV-A16,100.0,CV-A16,100.0,B1b,81.0
MH003952,2445,891,3336,NC_001612,False,Picornaviridae Enterovirus A,96.632996,CV-A16,100.0,CV-A16,100.0,B1b,97.0
MH003953,2445,891,3336,NC_001612,False,Picornaviridae Enterovirus A,97.86757,CV-A16,100.0,CV-A16,100.0,B1b,100.0
MH003954,2445,891,3336,NC_001612,False,Picornaviridae Enterovirus A,97.86757,CV-A16,100.0,CV-A16,100.0,B1b,99.0
MH003955,2445,891,3336,NC_001612,False,Picornaviridae Enterovirus A,97.6431,CV-A16,100.0,CV-A16,100.0,B1b,96.0
MH003956,2445,891,3336,NC_001612,False,Picornaviridae Enterovirus A,98.20427,CV-A16,100.0,CV-A16,100.0,B1b,99.0
MH003957,2445,891,3336,NC_001612,False,Picornaviridae Enterovirus A,97.3064,CV-A16,100.0,CV-A16,100.0,B1b,98.0
MH003958,2445,891,3336,NC_001612,False,Picornaviridae Enterovirus A,96.969696,CV-A16,100.0,CV-A16,100.0,B1b,99.0
MH003959,2445,891,3336,NC_001612,False,Picornaviridae Enterovirus A,98.3165,CV-A16,100.0,CV-A16,100.0,B1b,97.0
MH003960,2445,891,3336,NC_001612,False,Picornaviridae Enterovirus A,97.19417,CV-A16,100.0,CV-A16,100.0,B1b,98.0
MH003961,2445,891,3336,NC_001612,False,Picornaviridae Enterovirus A,97.3064,CV-A16,100.0,CV-A16,100.0,B1b,97.0
MH003962,2445,891,3336,NC_001612,False,Picornaviridae Enterovirus A,96.969696,CV-A16,100.0,CV-A16,100.0,B1b,100.0
MH003963,2445,891,3336,NC_001612,False,Picornaviridae Enterovirus A,96.969696,CV-A16,100.0,CV-A16,100.0,B1b,96.0
MH003964,2445,891,3336,NC_001612,False,Picornaviridae Enterovirus A,98.09203,CV-A16,100.0,CV-A16,100.0,B1b,98.0
MH003965,2445,891,3336,NC_001612,False,Picornaviridae Enterovirus A,96.969696,CV-A16,100.0,CV-A16,100.0,B1b,100.0
MH003966,2445,891,3336,NC_001612,False,Picornaviridae Enterovirus A,98.09203,CV-A16,100.0,CV-A16,100.0,B1b,98.0
MH003967,2445,891,3336,NC_001612,False,Picornaviridae Enterovirus A,98.09203,CV-A16,100.0,CV-A16,100.0,B1b,99.0
MH003968,2445,891,3336,NC_001612,False,Picornaviridae Enterovirus A,98.6532,CV-A16,100.0,CV-A16,100.0,B1b,98.0
MH003969,2445,891,3336,NC_001612,False,Picornaviridae Enterovirus A,97.75533,CV-A16,100.0,CV-A16,100.0,B1b,98.0
MH003970,2445,891,3336,NC_001612,False,Picornaviridae Enterovirus A,98.09203,CV-A16,100.0,CV-A16,100.0,B1b,99.0
MH003971,2445,891,3336,NC_001612,False,Picornaviridae Enterovirus A,97.41863,CV-A16,100.0,CV-A16,100.0,B1b,99.0
MH003972,2445,891,3336,NC_001612,False,Picornaviridae Enterovirus A,97.19417,CV-A16,100.0,CV-A16,100.0,B1b,98.0
MH003973,2445,891,3336,NC_001612,False,Picornaviridae Enterovirus A,97.3064,CV-A16,100.0,CV-A16,100.0,B1b,99.0
MH003974,2445,891,3336,NC_001612,False,Picornaviridae Enterovirus A,97.9798,CV-A16,100.0,CV-A16,100.0,B1b,98.0
MH003975,2445,891,3336,NC_001612,False,Picornaviridae Enterovirus A,96.969696,CV-A16,100.0,CV-A16,100.0,B1b,97.0
MH003976,2445,891,3336,NC_001612,False,Picornaviridae Enterovirus A,97.08193,CV-A16,100.0,CV-A16,100.0,B1b,98.0
MH003977,2445,891,3336,NC_001612,False,Picornaviridae Enterovirus A,97.08193,CV-A16,100.0,CV-A16,100.0,B1b,99.0
MH003978,2445,891,3336,NC_001612,False,Picornaviridae Enterovirus A,97.3064,CV-A16,100.0,CV-A16,100.0,B1b,96.0
MH003979,2445,891,3336,NC_001612,False,Picornaviridae Enterovirus A,98.428734,CV-A16,100.0,CV-A16,100.0,B1b,97.0
MH003980,2445,891,3336,NC_001612,False,Picornaviridae Enterovirus A,98.09203,CV-A16,100.0,CV-A16,100.0,B1b,97.0
MH003981,2445,891,3336,NC_001612,False,Picornaviridae Enterovirus A,97.6431,CV-A16,100.0,CV-A16,100.0,B1b,98.0
MH003982,2445,891,3336,NC_001612,False,Picornaviridae Enterovirus A,97.6431,CV-A16,100.0,CV-A16,100.0,B1b,100.0
MH003983,2445,891,3336,NC_001612,False,Picornaviridae Enterovirus A,98.428734,CV-A16,100.0,CV-A16,100.0,B1b,98.0
MH003984,2445,891,3336,NC_001612,False,Picornaviridae Enterovirus A,96.85747,CV-A16,100.0,CV-A16,100.0,B1b,99.0
MH003985,2445,891,3336,NC_001612,False,Picornaviridae Enterovirus A,96.969696,CV-A16,100.0,CV-A16,100.0,B1b,99.0
MH003986,2445,891,3336,NC_001612,False,Picornaviridae Enterovirus A,98.428734,CV-A16,100.0,CV-A16,100.0,B1b,100.0
MH003987,2445,891,3336,NC_001612,False,Picornaviridae Enterovirus A,98.09203,CV-A16,100.0,CV-A16,100.0,B1b,97.0
MH003988,2445,891,3336,NC_001612,False,Picornaviridae Enterovirus A,97.86757,CV-A16,100.0,CV-A16,100.0,B1b,97.0
MH003989,2445,891,3336,NC_001612,False,Picornaviridae Enterovirus A,96.969696,CV-A16,100.0,CV-A16,100.0,B1b,95.0
MH003990,2445,891,3336,NC_001612,False,Picornaviridae Enterovirus A,96.85747,CV-A16,100.0,CV-A16,100.0,B1b,98.0
MH003991,2445,891,3336,NC_001612,False,Picornaviridae Enterovirus A,96.85747,CV-A16,100.0,CV-A16,100.0,B1b,98.0
MH003992,2445,891,3336,NC_001612,False,Picornaviridae Enterovirus A,97.3064,CV-A16,100.0,CV-A16,100.0,B1b,97.0
MH003993,2445,891,3336,NC_001612,False,Picornaviridae Enterovirus A,97.6431,CV-A16,100.0,CV-A16,100.0,B1b,97.0
MH003994,2445,891,3336,NC_001612,False,Picornaviridae Enterovirus A,97.6431,CV-A16,100.0,CV-A16,100.0,B1b,96.0
MH003995,2445,891,3336,NC_001612,False,Picornaviridae Enterovirus A,98.20427,CV-A16,100.0,CV-A16,100.0,B1b,99.0
MH003996,2445,891,3336,NC_001612,False,Picornaviridae Enterovirus A,97.08193,CV-A16,100.0,CV-A16,100.0,B1b,98.0
MH003997,2445,891,3336,NC_001612,False,Picornaviridae Enterovirus A,97.08193,CV-A16,100.0,CV-A16,100.0,B1b,100.0
MH003998,2445,891,3336,NC_001612,False,Picornaviridae Enterovirus A,97.08193,CV-A16,100.0,CV-A16,100.0,B1b,97.0
MH003999,2445,891,3336,NC_001612,False,Picornaviridae Enterovirus A,97.08193,CV-A16,100.0,CV-A16,100.0,B1b,98.0
MH004000,2445,891,3336,NC_001612,False,Picornaviridae Enterovirus A,97.9798,CV-A16,100.0,CV-A16,100.0,B1b,99.0
MH004001,2445,891,3336,NC_001612,False,Picornaviridae Enterovirus A,97.75533,CV-A16,100.0,CV-A16,100.0,B1b,99.0
MH004002,2445,891,3336,NC_001612,False,Picornaviridae Enterovirus A,97.9798,CV-A16,100.0,CV-A16,100.0,B1b,100.0
MH004003,2445,891,3336,NC_001612,False,Picornaviridae Enterovirus A,97.9798,CV-A16,100.0,CV-A16,100.0,B1b,95.0
MH004004,2445,891,3336,NC_001612,False,Picornaviridae Enterovirus A,97.08193,CV-A16,100.0,CV-A16,100.0,B1b,100.0
MH004005,2445,891,3336,NC_001612,False,Picornaviridae Enterovirus A,97.08193,CV-A16,100.0,CV-A16,100.0,B1b,98.0
MH004006,2445,891,3336,NC_001612,False,Picornaviridae Enterovirus A,97.08193,CV-A16,100.0,CV-A16,100.0,B1b,99.0
MH004007,2445,891,3336,NC_001612,False,Picornaviridae Enterovirus A,97.19417,CV-A16,100.0,CV-A16,100.0,B1b,96.0
MH004008,2445,891,3336,NC_001612,False,Picornaviridae Enterovirus A,98.54097,CV-A16,100.0,CV-A16,100.0,B1b,97.0
MH004009,2445,891,3336,NC_001612,False,Picornaviridae Enterovirus A,97.75533,CV-A16,100.0,CV-A16,100.0,B1b,98.0
MH004010,2445,891,3336,NC_001612,False,Picornaviridae Enterovirus A,97.08193,CV-A16,100.0,CV-A16,100.0,B1b,99.0
MH004011,2445,891,3336,NC_001612,False,Picornaviridae Enterovirus A,98.3165,CV-A16,100.0,CV-A16,100.0,B1b,97.0
MH004012,2445,891,3336,NC_001612,False,Picornaviridae Enterovirus A,97.08193,CV-A16,100.0,CV-A16,100.0,B1b,100.0
MH004013,2445,891,3336,NC_001612,False,Picornaviridae Enterovirus A,96.85747,CV-A16,100.0,CV-A16,100.0,B1b,98.0
MH004014,2445,891,3336,NC_001612,False,Picornaviridae Enterovirus A,96.969696,CV-A16,100.0,CV-A16,100.0,B1b,99.0
MH004015,2445,891,3336,NC_001612,False,Picornaviridae Enterovirus A,96.969696,CV-A16,100.0,CV-A16,100.0,B1b,100.0
MH004016,2445,891,3336,NC_001612,False,Picornaviridae Enterovirus A,97.86757,CV-A16,100.0,CV-A16,100.0,B1b,98.0
MH004017,2445,891,3336,NC_001612,False,Picornaviridae Enterovirus A,96.85747,CV-A16,100.0,CV-A16,100.0,B1b,98.0
MH004018,2445,891,3336,NC_001612,False,Picornaviridae Enterovirus A,97.08193,CV-A16,100.0,CV-A16,100.0,B1b,100.0
MH004019,2445,891,3336,NC_001612,False,Picornaviridae Enterovirus A,97.08193,CV-A16,100.0,CV-A16,100.0,B1b,98.0
MH004020,2445,891,3336,NC_001612,False,Picornaviridae Enterovirus A,96.969696,CV-A16,100.0,CV-A16,100.0,B1b,100.0
MH004021,2445,891,3336,NC_001612,False,Picornaviridae Enterovirus A,97.08193,CV-A16,100.0,CV-A16,100.0,B1b,96.0
MH004022,2445,891,3336,NC_001612,False,Picornaviridae Enterovirus A,98.09203,CV-A16,100.0,CV-A16,100.0,B1b,100.0
MH004023,2445,891,3336,NC_001612,False,Picornaviridae Enterovirus A,97.08193,CV-A16,100.0,CV-A16,100.0,B1b,98.0
MH004024,2445,891,3336,NC_001612,False,Picornaviridae Enterovirus A,96.85747,CV-A16,100.0,CV-A16,100.0,B1b,98.0
MH004025,2445,891,3336,NC_001612,False,Picornaviridae Enterovirus A,96.969696,CV-A16,100.0,CV-A16,100.0,B1b,97.0
MH004026,2445,891,3336,NC_001612,False,Picornaviridae Enterovirus A,97.19417,CV-A16,100.0,CV-A16,100.0,B1b,99.0
MH004027,2445,891,3336,NC_001612,False,Picornaviridae Enterovirus A,98.428734,CV-A16,100.0,CV-A16,100.0,B1b,97.0
MH004028,2445,891,3336,NC_001612,False,Picornaviridae Enterovirus A,95.05618,CV-A16,100.0,CV-A16,100.0,B1a,85.0
MH004029,2445,891,3336,NC_001612,False,Picornaviridae Enterovirus A,94.943825,CV-A16,100.0,CV-A16,100.0,B1a,84.0
MH004030,2445,891,3336,NC_001612,False,Picornaviridae Enterovirus A,97.19417,CV-A16,100.0,CV-A16,100.0,B1b,99.0
MH004031,2445,891,3336,NC_001612,False,Picornaviridae Enterovirus A,96.40853,CV-A16,100.0,CV-A16,100.0,B1b,99.0
MH004032,2445,891,3336,NC_001612,False,Picornaviridae Enterovirus A,94.83146,CV-A16,100.0,CV-A16,100.0,B1a,80.0
MH004033,2445,891,3336,NC_001612,False,Picornaviridae Enterovirus A,96.52077,CV-A16,100.0,CV-A16,100.0,B1b,90.0
MH004034,2445,891,3336,NC_001612,False,Picornaviridae Enterovirus A,95.05618,CV-A16,100.0,CV-A16,100.0,B1a,85.0
MH004035,2445,891,3336,NC_001612,False,Picornaviridae Enterovirus A,98.428734,CV-A16,100.0,CV-A16,100.0,B1b,100.0
MH004036,2445,891,3336,NC_001612,False,Picornaviridae Enterovirus A,96.632996,CV-A16,100.0,CV-A16,100.0,B1b,99.0
MH004037,2445,891,3336,NC_001612,False,Picornaviridae Enterovirus A,94.943825,CV-A16,100.0,CV-A16,100.0,B1a,83.0
MH004038,2445,891,3336,NC_001612,False,Picornaviridae Enterovirus A,96.74523,CV-A16,100.0,CV-A16,100.0,B1b,96.0
MH004039,2445,891,3336,NC_001612,False,Picornaviridae Enterovirus A,97.86517,CV-A16,100.0,CV-A16,100.0,B1b,99.0
MH004040,2445,891,3336,NC_001612,False,Picornaviridae Enterovirus A,96.296295,CV-A16,100.0,CV-A16,100.0,B1b,98.0
MH004041,2445,891,3336,NC_001612,False,Picornaviridae Enterovirus A,96.85747,CV-A16,100.0,CV-A16,100.0,B1b,99.0
MH004042,2445,891,3336,NC_001612,False,Picornaviridae Enterovirus A,94.7191,CV-A16,100.0,CV-A16,100.0,B1a,82.0
MH004043,2445,891,3336,NC_001612,False,Picornaviridae Enterovirus A,96.74523,CV-A16,100.0,CV-A16,100.0,B1b,100.0
MH004044,2445,891,3336,NC_001612,False,Picornaviridae Enterovirus A,96.74523,CV-A16,100.0,CV-A16,100.0,B1b,100.0
MH004045,2445,891,3336,NC_001612,False,Picornaviridae Enterovirus A,97.19417,CV-A16,100.0,CV-A16,100.0,B1b,97.0
MH004046,2445,891,3336,NC_001612,False,Picornaviridae Enterovirus A,97.3064,CV-A16,100.0,CV-A16,100.0,B1b,98.0
MH004047,2445,891,3336,NC_001612,False,Picornaviridae Enterovirus A,98.20427,CV-A16,100.0,CV-A16,100.0,B1b,97.0
MH004048,2445,891,3336,NC_001612,False,Picornaviridae Enterovirus A,97.08193,CV-A16,100.0,CV-A16,100.0,B1b,99.0
MH010198,46,7363,7413,NC_001612,False,Picornaviridae Enterovirus A,96.84254,CV-A16,100.0,CV-A16,100.0,B1a,87.0
MH010199,29,7380,7413,NC_001612,False,Picornaviridae Enterovirus A,97.459236,CV-A16,100.0,CV-A16,100.0,B1b,100.0
MH010200,-1,7410,7413,NC_001612,False,Picornaviridae Enterovirus A,97.16485,CV-A16,100.0,CV-A16,100.0,B1b,99.0
MH010201,55,7354,7413,NC_001612,False,Picornaviridae Enterovirus A,97.25058,CV-A16,100.0,CV-A16,100.0,B1b,96.0
MH010202,-1,7410,7413,NC_001612,False,Picornaviridae Enterovirus A,97.324684,CV-A16,100.0,CV-A16,100.0,B1b,97.0
MH010203,54,7311,7369,NC_001612,False,Picornaviridae Enterovirus A,95.24005,CV-A16,100.0,CV-A16,100.0,B1a,84.0
MH010206,54,7306,7364,NC_001612,False,Picornaviridae Enterovirus A,97.57733,CV-A16,100.0,CV-A16,100.0,B1b,99.0
MH084305,2568,845,3413,NC_001612,False,Picornaviridae Enterovirus A,82.72189,CV-A16,100.0,CV-A16,100.0,A,100.0
MH084306,2447,780,3227,NC_001612,False,Picornaviridae Enterovirus A,82.94872,CV-A16,100.0,CV-A16,100.0,A,100.0
MH084318,2453,880,3333,NC_001612,False,Picornaviridae Enterovirus A,95.795456,CV-A16,100.0,CV-A16,100.0,B1a,80.0
MH084319,2429,905,3334,NC_001612,False,Picornaviridae Enterovirus A,86.82171,CV-A16,100.0,CV-A16,100.0,A,94.0
MH084325,2442,891,3333,NC_001612,False,Picornaviridae Enterovirus A,95.73513,CV-A16,100.0,CV-A16,100.0,B1a,81.0
MH084330,2528,854,3382,NC_001612,False,Picornaviridae Enterovirus A,84.48884,CV-A16,100.0,CV-A16,100.0,A,100.0
MH084331,2538,808,3346,NC_001612,False,Picornaviridae Enterovirus A,84.987595,CV-A16,100.0,CV-A16,100.0,A,100.0
MH111067,23,7362,7390,NC_001612,False,Picornaviridae Enterovirus A,97.94893,CV-A16,100.0,CV-A16,100.0,B1b,100.0
MH111068,23,7362,7390,NC_001612,False,Picornaviridae Enterovirus A,91.64743,CV-A16,100.0,CV-A16,100.0,B1c,100.0
MH111069,23,7290,7322,NC_001612,False,Picornaviridae Enterovirus A,93.35161,CV-A16,100.0,CV-A16,100.0,B1a,92.0
MH111070,23,7363,7390,NC_001612,False,Picornaviridae Enterovirus A,95.355156,CV-A16,100.0,CV-A16,100.0,B1a,88.0
MH111072,23,7363,7390,NC_001612,False,Picornaviridae Enterovirus A,95.341576,CV-A16,100.0,CV-A16,100.0,B1a,88.0
MH160022,2445,891,3336,NC_001612,False,Picornaviridae Enterovirus A,97.75533,CV-A16,100.0,CV-A16,100.0,B1b,98.0
MH160023,2445,891,3336,NC_001612,False,Picornaviridae Enterovirus A,97.75533,CV-A16,100.0,CV-A16,100.0,B1b,98.0
MH160024,2445,891,3336,NC_001612,False,Picornaviridae Enterovirus A,98.764046,CV-A16,100.0,CV-A16,100.0,B1b,97.0
MH160025,2445,891,3336,NC_001612,False,Picornaviridae Enterovirus A,98.764046,CV-A16,100.0,CV-A16,100.0,B1b,99.0
MH160026,2445,891,3336,NC_001612,False,Picornaviridae Enterovirus A,96.85747,CV-A16,100.0,CV-A16,100.0,B1b,98.0
MH160027,2445,891,3336,NC_001612,False,Picornaviridae Enterovirus A,96.74523,CV-A16,100.0,CV-A16,100.0,B1b,98.0
MH160028,2445,891,3336,NC_001612,False,Picornaviridae Enterovirus A,96.74523,CV-A16,100.0,CV-A16,100.0,B1b,99.0
MH160029,2445,891,3336,NC_001612,False,Picornaviridae Enterovirus A,97.75533,CV-A16,100.0,CV-A16,100.0,B1b,99.0
MH160030,2445,891,3336,NC_001612,False,Picornaviridae Enterovirus A,98.09203,CV-A16,100.0,CV-A16,100.0,B1b,96.0
MH160031,2445,891,3336,NC_001612,False,Picornaviridae Enterovirus A,98.20427,CV-A16,100.0,CV-A16,100.0,B1b,98.0
MH167447,2445,891,3336,NC_001612,False,Picornaviridae Enterovirus A,98.20427,CV-A16,100.0,CV-A16,100.0,B1b,99.0
MH167448,2445,891,3336,NC_001612,False,Picornaviridae Enterovirus A,98.20427,CV-A16,100.0,CV-A16,100.0,B1b,98.0
MH167449,2445,891,3336,NC_001612,False,Picornaviridae Enterovirus A,98.6532,CV-A16,100.0,CV-A16,100.0,B1b,99.0
MH167450,2445,891,3336,NC_001612,False,Picornaviridae Enterovirus A,98.20427,CV-A16,100.0,CV-A16,100.0,B1b,98.0
MH361019,561,3855,4420,NC_001612,False,Picornaviridae Enterovirus A,95.53826,CV-A16,100.0,CV-A16,100.0,B1a,86.0
MH361023,581,3835,4419,NC_001612,False,Picornaviridae Enterovirus A,84.151436,CV-A16,100.0,CV-A16,100.0,A,90.0
MH491122,2445,891,3336,NC_001612,False,Picornaviridae Enterovirus A,97.9798,CV-A16,100.0,CV-A16,100.0,B1b,99.0
MH491123,2445,891,3336,NC_001612,False,Picornaviridae Enterovirus A,98.3165,CV-A16,100.0,CV-A16,100.0,B1b,97.0
MH491124,2445,891,3336,NC_001612,False,Picornaviridae Enterovirus A,98.3165,CV-A16,100.0,CV-A16,100.0,B1b,100.0
MH491125,2445,891,3336,NC_001612,False,Picornaviridae Enterovirus A,99.21436,CV-A16,100.0,CV-A16,100.0,B1b,99.0
MH491126,2445,891,3336,NC_001612,False,Picornaviridae Enterovirus A,97.9798,CV-A16,100.0,CV-A16,100.0,B1b,99.0
MH491127,2445,891,3336,NC_001612,False,Picornaviridae Enterovirus A,98.3165,CV-A16,100.0,CV-A16,100.0,B1b,98.0
MH491128,2445,891,3336,NC_001612,False,Picornaviridae Enterovirus A,95.959595,CV-A16,100.0,CV-A16,100.0,B1b,82.0
MH491129,2445,891,3336,NC_001612,False,Picornaviridae Enterovirus A,99.3266,CV-A16,100.0,CV-A16,100.0,B1b,99.0
MH491130,2445,891,3336,NC_001612,False,Picornaviridae Enterovirus A,99.21436,CV-A16,100.0,CV-A16,100.0,B1b,100.0
MH491131,2445,891,3336,NC_001612,False,Picornaviridae Enterovirus A,99.21436,CV-A16,100.0,CV-A16,100.0,B1b,99.0
MH491132,2445,891,3336,NC_001612,False,Picornaviridae Enterovirus A,97.6431,CV-A16,100.0,CV-A16,100.0,B1a,82.0
MH491135,2445,891,3336,NC_001612,False,Picornaviridae Enterovirus A,96.632996,CV-A16,100.0,CV-A16,100.0,B1b,98.0
MH491136,2445,891,3336,NC_001612,False,Picornaviridae Enterovirus A,98.428734,CV-A16,100.0,CV-A16,100.0,B1b,100.0
MH491137,2445,891,3336,NC_001612,False,Picornaviridae Enterovirus A,97.9798,CV-A16,100.0,CV-A16,100.0,B1b,98.0
MH491138,2445,891,3336,NC_001612,False,Picornaviridae Enterovirus A,95.84736,CV-A16,100.0,CV-A16,100.0,B1a,80.0
MH491139,2445,891,3336,NC_001612,False,Picornaviridae Enterovirus A,97.9798,CV-A16,100.0,CV-A16,100.0,B1b,98.0
MH491140,2445,891,3336,NC_001612,False,Picornaviridae Enterovirus A,98.9899,CV-A16,100.0,CV-A16,100.0,B1b,99.0
MH516915,2445,891,3336,NC_001612,False,Picornaviridae Enterovirus A,96.969696,CV-A16,100.0,CV-A16,100.0,B1b,98.0
MH516916,2445,891,3336,NC_001612,False,Picornaviridae Enterovirus A,98.09203,CV-A16,100.0,CV-A16,100.0,B1b,96.0
MH516917,2445,891,3336,NC_001612,False,Picornaviridae Enterovirus A,96.85747,CV-A16,100.0,CV-A16,100.0,B1b,99.0
MH516918,2445,891,3336,NC_001612,False,Picornaviridae Enterovirus A,96.28378,CV-A16,100.0,CV-A16,100.0,B1b,100.0
MH516919,2445,891,3336,NC_001612,False,Picornaviridae Enterovirus A,96.85747,CV-A16,100.0,CV-A16,100.0,B1b,96.0
MH516920,2445,891,3336,NC_001612,False,Picornaviridae Enterovirus A,95.959595,CV-A16,100.0,CV-A16,100.0,B1b,99.0
MH516921,2445,891,3336,NC_001612,False,Picornaviridae Enterovirus A,97.303375,CV-A16,100.0,CV-A16,100.0,B1b,97.0
MH516922,2445,891,3336,NC_001612,False,Picornaviridae Enterovirus A,96.40853,CV-A16,100.0,CV-A16,100.0,B1b,97.0
MH516923,2445,891,3336,NC_001612,False,Picornaviridae Enterovirus A,98.3165,CV-A16,100.0,CV-A16,100.0,B1b,99.0
MH516924,2445,891,3336,NC_001612,False,Picornaviridae Enterovirus A,98.3165,CV-A16,100.0,CV-A16,100.0,B1b,98.0
MH516925,2445,891,3336,NC_001612,False,Picornaviridae Enterovirus A,98.3165,CV-A16,100.0,CV-A16,100.0,B1b,96.0
MH516926,2445,891,3336,NC_001612,False,Picornaviridae Enterovirus A,98.3165,CV-A16,100.0,CV-A16,100.0,B1b,99.0
MH516927,2445,891,3336,NC_001612,False,Picornaviridae Enterovirus A,96.969696,CV-A16,100.0,CV-A16,100.0,B1b,99.0
MH516928,2445,891,3336,NC_001612,False,Picornaviridae Enterovirus A,97.41863,CV-A16,100.0,CV-A16,100.0,B1b,100.0
MH516929,2445,891,3336,NC_001612,False,Picornaviridae Enterovirus A,96.632996,CV-A16,100.0,CV-A16,100.0,B1b,96.0
MH516930,2445,891,3336,NC_001612,False,Picornaviridae Enterovirus A,97.19417,CV-A16,100.0,CV-A16,100.0,B1b,95.0
MH516931,2445,891,3336,NC_001612,False,Picornaviridae Enterovirus A,98.9899,CV-A16,100.0,CV-A16,100.0,B1b,97.0
MH516932,2445,891,3336,NC_001612,False,Picornaviridae Enterovirus A,97.86757,CV-A16,100.0,CV-A16,100.0,B1b,99.0
MH516933,2445,891,3336,NC_001612,False,Picornaviridae Enterovirus A,98.3165,CV-A16,100.0,CV-A16,100.0,B1b,97.0
MH516934,2445,891,3336,NC_001612,False,Picornaviridae Enterovirus A,98.3165,CV-A16,100.0,CV-A16,100.0,B1b,98.0
MH516935,2445,891,3336,NC_001612,False,Picornaviridae Enterovirus A,98.3165,CV-A16,100.0,CV-A16,100.0,B1b,97.0
MH516936,2445,891,3336,NC_001612,False,Picornaviridae Enterovirus A,98.9899,CV-A16,100.0,CV-A16,100.0,B1b,98.0
MH516937,2445,891,3336,NC_001612,False,Picornaviridae Enterovirus A,99.102135,CV-A16,100.0,CV-A16,100.0,B1b,98.0
MH516938,2445,891,3336,NC_001612,False,Picornaviridae Enterovirus A,99.6633,CV-A16,100.0,CV-A16,100.0,B1b,98.0
MH516939,2445,891,3336,NC_001612,False,Picornaviridae Enterovirus A,99.55106,CV-A16,100.0,CV-A16,100.0,B1b,99.0
MH516940,2445,891,3336,NC_001612,False,Picornaviridae Enterovirus A,97.75533,CV-A16,100.0,CV-A16,100.0,B1a,82.0
MH516942,2445,891,3336,NC_001612,False,Picornaviridae Enterovirus A,98.9899,CV-A16,100.0,CV-A16,100.0,B1b,100.0
MH516943,2445,891,3336,NC_001612,False,Picornaviridae Enterovirus A,99.102135,CV-A16,100.0,CV-A16,100.0,B1b,100.0
MH516944,2445,891,3336,NC_001612,False,Picornaviridae Enterovirus A,99.3266,CV-A16,100.0,CV-A16,100.0,B1b,98.0
MH516945,2445,891,3336,NC_001612,False,Picornaviridae Enterovirus A,98.6532,CV-A16,100.0,CV-A16,100.0,B1b,99.0
MH516946,2445,891,3336,NC_001612,False,Picornaviridae Enterovirus A,98.9899,CV-A16,100.0,CV-A16,100.0,B1b,98.0
MH516948,2445,891,3336,NC_001612,False,Picornaviridae Enterovirus A,99.21436,CV-A16,100.0,CV-A16,100.0,B1b,98.0
MH516949,2445,891,3336,NC_001612,False,Picornaviridae Enterovirus A,98.87767,CV-A16,100.0,CV-A16,100.0,B1b,96.0
MH516950,2445,891,3336,NC_001612,False,Picornaviridae Enterovirus A,98.6532,CV-A16,100.0,CV-A16,100.0,B1b,97.0
MH516951,2445,891,3336,NC_001612,False,Picornaviridae Enterovirus A,95.84736,CV-A16,100.0,CV-A16,100.0,B1b,91.0
MH516952,2445,891,3336,NC_001612,False,Picornaviridae Enterovirus A,97.86757,CV-A16,100.0,CV-A16,100.0,B1b,98.0
MH516953,2445,891,3336,NC_001612,False,Picornaviridae Enterovirus A,99.102135,CV-A16,100.0,CV-A16,100.0,B1b,100.0
MH516954,2445,891,3336,NC_001612,False,Picornaviridae Enterovirus A,98.87767,CV-A16,100.0,CV-A16,100.0,B1b,97.0
MH516955,2445,891,3336,NC_001612,False,Picornaviridae Enterovirus A,97.6431,CV-A16,100.0,CV-A16,100.0,B1b,98.0
MH516956,2445,891,3336,NC_001612,False,Picornaviridae Enterovirus A,99.102135,CV-A16,100.0,CV-A16,100.0,B1b,99.0
MH516957,2445,891,3336,NC_001612,False,Picornaviridae Enterovirus A,98.428734,CV-A16,100.0,CV-A16,100.0,B1b,99.0
MH516958,2445,891,3336,NC_001612,False,Picornaviridae Enterovirus A,98.3165,CV-A16,100.0,CV-A16,100.0,B1b,95.0
MH516959,2445,891,3336,NC_001612,False,Picornaviridae Enterovirus A,98.20427,CV-A16,100.0,CV-A16,100.0,B1b,99.0
MH516960,2445,891,3336,NC_001612,False,Picornaviridae Enterovirus A,98.3165,CV-A16,100.0,CV-A16,100.0,B1b,99.0
MH516961,2445,891,3336,NC_001612,False,Picornaviridae Enterovirus A,99.21436,CV-A16,100.0,CV-A16,100.0,B1b,99.0
MH516962,2445,891,3336,NC_001612,False,Picornaviridae Enterovirus A,98.3165,CV-A16,100.0,CV-A16,100.0,B1b,98.0
MH516963,2445,891,3336,NC_001612,False,Picornaviridae Enterovirus A,98.6532,CV-A16,100.0,CV-A16,100.0,B1b,100.0
MH516964,2445,891,3336,NC_001612,False,Picornaviridae Enterovirus A,98.765434,CV-A16,100.0,CV-A16,100.0,B1b,98.0
MH516965,2445,891,3336,NC_001612,False,Picornaviridae Enterovirus A,97.08193,CV-A16,100.0,CV-A16,100.0,B1b,97.0
MH516966,2445,891,3336,NC_001612,False,Picornaviridae Enterovirus A,97.19417,CV-A16,100.0,CV-A16,100.0,B1b,99.0
MH516967,2445,891,3336,NC_001612,False,Picornaviridae Enterovirus A,96.969696,CV-A16,100.0,CV-A16,100.0,B1b,98.0
MH516968,2445,891,3336,NC_001612,False,Picornaviridae Enterovirus A,98.3165,CV-A16,100.0,CV-A16,100.0,B1b,99.0
MH516969,2445,891,3336,NC_001612,False,Picornaviridae Enterovirus A,98.765434,CV-A16,100.0,CV-A16,100.0,B1b,98.0
MH516970,2445,891,3336,NC_001612,False,Picornaviridae Enterovirus A,97.86757,CV-A16,100.0,CV-A16,100.0,B1b,95.0
MH516971,2445,891,3336,NC_001612,False,Picornaviridae Enterovirus A,98.3165,CV-A16,100.0,CV-A16,100.0,B1b,98.0
MH516972,2445,891,3336,NC_001612,False,Picornaviridae Enterovirus A,98.3165,CV-A16,100.0,CV-A16,100.0,B1b,98.0
MH516973,2445,891,3336,NC_001612,False,Picornaviridae Enterovirus A,97.9798,CV-A16,100.0,CV-A16,100.0,B1b,98.0
MH516974,2445,891,3336,NC_001612,False,Picornaviridae Enterovirus A,97.6431,CV-A16,100.0,CV-A16,100.0,B1b,100.0
MH516977,2445,891,3336,NC_001612,False,Picornaviridae Enterovirus A,98.54097,CV-A16,100.0,CV-A16,100.0,B1b,95.0
MH516978,2445,891,3336,NC_001612,False,Picornaviridae Enterovirus A,95.39842,CV-A16,100.0,CV-A16,100.0,B1b,81.0
MH516979,2445,891,3336,NC_001612,False,Picornaviridae Enterovirus A,98.3165,CV-A16,100.0,CV-A16,100.0,B1b,99.0
MH516980,2445,891,3336,NC_001612,False,Picornaviridae Enterovirus A,98.428734,CV-A16,100.0,CV-A16,100.0,B1b,99.0
MH516981,2445,891,3336,NC_001612,False,Picornaviridae Enterovirus A,96.74523,CV-A16,100.0,CV-A16,100.0,B1b,99.0
MH516982,2445,891,3336,NC_001612,False,Picornaviridae Enterovirus A,98.54097,CV-A16,100.0,CV-A16,100.0,B1b,99.0
MH516983,2445,891,3336,NC_001612,False,Picornaviridae Enterovirus A,98.765434,CV-A16,100.0,CV-A16,100.0,B1b,100.0
MH516987,2445,891,3336,NC_001612,False,Picornaviridae Enterovirus A,98.765434,CV-A16,100.0,CV-A16,100.0,B1b,98.0
MH516988,2445,891,3336,NC_001612,False,Picornaviridae Enterovirus A,97.9798,CV-A16,100.0,CV-A16,100.0,B1b,96.0
MH516989,2445,891,3336,NC_001612,False,Picornaviridae Enterovirus A,98.428734,CV-A16,100.0,CV-A16,100.0,B1b,98.0
MH516990,2445,891,3336,NC_001612,False,Picornaviridae Enterovirus A,97.86757,CV-A16,100.0,CV-A16,100.0,B1b,98.0
MH516991,2445,891,3336,NC_001612,False,Picornaviridae Enterovirus A,97.6431,CV-A16,100.0,CV-A16,100.0,B1b,98.0
MH516992,2445,891,3336,NC_001612,False,Picornaviridae Enterovirus A,97.86757,CV-A16,100.0,CV-A16,100.0,B1b,98.0
MH516993,2445,891,3336,NC_001612,False,Picornaviridae Enterovirus A,98.765434,CV-A16,100.0,CV-A16,100.0,B1b,100.0
MH516994,2445,891,3336,NC_001612,False,Picornaviridae Enterovirus A,97.19417,CV-A16,100.0,CV-A16,100.0,B1b,97.0
MH516995,2445,891,3336,NC_001612,False,Picornaviridae Enterovirus A,98.428734,CV-A16,100.0,CV-A16,100.0,B1b,100.0
MH516997,2445,891,3336,NC_001612,False,Picornaviridae Enterovirus A,97.9798,CV-A16,100.0,CV-A16,100.0,B1b,96.0
MH516998,2445,891,3336,NC_001612,False,Picornaviridae Enterovirus A,97.6431,CV-A16,100.0,CV-A16,100.0,B1b,95.0
MH516999,2445,891,3336,NC_001612,False,Picornaviridae Enterovirus A,98.6532,CV-A16,100.0,CV-A16,100.0,B1b,97.0
MH517000,2445,891,3336,NC_001612,False,Picornaviridae Enterovirus A,97.75533,CV-A16,100.0,CV-A16,100.0,B1b,99.0
MH517001,2445,891,3336,NC_001612,False,Picornaviridae Enterovirus A,97.19417,CV-A16,100.0,CV-A16,100.0,B1b,95.0
MH517002,2445,891,3336,NC_001612,False,Picornaviridae Enterovirus A,97.86757,CV-A16,100.0,CV-A16,100.0,B1b,100.0
MH517003,2445,891,3336,NC_001612,False,Picornaviridae Enterovirus A,98.20427,CV-A16,100.0,CV-A16,100.0,B1b,99.0
MH517004,2445,891,3336,NC_001612,False,Picornaviridae Enterovirus A,98.428734,CV-A16,100.0,CV-A16,100.0,B1b,99.0
MH517005,2445,891,3336,NC_001612,False,Picornaviridae Enterovirus A,97.75533,CV-A16,100.0,CV-A16,100.0,B1b,97.0
MH517006,2445,891,3336,NC_001612,False,Picornaviridae Enterovirus A,97.19417,CV-A16,100.0,CV-A16,100.0,B1b,100.0
MH517007,2445,891,3336,NC_001612,False,Picornaviridae Enterovirus A,97.75533,CV-A16,100.0,CV-A16,100.0,B1b,98.0
MH517008,2445,891,3336,NC_001612,False,Picornaviridae Enterovirus A,98.09203,CV-A16,100.0,CV-A16,100.0,B1b,97.0
MH517009,2445,891,3336,NC_001612,False,Picornaviridae Enterovirus A,98.54097,CV-A16,100.0,CV-A16,100.0,B1b,98.0
MH517010,2445,891,3336,NC_001612,False,Picornaviridae Enterovirus A,97.86277,CV-A16,100.0,CV-A16,100.0,B1b,96.0
MH517011,2445,891,3336,NC_001612,False,Picornaviridae Enterovirus A,96.969696,CV-A16,100.0,CV-A16,100.0,B1b,100.0
MH517012,2445,891,3336,NC_001612,False,Picornaviridae Enterovirus A,97.75533,CV-A16,100.0,CV-A16,100.0,B1b,100.0
MH517014,2445,891,3336,NC_001612,False,Picornaviridae Enterovirus A,97.75533,CV-A16,100.0,CV-A16,100.0,B1b,97.0
MH517015,2445,891,3336,NC_001612,False,Picornaviridae Enterovirus A,97.6431,CV-A16,100.0,CV-A16,100.0,B1b,99.0
MH517016,2445,891,3336,NC_001612,False,Picornaviridae Enterovirus A,98.20427,CV-A16,100.0,CV-A16,100.0,B1b,99.0
MH517017,2445,891,3336,NC_001612,False,Picornaviridae Enterovirus A,97.6431,CV-A16,100.0,CV-A16,100.0,B1b,99.0
MH517018,2445,891,3336,NC_001612,False,Picornaviridae Enterovirus A,97.19417,CV-A16,100.0,CV-A16,100.0,B1b,98.0
MH644613,2445,891,3336,NC_001612,False,Picornaviridae Enterovirus A,97.19417,CV-A16,100.0,CV-A16,100.0,B1b,97.0
MH644614,2445,891,3336,NC_001612,False,Picornaviridae Enterovirus A,95.73513,CV-A16,100.0,CV-A16,100.0,B1a,80.0
MH644615,2445,891,3336,NC_001612,False,Picornaviridae Enterovirus A,97.86757,CV-A16,100.0,CV-A16,100.0,B1b,98.0
MH644616,2445,891,3336,NC_001612,False,Picornaviridae Enterovirus A,97.9798,CV-A16,100.0,CV-A16,100.0,B1b,98.0
MH644617,2445,891,3336,NC_001612,False,Picornaviridae Enterovirus A,96.74523,CV-A16,100.0,CV-A16,100.0,B1b,100.0
MH644619,2445,891,3336,NC_001612,False,Picornaviridae Enterovirus A,95.39842,CV-A16,100.0,CV-A16,100.0,B1a,80.0
MH644620,2445,891,3336,NC_001612,False,Picornaviridae Enterovirus A,97.3064,CV-A16,100.0,CV-A16,100.0,B1b,99.0
MH644621,2445,891,3336,NC_001612,False,Picornaviridae Enterovirus A,97.41863,CV-A16,100.0,CV-A16,100.0,B1b,97.0
MH644622,2445,891,3336,NC_001612,False,Picornaviridae Enterovirus A,97.41863,CV-A16,100.0,CV-A16,100.0,B1b,96.0
MH644623,2445,891,3336,NC_001612,False,Picornaviridae Enterovirus A,97.41863,CV-A16,100.0,CV-A16,100.0,B1b,98.0
MH644624,2445,891,3336,NC_001612,False,Picornaviridae Enterovirus A,96.74523,CV-A16,100.0,CV-A16,100.0,B1b,99.0
MH644625,2445,891,3336,NC_001612,False,Picornaviridae Enterovirus A,96.74523,CV-A16,100.0,CV-A16,100.0,B1b,99.0
MH644626,2445,891,3336,NC_001612,False,Picornaviridae Enterovirus A,94.943825,CV-A16,100.0,CV-A16,100.0,B1a,87.0
MH644629,2445,891,3336,NC_001612,False,Picornaviridae Enterovirus A,97.53087,CV-A16,100.0,CV-A16,100.0,B1b,100.0
MH644630,2445,891,3336,NC_001612,False,Picornaviridae Enterovirus A,97.41863,CV-A16,100.0,CV-A16,100.0,B1b,98.0
MH644631,2387,1013,3400,NC_001612,False,Picornaviridae Enterovirus A,94.669304,CV-A16,100.0,CV-A16,100.0,B1a,81.0
MH716172,2445,891,3336,NC_001612,False,Picornaviridae Enterovirus A,96.969696,CV-A16,100.0,CV-A16,100.0,B1b,97.0
MH879030,2445,891,3336,NC_001612,False,Picornaviridae Enterovirus A,94.83146,CV-A16,100.0,CV-A16,100.0,B1a,83.0
MH879031,2445,891,3336,NC_001612,False,Picornaviridae Enterovirus A,98.3165,CV-A16,100.0,CV-A16,100.0,B1b,98.0
MH879032,2445,891,3336,NC_001612,False,Picornaviridae Enterovirus A,94.83146,CV-A16,100.0,CV-A16,100.0,B1a,81.0
MK111171,2604,274,2878,NC_001612,False,Picornaviridae Enterovirus A,92.70073,CV-A16,100.0,CV-A16,100.0,B1c,95.0
MK111172,2604,300,2904,NC_001612,False,Picornaviridae Enterovirus A,92.666664,CV-A16,100.0,CV-A16,100.0,B1c,95.0
MK111173,2604,285,2889,NC_001612,False,Picornaviridae Enterovirus A,92.2807,CV-A16,100.0,CV-A16,100.0,B1c,96.0
MK111174,2604,286,2890,NC_001612,False,Picornaviridae Enterovirus A,92.30769,CV-A16,100.0,CV-A16,100.0,B1c,95.0
MK111175,2604,276,2880,NC_001612,False,Picornaviridae Enterovirus A,92.72727,CV-A16,100.0,CV-A16,100.0,B1c,95.0
MK111176,2604,286,2890,NC_001612,False,Picornaviridae Enterovirus A,92.30769,CV-A16,100.0,CV-A16,100.0,B1c,96.0
MK111179,2604,277,2881,NC_001612,False,Picornaviridae Enterovirus A,99.27798,CV-A16,100.0,CV-A16,100.0,B1b,81.0
MK307215,2398,1000,3398,NC_001612,False,Picornaviridae Enterovirus A,97.6,CV-A16,100.0,CV-A16,100.0,B1b,98.0
MK307216,2398,1000,3398,NC_001612,False,Picornaviridae Enterovirus A,97.6,CV-A16,100.0,CV-A16,100.0,B1b,97.0
MK307217,2398,1000,3398,NC_001612,False,Picornaviridae Enterovirus A,97.0,CV-A16,100.0,CV-A16,100.0,B1b,97.0
MK307218,2398,1000,3398,NC_001612,False,Picornaviridae Enterovirus A,97.0,CV-A16,100.0,CV-A16,100.0,B1b,98.0
MK307219,2398,1000,3398,NC_001612,False,Picornaviridae Enterovirus A,96.7,CV-A16,100.0,CV-A16,100.0,B1b,99.0
MK307220,2398,1000,3398,NC_001612,False,Picornaviridae Enterovirus A,98.2,CV-A16,100.0,CV-A16,100.0,B1b,97.0
MK307221,2398,1000,3398,NC_001612,False,Picornaviridae Enterovirus A,98.2,CV-A16,100.0,CV-A16,100.0,B1b,100.0
MK307222,2398,1000,3398,NC_001612,False,Picornaviridae Enterovirus A,97.7,CV-A16,100.0,CV-A16,100.0,B1b,98.0
MK307223,2398,1000,3398,NC_001612,False,Picornaviridae Enterovirus A,98.1,CV-A16,100.0,CV-A16,100.0,B1b,99.0
MK307224,2398,1000,3398,NC_001612,False,Picornaviridae Enterovirus A,98.0,CV-A16,100.0,CV-A16,100.0,B1b,98.0
MK307225,2398,1000,3398,NC_001612,False,Picornaviridae Enterovirus A,97.5,CV-A16,100.0,CV-A16,100.0,B1b,95.0
MK307226,2398,1000,3398,NC_001612,False,Picornaviridae Enterovirus A,97.5,CV-A16,100.0,CV-A16,100.0,B1b,98.0
MK307227,2398,1000,3398,NC_001612,False,Picornaviridae Enterovirus A,97.399994,CV-A16,100.0,CV-A16,100.0,B1b,98.0
MK307228,2398,1000,3398,NC_001612,False,Picornaviridae Enterovirus A,97.0,CV-A16,100.0,CV-A16,100.0,B1b,99.0
MK307229,2398,1000,3398,NC_001612,False,Picornaviridae Enterovirus A,97.799995,CV-A16,100.0,CV-A16,100.0,B1b,100.0
MK307230,2398,1000,3398,NC_001612,False,Picornaviridae Enterovirus A,97.799995,CV-A16,100.0,CV-A16,100.0,B1b,95.0
MK307232,2398,1000,3398,NC_001612,False,Picornaviridae Enterovirus A,95.9,CV-A16,100.0,CV-A16,100.0,B1b,81.0
MK307233,2398,1000,3398,NC_001612,False,Picornaviridae Enterovirus A,98.0,CV-A16,100.0,CV-A16,100.0,B1b,98.0
MK307234,2398,1000,3398,NC_001612,False,Picornaviridae Enterovirus A,98.7,CV-A16,100.0,CV-A16,100.0,B1b,99.0
MK307235,2398,1000,3398,NC_001612,False,Picornaviridae Enterovirus A,98.5,CV-A16,100.0,CV-A16,100.0,B1b,99.0
MK307236,2398,1000,3398,NC_001612,False,Picornaviridae Enterovirus A,97.899994,CV-A16,100.0,CV-A16,100.0,B1b,97.0
MK307237,2398,1000,3398,NC_001612,False,Picornaviridae Enterovirus A,95.700005,CV-A16,100.0,CV-A16,100.0,B1b,90.0
MK307238,2398,1000,3398,NC_001612,False,Picornaviridae Enterovirus A,98.799995,CV-A16,100.0,CV-A16,100.0,B1b,97.0
MK307239,2398,1000,3398,NC_001612,False,Picornaviridae Enterovirus A,95.3,CV-A16,100.0,CV-A16,100.0,B1b,86.0
MK307240,2398,1000,3398,NC_001612,False,Picornaviridae Enterovirus A,98.6,CV-A16,100.0,CV-A16,100.0,B1b,97.0
MK307241,2398,1000,3398,NC_001612,False,Picornaviridae Enterovirus A,98.0,CV-A16,100.0,CV-A16,100.0,B1b,97.0
MK307242,2398,1000,3398,NC_001612,False,Picornaviridae Enterovirus A,98.1,CV-A16,100.0,CV-A16,100.0,B1b,100.0
MK307243,2398,1000,3398,NC_001612,False,Picornaviridae Enterovirus A,98.0,CV-A16,100.0,CV-A16,100.0,B1b,96.0
MK307244,2398,1000,3398,NC_001612,False,Picornaviridae Enterovirus A,97.799995,CV-A16,100.0,CV-A16,100.0,B1b,98.0
MK307245,2398,1000,3398,NC_001612,False,Picornaviridae Enterovirus A,97.6,CV-A16,100.0,CV-A16,100.0,B1b,99.0
MK307246,2398,1000,3398,NC_001612,False,Picornaviridae Enterovirus A,97.799995,CV-A16,100.0,CV-A16,100.0,B1b,100.0
MK307247,2398,1000,3398,NC_001612,False,Picornaviridae Enterovirus A,97.899994,CV-A16,100.0,CV-A16,100.0,B1b,98.0
MK307248,2398,1000,3398,NC_001612,False,Picornaviridae Enterovirus A,98.1,CV-A16,100.0,CV-A16,100.0,B1b,100.0
MK307249,2398,1000,3398,NC_001612,False,Picornaviridae Enterovirus A,97.799995,CV-A16,100.0,CV-A16,100.0,B1b,99.0
MK307250,2398,1000,3398,NC_001612,False,Picornaviridae Enterovirus A,97.799995,CV-A16,100.0,CV-A16,100.0,B1b,99.0
MK307251,2398,1000,3398,NC_001612,False,Picornaviridae Enterovirus A,97.0,CV-A16,100.0,CV-A16,100.0,B1b,98.0
MK307252,2398,1000,3398,NC_001612,False,Picornaviridae Enterovirus A,98.299995,CV-A16,100.0,CV-A16,100.0,B1b,99.0
MK307253,2398,1000,3398,NC_001612,False,Picornaviridae Enterovirus A,97.799995,CV-A16,100.0,CV-A16,100.0,B1b,99.0
MK307254,2398,1000,3398,NC_001612,False,Picornaviridae Enterovirus A,97.799995,CV-A16,100.0,CV-A16,100.0,B1b,99.0
MK307255,2398,1000,3398,NC_001612,False,Picornaviridae Enterovirus A,97.799995,CV-A16,100.0,CV-A16,100.0,B1b,96.0
MK307256,2398,1000,3398,NC_001612,False,Picornaviridae Enterovirus A,97.899994,CV-A16,100.0,CV-A16,100.0,B1b,97.0
MK307257,2398,1000,3398,NC_001612,False,Picornaviridae Enterovirus A,97.7,CV-A16,100.0,CV-A16,100.0,B1b,98.0
MK307258,2398,1000,3398,NC_001612,False,Picornaviridae Enterovirus A,97.7,CV-A16,100.0,CV-A16,100.0,B1b,98.0
MK307259,2398,1000,3398,NC_001612,False,Picornaviridae Enterovirus A,97.5,CV-A16,100.0,CV-A16,100.0,B1b,98.0
MK307260,2398,1000,3398,NC_001612,False,Picornaviridae Enterovirus A,98.299995,CV-A16,100.0,CV-A16,100.0,B1b,99.0
MK307261,2398,1000,3398,NC_001612,False,Picornaviridae Enterovirus A,98.5,CV-A16,100.0,CV-A16,100.0,B1b,97.0
MK307262,2398,1000,3398,NC_001612,False,Picornaviridae Enterovirus A,97.5,CV-A16,100.0,CV-A16,100.0,B1b,99.0
MK307263,2398,1000,3398,NC_001612,False,Picornaviridae Enterovirus A,97.5,CV-A16,100.0,CV-A16,100.0,B1b,98.0
MK307264,2398,1000,3398,NC_001612,False,Picornaviridae Enterovirus A,97.5,CV-A16,100.0,CV-A16,100.0,B1b,99.0
MK307265,2398,1000,3398,NC_001612,False,Picornaviridae Enterovirus A,97.6,CV-A16,100.0,CV-A16,100.0,B1b,100.0
MK307268,2398,1000,3398,NC_001612,False,Picornaviridae Enterovirus A,98.0,CV-A16,100.0,CV-A16,100.0,B1b,99.0
MK307269,2398,1000,3398,NC_001612,False,Picornaviridae Enterovirus A,98.1,CV-A16,100.0,CV-A16,100.0,B1b,98.0
MK307270,2398,1000,3398,NC_001612,False,Picornaviridae Enterovirus A,98.4,CV-A16,100.0,CV-A16,100.0,B1b,98.0
MK307271,2398,1000,3398,NC_001612,False,Picornaviridae Enterovirus A,95.700005,CV-A16,100.0,CV-A16,100.0,B1b,88.0
MK307272,2398,1000,3398,NC_001612,False,Picornaviridae Enterovirus A,98.5,CV-A16,100.0,CV-A16,100.0,B1b,99.0
MK307273,2398,1000,3398,NC_001612,False,Picornaviridae Enterovirus A,98.4,CV-A16,100.0,CV-A16,100.0,B1b,98.0
MK307274,2398,1000,3398,NC_001612,False,Picornaviridae Enterovirus A,98.4,CV-A16,100.0,CV-A16,100.0,B1b,98.0
MK307275,2398,1000,3398,NC_001612,False,Picornaviridae Enterovirus A,98.4,CV-A16,100.0,CV-A16,100.0,B1b,98.0
MK307276,2398,1000,3398,NC_001612,False,Picornaviridae Enterovirus A,98.4,CV-A16,100.0,CV-A16,100.0,B1b,100.0
MK307277,2398,1000,3398,NC_001612,False,Picornaviridae Enterovirus A,98.6,CV-A16,100.0,CV-A16,100.0,B1b,100.0
MK307278,2398,1000,3398,NC_001612,False,Picornaviridae Enterovirus A,98.6,CV-A16,100.0,CV-A16,100.0,B1b,97.0
MK307279,2398,1000,3398,NC_001612,False,Picornaviridae Enterovirus A,98.1,CV-A16,100.0,CV-A16,100.0,B1b,99.0
MK307280,2398,1000,3398,NC_001612,False,Picornaviridae Enterovirus A,98.5,CV-A16,100.0,CV-A16,100.0,B1b,100.0
MK307281,2398,1000,3398,NC_001612,False,Picornaviridae Enterovirus A,98.7,CV-A16,100.0,CV-A16,100.0,B1b,98.0
MK307282,2398,1000,3398,NC_001612,False,Picornaviridae Enterovirus A,97.7,CV-A16,100.0,CV-A16,100.0,B1b,96.0
MK307284,2398,1000,3398,NC_001612,False,Picornaviridae Enterovirus A,98.6,CV-A16,100.0,CV-A16,100.0,B1b,99.0
MK307285,2398,1000,3398,NC_001612,False,Picornaviridae Enterovirus A,97.5,CV-A16,100.0,CV-A16,100.0,B1b,97.0
MK307286,2398,1000,3398,NC_001612,False,Picornaviridae Enterovirus A,98.6,CV-A16,100.0,CV-A16,100.0,B1b,99.0
MK307287,2398,1000,3398,NC_001612,False,Picornaviridae Enterovirus A,98.7,CV-A16,100.0,CV-A16,100.0,B1b,98.0
MK307288,2398,1000,3398,NC_001612,False,Picornaviridae Enterovirus A,98.7,CV-A16,100.0,CV-A16,100.0,B1b,98.0
MK307289,2398,1000,3398,NC_001612,False,Picornaviridae Enterovirus A,97.7,CV-A16,100.0,CV-A16,100.0,B1b,100.0
MK307290,2398,1000,3398,NC_001612,False,Picornaviridae Enterovirus A,97.799995,CV-A16,100.0,CV-A16,100.0,B1b,97.0
MK307291,2398,1000,3398,NC_001612,False,Picornaviridae Enterovirus A,97.399994,CV-A16,100.0,CV-A16,100.0,B1b,96.0
MK307292,2398,1000,3398,NC_001612,False,Picornaviridae Enterovirus A,97.7,CV-A16,100.0,CV-A16,100.0,B1b,98.0
MK307293,2398,1000,3398,NC_001612,False,Picornaviridae Enterovirus A,98.7,CV-A16,100.0,CV-A16,100.0,B1b,99.0
MK307294,2398,1000,3398,NC_001612,False,Picornaviridae Enterovirus A,97.7,CV-A16,100.0,CV-A16,100.0,B1b,100.0
MK307295,2398,1000,3398,NC_001612,False,Picornaviridae Enterovirus A,98.2,CV-A16,100.0,CV-A16,100.0,B1b,99.0
MK307296,2398,1000,3398,NC_001612,False,Picornaviridae Enterovirus A,98.799995,CV-A16,100.0,CV-A16,100.0,B1b,98.0
MK307297,2398,1000,3398,NC_001612,False,Picornaviridae Enterovirus A,98.7,CV-A16,100.0,CV-A16,100.0,B1b,99.0
MK307298,2398,1000,3398,NC_001612,False,Picornaviridae Enterovirus A,98.799995,CV-A16,100.0,CV-A16,100.0,B1b,98.0
MK307299,2398,1000,3398,NC_001612,False,Picornaviridae Enterovirus A,97.799995,CV-A16,100.0,CV-A16,100.0,B1b,99.0
MK307300,2398,1000,3398,NC_001612,False,Picornaviridae Enterovirus A,98.7,CV-A16,100.0,CV-A16,100.0,B1b,100.0
MK307301,2398,1000,3398,NC_001612,False,Picornaviridae Enterovirus A,97.5,CV-A16,100.0,CV-A16,100.0,B1b,98.0
MK307302,2398,1000,3398,NC_001612,False,Picornaviridae Enterovirus A,98.299995,CV-A16,100.0,CV-A16,100.0,B1b,99.0
MK307303,2398,1000,3398,NC_001612,False,Picornaviridae Enterovirus A,98.799995,CV-A16,100.0,CV-A16,100.0,B1b,98.0
MK307304,2398,1000,3398,NC_001612,False,Picornaviridae Enterovirus A,97.399994,CV-A16,100.0,CV-A16,100.0,B1b,99.0
MK307305,2398,1000,3398,NC_001612,False,Picornaviridae Enterovirus A,99.299995,CV-A16,100.0,CV-A16,100.0,B1b,97.0
MK307306,2398,1000,3398,NC_001612,False,Picornaviridae Enterovirus A,99.299995,CV-A16,100.0,CV-A16,100.0,B1b,97.0
MK307307,2398,1000,3398,NC_001612,False,Picornaviridae Enterovirus A,98.7,CV-A16,100.0,CV-A16,100.0,B1b,100.0
MK307308,2398,1000,3398,NC_001612,False,Picornaviridae Enterovirus A,98.799995,CV-A16,100.0,CV-A16,100.0,B1b,99.0
MK307309,2398,1000,3398,NC_001612,False,Picornaviridae Enterovirus A,97.5,CV-A16,100.0,CV-A16,100.0,B1b,100.0
MK307310,2398,1000,3398,NC_001612,False,Picornaviridae Enterovirus A,98.69609,CV-A16,100.0,CV-A16,100.0,B1b,97.0
MK307311,2398,1000,3398,NC_001612,False,Picornaviridae Enterovirus A,98.799995,CV-A16,100.0,CV-A16,100.0,B1b,93.0
MK307312,2398,1000,3398,NC_001612,False,Picornaviridae Enterovirus A,97.7,CV-A16,100.0,CV-A16,100.0,B1b,100.0
MK307313,2398,1000,3398,NC_001612,False,Picornaviridae Enterovirus A,98.799995,CV-A16,100.0,CV-A16,100.0,B1b,100.0
MK307314,2398,1000,3398,NC_001612,False,Picornaviridae Enterovirus A,98.4,CV-A16,100.0,CV-A16,100.0,B1b,99.0
MK307315,2398,1000,3398,NC_001612,False,Picornaviridae Enterovirus A,96.7,CV-A16,100.0,CV-A16,100.0,B1b,100.0
MK307316,2398,1000,3398,NC_001612,False,Picornaviridae Enterovirus A,96.9,CV-A16,100.0,CV-A16,100.0,B1b,97.0
MK307317,2398,1000,3398,NC_001612,False,Picornaviridae Enterovirus A,97.799995,CV-A16,100.0,CV-A16,100.0,B1b,98.0
MK322332,2577,337,2915,NC_001612,False,Picornaviridae Enterovirus A,95.76547,CV-A16,100.0,CV-A16,100.0,B1b,81.0
MK322333,2577,332,2910,NC_001612,False,Picornaviridae Enterovirus A,96.05263,CV-A16,100.0,CV-A16,100.0,B1b,83.0
MK322336,2577,355,2932,NC_001612,False,Picornaviridae Enterovirus A,95.42857,CV-A16,100.0,CV-A16,100.0,B1b,93.0
MK322337,2577,296,2873,NC_001612,False,Picornaviridae Enterovirus A,95.60811,CV-A16,100.0,CV-A16,100.0,B1b,87.0
MK322338,2577,296,2873,NC_001612,False,Picornaviridae Enterovirus A,95.945946,CV-A16,100.0,CV-A16,100.0,B1b,85.0
MK322339,2577,356,2933,NC_001612,False,Picornaviridae Enterovirus A,95.14286,CV-A16,100.0,CV-A16,100.0,B1b,86.0
MK322341,2577,310,2887,NC_001612,False,Picornaviridae Enterovirus A,96.05263,CV-A16,100.0,CV-A16,100.0,B1b,91.0
MK322342,2577,307,2884,NC_001612,False,Picornaviridae Enterovirus A,96.02649,CV-A16,100.0,CV-A16,100.0,B1b,87.0
MK322343,2577,310,2887,NC_001612,False,Picornaviridae Enterovirus A,95.161285,CV-A16,100.0,CV-A16,100.0,B1b,81.0
MK322344,2577,356,2933,NC_001612,False,Picornaviridae Enterovirus A,95.42857,CV-A16,100.0,CV-A16,100.0,B1b,94.0
MK322346,2577,303,2880,NC_001612,False,Picornaviridae Enterovirus A,95.70957,CV-A16,100.0,CV-A16,100.0,B1b,92.0
MK322347,2598,286,2884,NC_001612,False,Picornaviridae Enterovirus A,97.17314,CV-A16,100.0,CV-A16,100.0,B1b,81.0
MK322349,2577,305,2882,NC_001612,False,Picornaviridae Enterovirus A,95.39474,CV-A16,100.0,CV-A16,100.0,B1b,91.0
MK322352,2577,311,2888,NC_001612,False,Picornaviridae Enterovirus A,96.46303,CV-A16,100.0,CV-A16,100.0,B1b,84.0
MK322353,2577,304,2881,NC_001612,False,Picornaviridae Enterovirus A,95.72369,CV-A16,100.0,CV-A16,100.0,B1b,83.0
MK322360,2577,305,2882,NC_001612,False,Picornaviridae Enterovirus A,96.381584,CV-A16,100.0,CV-A16,100.0,B1b,81.0
MK322361,2577,355,2932,NC_001612,False,Picornaviridae Enterovirus A,94.28571,CV-A16,100.0,CV-A16,100.0,B1b,84.0
MK322363,2577,303,2880,NC_001612,False,Picornaviridae Enterovirus A,95.70957,CV-A16,100.0,CV-A16,100.0,B1b,81.0
MK322364,2577,309,2886,NC_001612,False,Picornaviridae Enterovirus A,95.454544,CV-A16,100.0,CV-A16,100.0,B1b,82.0
MK322365,2577,356,2933,NC_001612,False,Picornaviridae Enterovirus A,95.71428,CV-A16,100.0,CV-A16,100.0,B1b,87.0
MK322367,2577,303,2880,NC_001612,False,Picornaviridae Enterovirus A,95.37954,CV-A16,100.0,CV-A16,100.0,B1b,81.0
MK322370,2599,283,2882,NC_001612,False,Picornaviridae Enterovirus A,98.93239,CV-A16,100.0,CV-A16,100.0,B1b,82.0
MK322371,2577,306,2883,NC_001612,False,Picornaviridae Enterovirus A,95.424835,CV-A16,100.0,CV-A16,100.0,B1b,82.0
MK322376,2577,307,2884,NC_001612,False,Picornaviridae Enterovirus A,96.05263,CV-A16,100.0,CV-A16,100.0,B1b,80.0
MK322377,2577,306,2883,NC_001612,False,Picornaviridae Enterovirus A,95.75163,CV-A16,100.0,CV-A16,100.0,B1b,84.0
MK322378,2577,306,2883,NC_001612,False,Picornaviridae Enterovirus A,96.07843,CV-A16,100.0,CV-A16,100.0,B1b,85.0
MK322379,2585,298,2883,NC_001612,False,Picornaviridae Enterovirus A,97.28814,CV-A16,100.0,CV-A16,100.0,B1b,85.0
MK322380,2599,276,2875,NC_001612,False,Picornaviridae Enterovirus A,97.81022,CV-A16,100.0,CV-A16,100.0,B1b,84.0
MK322381,2583,298,2881,NC_001612,False,Picornaviridae Enterovirus A,96.92833,CV-A16,100.0,CV-A16,100.0,B1b,86.0
MK322387,2599,289,2889,NC_001612,False,Picornaviridae Enterovirus A,99.63503,CV-A16,100.0,CV-A16,100.0,B1b,81.0
MK322388,2577,306,2883,NC_001612,False,Picornaviridae Enterovirus A,95.09804,CV-A16,100.0,CV-A16,100.0,B1b,84.0
MK322391,2577,304,2881,NC_001612,False,Picornaviridae Enterovirus A,97.039474,CV-A16,100.0,CV-A16,100.0,B1b,87.0
MK322392,2628,304,2932,NC_001612,False,Picornaviridae Enterovirus A,90.753426,CV-A16,100.0,CV-A16,100.0,B1b,83.0
MK322394,2577,305,2882,NC_001612,False,Picornaviridae Enterovirus A,95.34883,CV-A16,100.0,CV-A16,100.0,B1b,80.0
MK322395,2585,296,2881,NC_001612,False,Picornaviridae Enterovirus A,97.93814,CV-A16,100.0,CV-A16,100.0,B1b,85.0
MK322397,2585,296,2881,NC_001612,False,Picornaviridae Enterovirus A,98.287674,CV-A16,100.0,CV-A16,100.0,B1b,82.0
MK322401,2577,355,2932,NC_001612,False,Picornaviridae Enterovirus A,95.128944,CV-A16,100.0,CV-A16,100.0,B1b,88.0
MK322402,2577,350,2927,NC_001612,False,Picornaviridae Enterovirus A,96.0,CV-A16,100.0,CV-A16,100.0,B1b,95.0
MK322403,2577,303,2880,NC_001612,False,Picornaviridae Enterovirus A,96.69968,CV-A16,100.0,CV-A16,100.0,B1b,87.0
MK322404,2577,299,2876,NC_001612,False,Picornaviridae Enterovirus A,97.65886,CV-A16,100.0,CV-A16,100.0,B1b,82.0
MK322405,2577,303,2880,NC_001612,False,Picornaviridae Enterovirus A,97.01987,CV-A16,100.0,CV-A16,100.0,B1b,86.0
MK322407,2635,299,2934,NC_001612,False,Picornaviridae Enterovirus A,95.83333,CV-A16,100.0,CV-A16,100.0,B1b,89.0
MK348673,2445,891,3336,NC_001612,False,Picornaviridae Enterovirus A,97.53087,CV-A16,100.0,CV-A16,100.0,B1b,100.0
MK348674,2445,891,3336,NC_001612,False,Picornaviridae Enterovirus A,98.6532,CV-A16,100.0,CV-A16,100.0,B1b,100.0
MK348675,2445,891,3336,NC_001612,False,Picornaviridae Enterovirus A,98.6532,CV-A16,100.0,CV-A16,100.0,B1b,99.0
MK348676,2445,891,3336,NC_001612,False,Picornaviridae Enterovirus A,98.6532,CV-A16,100.0,CV-A16,100.0,B1b,100.0
MK348677,2445,891,3336,NC_001612,False,Picornaviridae Enterovirus A,98.6532,CV-A16,100.0,CV-A16,100.0,B1b,98.0
MK348678,2445,891,3336,NC_001612,False,Picornaviridae Enterovirus A,98.54097,CV-A16,100.0,CV-A16,100.0,B1b,99.0
MK348679,2445,891,3336,NC_001612,False,Picornaviridae Enterovirus A,97.53087,CV-A16,100.0,CV-A16,100.0,B1b,98.0
MK348680,2445,891,3336,NC_001612,False,Picornaviridae Enterovirus A,97.86757,CV-A16,100.0,CV-A16,100.0,B1b,98.0
MK348681,2445,891,3336,NC_001612,False,Picornaviridae Enterovirus A,97.86757,CV-A16,100.0,CV-A16,100.0,B1b,97.0
MK348682,2445,891,3336,NC_001612,False,Picornaviridae Enterovirus A,98.6532,CV-A16,100.0,CV-A16,100.0,B1b,96.0
MK348683,2445,891,3336,NC_001612,False,Picornaviridae Enterovirus A,97.6431,CV-A16,100.0,CV-A16,100.0,B1b,99.0
MK348684,2445,891,3336,NC_001612,False,Picornaviridae Enterovirus A,97.9798,CV-A16,100.0,CV-A16,100.0,B1b,98.0
MK348685,2445,891,3336,NC_001612,False,Picornaviridae Enterovirus A,97.86757,CV-A16,100.0,CV-A16,100.0,B1b,98.0
MK348686,2445,891,3336,NC_001612,False,Picornaviridae Enterovirus A,97.9798,CV-A16,100.0,CV-A16,100.0,B1b,99.0
MK348687,2445,891,3336,NC_001612,False,Picornaviridae Enterovirus A,98.3165,CV-A16,100.0,CV-A16,100.0,B1b,97.0
MK348688,2445,814,3259,NC_001612,False,Picornaviridae Enterovirus A,98.64865,CV-A16,100.0,CV-A16,100.0,B1b,95.0
MK348689,2445,891,3336,NC_001612,False,Picornaviridae Enterovirus A,97.86757,CV-A16,100.0,CV-A16,100.0,B1b,100.0
MK357093,2445,891,3336,NC_001612,False,Picornaviridae Enterovirus A,97.08193,CV-A16,100.0,CV-A16,100.0,B1b,100.0
MK357094,2445,891,3336,NC_001612,False,Picornaviridae Enterovirus A,98.6532,CV-A16,100.0,CV-A16,100.0,B1b,96.0
MK357095,2445,891,3336,NC_001612,False,Picornaviridae Enterovirus A,98.765434,CV-A16,100.0,CV-A16,100.0,B1b,98.0
MK357096,2445,891,3336,NC_001612,False,Picornaviridae Enterovirus A,98.765434,CV-A16,100.0,CV-A16,100.0,B1b,95.0
MK357097,2445,891,3336,NC_001612,False,Picornaviridae Enterovirus A,98.20427,CV-A16,100.0,CV-A16,100.0,B1b,99.0
MK357098,2445,891,3336,NC_001612,False,Picornaviridae Enterovirus A,98.765434,CV-A16,100.0,CV-A16,100.0,B1b,99.0
MK357099,2445,891,3336,NC_001612,False,Picornaviridae Enterovirus A,98.87767,CV-A16,100.0,CV-A16,100.0,B1b,98.0
MK357100,2445,891,3336,NC_001612,False,Picornaviridae Enterovirus A,98.765434,CV-A16,100.0,CV-A16,100.0,B1b,99.0
MK357101,2445,891,3336,NC_001612,False,Picornaviridae Enterovirus A,98.6532,CV-A16,100.0,CV-A16,100.0,B1b,97.0
MK357102,2445,891,3336,NC_001612,False,Picornaviridae Enterovirus A,98.765434,CV-A16,100.0,CV-A16,100.0,B1b,99.0
MK491769,2592,324,2916,NC_001612,False,Picornaviridae Enterovirus A,98.13084,CV-A16,100.0,CV-A16,100.0,B1b,82.0
MK491770,2592,324,2916,NC_001612,False,Picornaviridae Enterovirus A,98.13084,CV-A16,100.0,CV-A16,100.0,B1b,86.0
MK491777,2592,324,2916,NC_001612,False,Picornaviridae Enterovirus A,98.44237,CV-A16,100.0,CV-A16,100.0,B1b,83.0
MK491778,2592,324,2916,NC_001612,False,Picornaviridae Enterovirus A,97.196266,CV-A16,100.0,CV-A16,100.0,B1b,89.0
MK491780,2592,324,2916,NC_001612,False,Picornaviridae Enterovirus A,97.196266,CV-A16,100.0,CV-A16,100.0,B1b,91.0
MK491781,2592,324,2916,NC_001612,False,Picornaviridae Enterovirus A,96.884735,CV-A16,100.0,CV-A16,100.0,B1b,90.0
MK491783,2592,324,2916,NC_001612,False,Picornaviridae Enterovirus A,97.81931,CV-A16,100.0,CV-A16,100.0,B1b,94.0
MK491784,2592,324,2916,NC_001612,False,Picornaviridae Enterovirus A,97.196266,CV-A16,100.0,CV-A16,100.0,B1b,89.0
MK697682,750,6582,7332,NC_001612,False,Picornaviridae Enterovirus A,98.63264,CV-A16,100.0,CV-A16,100.0,B1b,99.0
MK704491,2213,663,2876,NC_001612,False,Picornaviridae Enterovirus A,96.38009,CV-A16,100.0,CV-A16,100.0,B1b,82.0
MK796738,2913,582,3495,NC_001612,False,Picornaviridae Enterovirus A,97.76632,CV-A16,100.0,CV-A16,100.0,B1b,97.0
MK796739,2916,585,3501,NC_001612,False,Picornaviridae Enterovirus A,95.71918,CV-A16,100.0,CV-A16,100.0,B1b,81.0
MK796740,2916,585,3501,NC_001612,False,Picornaviridae Enterovirus A,96.23288,CV-A16,100.0,CV-A16,100.0,B1b,89.0
MK796741,2913,588,3501,NC_001612,False,Picornaviridae Enterovirus A,97.61904,CV-A16,100.0,CV-A16,100.0,B1b,95.0
MK796742,2913,588,3501,NC_001612,False,Picornaviridae Enterovirus A,96.422485,CV-A16,100.0,CV-A16,100.0,B1b,92.0
MK796743,2913,590,3503,NC_001612,False,Picornaviridae Enterovirus A,97.45763,CV-A16,100.0,CV-A16,100.0,B1b,96.0
MK796744,2913,588,3501,NC_001612,False,Picornaviridae Enterovirus A,95.7483,CV-A16,100.0,CV-A16,100.0,B1b,97.0
MK796745,2913,588,3501,NC_001612,False,Picornaviridae Enterovirus A,96.25213,CV-A16,100.0,CV-A16,100.0,B1b,97.0
MK796746,2913,585,3498,NC_001612,False,Picornaviridae Enterovirus A,96.06164,CV-A16,100.0,CV-A16,99.0,B1b,94.0
MK796747,2916,579,3495,NC_001612,False,Picornaviridae Enterovirus A,96.373055,CV-A16,100.0,CV-A16,100.0,B1b,91.0
MK796748,2913,585,3498,NC_001612,False,Picornaviridae Enterovirus A,97.08904,CV-A16,100.0,CV-A16,100.0,B1b,82.0
MK796749,2916,588,3504,NC_001612,False,Picornaviridae Enterovirus A,96.08843,CV-A16,100.0,CV-A16,100.0,B1b,96.0
MK796750,2913,585,3498,NC_001612,False,Picornaviridae Enterovirus A,96.06164,CV-A16,100.0,CV-A16,100.0,B1b,97.0
MK796751,2913,585,3498,NC_001612,False,Picornaviridae Enterovirus A,96.23288,CV-A16,100.0,CV-A16,100.0,B1b,98.0
MK796752,2913,588,3501,NC_001612,False,Picornaviridae Enterovirus A,96.25213,CV-A16,100.0,CV-A16,100.0,B1b,97.0
MK796753,2913,582,3495,NC_001612,False,Picornaviridae Enterovirus A,96.391754,CV-A16,100.0,CV-A16,100.0,B1b,94.0
MK796754,2913,591,3504,NC_001612,False,Picornaviridae Enterovirus A,95.93909,CV-A16,100.0,CV-A16,100.0,B1b,89.0
MK796755,2913,585,3498,NC_001612,False,Picornaviridae Enterovirus A,96.23288,CV-A16,100.0,CV-A16,100.0,B1b,96.0
MK796756,2913,591,3504,NC_001612,False,Picornaviridae Enterovirus A,97.631134,CV-A16,100.0,CV-A16,100.0,B1b,98.0
MK796757,2916,582,3498,NC_001612,False,Picornaviridae Enterovirus A,97.762474,CV-A16,100.0,CV-A16,100.0,B1b,97.0
MK796758,2916,585,3501,NC_001612,False,Picornaviridae Enterovirus A,96.06164,CV-A16,100.0,CV-A16,100.0,B1b,91.0
MK796759,2913,591,3504,NC_001612,False,Picornaviridae Enterovirus A,95.76988,CV-A16,100.0,CV-A16,100.0,B1b,99.0
MK796760,2913,588,3501,NC_001612,False,Picornaviridae Enterovirus A,96.25213,CV-A16,100.0,CV-A16,100.0,B1b,94.0
MK796761,2913,585,3498,NC_001612,False,Picornaviridae Enterovirus A,97.77397,CV-A16,100.0,CV-A16,100.0,B1b,98.0
MK796762,2913,585,3498,NC_001612,False,Picornaviridae Enterovirus A,96.40411,CV-A16,100.0,CV-A16,100.0,B1b,98.0
MK796763,2913,585,3498,NC_001612,False,Picornaviridae Enterovirus A,96.23288,CV-A16,100.0,CV-A16,100.0,B1b,96.0
MK796764,2913,585,3498,NC_001612,False,Picornaviridae Enterovirus A,96.06164,CV-A16,100.0,CV-A16,100.0,B1b,93.0
MK796765,2913,588,3501,NC_001612,False,Picornaviridae Enterovirus A,96.25213,CV-A16,100.0,CV-A16,100.0,B1b,91.0
MK796767,2913,591,3504,NC_001612,False,Picornaviridae Enterovirus A,96.954315,CV-A16,100.0,CV-A16,100.0,B1b,93.0
MK796768,2913,588,3501,NC_001612,False,Picornaviridae Enterovirus A,96.25213,CV-A16,100.0,CV-A16,100.0,B1b,95.0
MK796769,2913,582,3495,NC_001612,False,Picornaviridae Enterovirus A,96.213425,CV-A16,100.0,CV-A16,100.0,B1b,98.0
MK796770,2913,591,3504,NC_001612,False,Picornaviridae Enterovirus A,96.954315,CV-A16,100.0,CV-A16,100.0,B1b,87.0
MK796771,2913,582,3495,NC_001612,False,Picornaviridae Enterovirus A,98.28179,CV-A16,100.0,CV-A16,100.0,B1b,95.0
MK796772,2916,585,3501,NC_001612,False,Picornaviridae Enterovirus A,95.89041,CV-A16,100.0,CV-A16,100.0,B1b,93.0
MK796773,2913,588,3501,NC_001612,False,Picornaviridae Enterovirus A,96.08177,CV-A16,100.0,CV-A16,100.0,B1b,88.0
MK796774,2913,588,3501,NC_001612,False,Picornaviridae Enterovirus A,95.911415,CV-A16,100.0,CV-A16,100.0,B1b,92.0
MK796775,2913,588,3501,NC_001612,False,Picornaviridae Enterovirus A,97.61904,CV-A16,100.0,CV-A16,100.0,B1b,100.0
MK796776,2913,588,3501,NC_001612,False,Picornaviridae Enterovirus A,96.08177,CV-A16,100.0,CV-A16,100.0,B1b,93.0
MK796777,2913,588,3501,NC_001612,False,Picornaviridae Enterovirus A,96.08177,CV-A16,100.0,CV-A16,100.0,B1b,88.0
MK796778,2913,588,3501,NC_001612,False,Picornaviridae Enterovirus A,97.61499,CV-A16,100.0,CV-A16,100.0,B1b,95.0
MK796779,2913,579,3492,NC_001612,False,Picornaviridae Enterovirus A,95.33679,CV-A16,100.0,CV-A16,100.0,B1b,93.0
MK796780,2952,549,3501,NC_001612,False,Picornaviridae Enterovirus A,96.532845,CV-A16,100.0,CV-A16,100.0,B1b,97.0
MK796781,2916,585,3501,NC_001612,False,Picornaviridae Enterovirus A,97.60274,CV-A16,100.0,CV-A16,100.0,B1b,95.0
MK796782,2916,588,3504,NC_001612,False,Picornaviridae Enterovirus A,96.08843,CV-A16,100.0,CV-A16,100.0,B1b,94.0
MK796783,2919,582,3501,NC_001612,False,Picornaviridae Enterovirus A,97.59036,CV-A16,100.0,CV-A16,100.0,B1b,97.0
MK796784,2913,588,3501,NC_001612,False,Picornaviridae Enterovirus A,96.08177,CV-A16,100.0,CV-A16,100.0,B1b,97.0
MK796785,2913,594,3507,NC_001612,False,Picornaviridae Enterovirus A,97.47049,CV-A16,100.0,CV-A16,100.0,B1b,93.0
MK796786,2913,591,3504,NC_001612,False,Picornaviridae Enterovirus A,95.93909,CV-A16,100.0,CV-A16,100.0,B1b,87.0
MK989714,0,7411,7416,NC_001612,False,Picornaviridae Enterovirus A,82.69905,CV-A16,100.0,CV-A16,100.0,A,95.0
MN046208,0,7433,7436,NC_001612,False,Picornaviridae Enterovirus A,98.51532,CV-A16,100.0,CV-A16,100.0,B1b,97.0
MN119286,750,2586,3336,NC_001612,False,Picornaviridae Enterovirus A,97.60248,CV-A16,100.0,CV-A16,100.0,B1b,98.0
MN153798,307,6161,6471,NC_001612,False,Picornaviridae Enterovirus A,94.64372,CV-A16,100.0,CV-A16,100.0,B1a,81.0
MN171540,2589,333,2922,NC_001612,False,Picornaviridae Enterovirus A,91.89189,CV-A16,100.0,CV-A16,100.0,B1c,90.0
MN205421,2445,891,3336,NC_001612,False,Picornaviridae Enterovirus A,96.969696,CV-A16,100.0,CV-A16,100.0,B1b,100.0
MN205422,2445,891,3336,NC_001612,False,Picornaviridae Enterovirus A,96.969696,CV-A16,100.0,CV-A16,100.0,B1b,99.0
MN205423,2445,891,3336,NC_001612,False,Picornaviridae Enterovirus A,97.3064,CV-A16,100.0,CV-A16,100.0,B1b,99.0
MN205424,2445,891,3336,NC_001612,False,Picornaviridae Enterovirus A,96.40853,CV-A16,100.0,CV-A16,100.0,B1b,99.0
MN205425,2445,891,3336,NC_001612,False,Picornaviridae Enterovirus A,96.85747,CV-A16,100.0,CV-A16,100.0,B1b,99.0
MN205426,2445,891,3336,NC_001612,False,Picornaviridae Enterovirus A,97.86757,CV-A16,100.0,CV-A16,100.0,B1b,99.0
MN205427,2445,891,3336,NC_001612,False,Picornaviridae Enterovirus A,97.86757,CV-A16,100.0,CV-A16,100.0,B1b,99.0
MN205428,2445,891,3336,NC_001612,False,Picornaviridae Enterovirus A,96.969696,CV-A16,100.0,CV-A16,100.0,B1b,97.0
MN205429,2445,891,3336,NC_001612,False,Picornaviridae Enterovirus A,97.3064,CV-A16,100.0,CV-A16,100.0,B1b,98.0
MN205430,2445,891,3336,NC_001612,False,Picornaviridae Enterovirus A,97.08193,CV-A16,100.0,CV-A16,100.0,B1b,100.0
MN337590,5,7412,7422,NC_001612,False,Picornaviridae Enterovirus A,98.35158,CV-A16,100.0,CV-A16,100.0,B1b,100.0
MN337591,5,7412,7422,NC_001612,False,Picornaviridae Enterovirus A,98.35179,CV-A16,100.0,CV-A16,100.0,B1b,100.0
MN337592,18,7399,7422,NC_001612,False,Picornaviridae Enterovirus A,98.29476,CV-A16,100.0,CV-A16,100.0,B1b,100.0
MN337593,-170,7588,7422,NC_001612,False,Picornaviridae Enterovirus A,96.00432,CV-A16,100.0,CV-A16,100.0,B1b,88.0
MN337594,16,7401,7422,NC_001612,False,Picornaviridae Enterovirus A,98.457375,CV-A16,100.0,CV-A16,100.0,B1b,98.0
MN337595,16,7401,7422,NC_001612,False,Picornaviridae Enterovirus A,98.41721,CV-A16,100.0,CV-A16,100.0,B1b,99.0
MN337596,15,7400,7420,NC_001612,False,Picornaviridae Enterovirus A,98.44405,CV-A16,100.0,CV-A16,100.0,B1b,99.0
MN337598,17,7399,7422,NC_001612,False,Picornaviridae Enterovirus A,98.36243,CV-A16,100.0,CV-A16,100.0,B1b,99.0
MN337599,24,7307,7337,NC_001612,False,Picornaviridae Enterovirus A,98.33037,CV-A16,100.0,CV-A16,100.0,B1b,100.0
MN337600,-15,7423,7413,NC_001612,False,Picornaviridae Enterovirus A,98.48771,CV-A16,100.0,CV-A16,100.0,B1b,97.0
MN337603,2406,906,3312,NC_001612,False,Picornaviridae Enterovirus A,97.35099,CV-A16,100.0,CV-A16,100.0,B1b,98.0
MN541006,750,3507,4257,NC_001612,False,Picornaviridae Enterovirus A,96.52124,CV-A16,100.0,CV-A16,100.0,B1b,99.0
MN541018,750,3696,4446,NC_001612,False,Picornaviridae Enterovirus A,95.53571,CV-A16,100.0,CV-A16,100.0,B1b,80.0
MN541025,750,3684,4434,NC_001612,False,Picornaviridae Enterovirus A,95.33116,CV-A16,100.0,CV-A16,100.0,B1b,96.0
MN886521,2445,891,3336,NC_001612,False,Picornaviridae Enterovirus A,96.52077,CV-A16,100.0,CV-A16,100.0,B1b,97.0
MN886522,2445,891,3336,NC_001612,False,Picornaviridae Enterovirus A,96.07183,CV-A16,100.0,CV-A16,100.0,B1b,96.0
MN938588,2430,970,3400,NC_001612,False,Picornaviridae Enterovirus A,97.31959,CV-A16,100.0,CV-A16,100.0,B1b,99.0
MN938589,2430,1581,4011,NC_001612,False,Picornaviridae Enterovirus A,97.53165,CV-A16,100.0,CV-A16,100.0,B1b,99.0
MN938590,2430,911,3341,NC_001612,False,Picornaviridae Enterovirus A,95.04951,CV-A16,100.0,CV-A16,100.0,B1b,100.0
MT119427,2445,891,3336,NC_001612,False,Picornaviridae Enterovirus A,96.296295,CV-A16,100.0,CV-A16,100.0,B1b,99.0
MT119428,2445,891,3336,NC_001612,False,Picornaviridae Enterovirus A,96.74523,CV-A16,100.0,CV-A16,100.0,B1b,99.0
MT119430,2445,891,3336,NC_001612,False,Picornaviridae Enterovirus A,96.632996,CV-A16,100.0,CV-A16,100.0,B1b,98.0
MT119431,2445,891,3336,NC_001612,False,Picornaviridae Enterovirus A,96.52077,CV-A16,100.0,CV-A16,100.0,B1b,100.0
MT119432,2445,891,3336,NC_001612,False,Picornaviridae Enterovirus A,96.296295,CV-A16,100.0,CV-A16,100.0,B1b,95.0
MT119433,2445,891,3336,NC_001612,False,Picornaviridae Enterovirus A,96.40853,CV-A16,100.0,CV-A16,100.0,B1b,99.0
MT119434,2445,891,3336,NC_001612,False,Picornaviridae Enterovirus A,96.632996,CV-A16,100.0,CV-A16,100.0,B1b,100.0
MT119435,2445,891,3336,NC_001612,False,Picornaviridae Enterovirus A,96.40853,CV-A16,100.0,CV-A16,100.0,B1b,98.0
MT119437,2445,891,3336,NC_001612,False,Picornaviridae Enterovirus A,94.26966,CV-A16,100.0,CV-A16,100.0,B1a,88.0
MT119438,2445,891,3336,NC_001612,False,Picornaviridae Enterovirus A,96.52077,CV-A16,100.0,CV-A16,100.0,B1b,96.0
MT119439,2445,891,3336,NC_001612,False,Picornaviridae Enterovirus A,96.296295,CV-A16,100.0,CV-A16,100.0,B1b,98.0
MT119440,2445,891,3336,NC_001612,False,Picornaviridae Enterovirus A,96.296295,CV-A16,100.0,CV-A16,100.0,B1b,97.0
MT119441,2445,891,3336,NC_001612,False,Picornaviridae Enterovirus A,96.40853,CV-A16,100.0,CV-A16,100.0,B1b,98.0
MT119442,2445,891,3336,NC_001612,False,Picornaviridae Enterovirus A,96.52077,CV-A16,100.0,CV-A16,100.0,B1b,98.0
MT119443,2445,891,3336,NC_001612,False,Picornaviridae Enterovirus A,94.83146,CV-A16,100.0,CV-A16,100.0,B1a,85.0
MT119444,2445,891,3336,NC_001612,False,Picornaviridae Enterovirus A,96.296295,CV-A16,100.0,CV-A16,100.0,B1b,98.0
MT119445,2445,891,3336,NC_001612,False,Picornaviridae Enterovirus A,96.296295,CV-A16,100.0,CV-A16,100.0,B1b,98.0
MT119446,2445,891,3336,NC_001612,False,Picornaviridae Enterovirus A,98.09203,CV-A16,100.0,CV-A16,100.0,B1b,100.0
MT119447,2445,891,3336,NC_001612,False,Picornaviridae Enterovirus A,92.14366,CV-A16,100.0,CV-A16,100.0,B1c,86.0
MT119448,2445,891,3336,NC_001612,False,Picornaviridae Enterovirus A,96.296295,CV-A16,100.0,CV-A16,100.0,B1b,96.0
MT119449,2445,891,3336,NC_001612,False,Picornaviridae Enterovirus A,96.296295,CV-A16,100.0,CV-A16,100.0,B1b,97.0
MT119450,2445,891,3336,NC_001612,False,Picornaviridae Enterovirus A,96.40853,CV-A16,100.0,CV-A16,100.0,B1b,97.0
MT211988,0,7408,7413,NC_001612,False,Picornaviridae Enterovirus A,98.01512,CV-A16,100.0,CV-A16,100.0,B1b,99.0
MT211989,0,7408,7413,NC_001612,False,Picornaviridae Enterovirus A,97.029434,CV-A16,99.0,CV-A16,100.0,B1b,99.0
MT211990,0,7408,7413,NC_001612,False,Picornaviridae Enterovirus A,97.77207,CV-A16,100.0,CV-A16,100.0,B1b,99.0
MT211991,0,7408,7413,NC_001612,False,Picornaviridae Enterovirus A,96.67837,CV-A16,100.0,CV-A16,100.0,B1b,100.0
MT211992,0,7408,7413,NC_001612,False,Picornaviridae Enterovirus A,97.25898,CV-A16,100.0,CV-A16,100.0,B1b,100.0
MT211993,0,7409,7413,NC_001612,False,Picornaviridae Enterovirus A,98.190895,CV-A16,100.0,CV-A16,100.0,B1b,97.0
MT211994,0,7408,7413,NC_001612,False,Picornaviridae Enterovirus A,96.77289,CV-A16,100.0,CV-A16,100.0,B1b,99.0
MT211995,0,7409,7413,NC_001612,False,Picornaviridae Enterovirus A,97.28635,CV-A16,100.0,CV-A16,100.0,B1b,100.0
MT211996,0,7409,7413,NC_001612,False,Picornaviridae Enterovirus A,97.85338,CV-A16,100.0,CV-A16,100.0,B1b,97.0
MT211997,0,7408,7413,NC_001612,False,Picornaviridae Enterovirus A,96.67837,CV-A16,100.0,CV-A16,100.0,B1b,98.0
MT211998,0,7408,7413,NC_001612,False,Picornaviridae Enterovirus A,96.8404,CV-A16,100.0,CV-A16,100.0,B1b,100.0
MT212000,0,7411,7413,NC_001612,False,Picornaviridae Enterovirus A,96.39627,CV-A16,100.0,CV-A16,100.0,B1b,97.0
MT212001,0,7411,7413,NC_001612,False,Picornaviridae Enterovirus A,96.47726,CV-A16,100.0,CV-A16,100.0,B1b,97.0
MT212002,0,7408,7413,NC_001612,False,Picornaviridae Enterovirus A,96.57035,CV-A16,100.0,CV-A16,100.0,B1b,99.0
MT212003,0,7408,7413,NC_001612,False,Picornaviridae Enterovirus A,97.82609,CV-A16,100.0,CV-A16,100.0,B1b,99.0
MT212004,0,7408,7413,NC_001612,False,Picornaviridae Enterovirus A,97.218475,CV-A16,100.0,CV-A16,100.0,B1b,97.0
MT212005,0,7408,7413,NC_001612,False,Picornaviridae Enterovirus A,97.12395,CV-A16,100.0,CV-A16,100.0,B1b,98.0
MT212006,0,7408,7413,NC_001612,False,Picornaviridae Enterovirus A,97.61005,CV-A16,100.0,CV-A16,100.0,B1b,99.0
MT212007,0,7409,7413,NC_001612,False,Picornaviridae Enterovirus A,97.502365,CV-A16,100.0,CV-A16,100.0,B1b,97.0
MT212008,0,7408,7413,NC_001612,False,Picornaviridae Enterovirus A,97.17796,CV-A16,100.0,CV-A16,100.0,B1b,100.0
MT212009,0,7407,7413,NC_001612,False,Picornaviridae Enterovirus A,96.74589,CV-A16,100.0,CV-A16,100.0,B1b,97.0
MT212010,0,7408,7413,NC_001612,False,Picornaviridae Enterovirus A,96.43532,CV-A16,100.0,CV-A16,100.0,B1b,96.0
MT212011,0,7408,7413,NC_001612,False,Picornaviridae Enterovirus A,97.907104,CV-A16,100.0,CV-A16,100.0,B1b,100.0
MT212012,0,7408,7413,NC_001612,False,Picornaviridae Enterovirus A,97.17796,CV-A16,100.0,CV-A16,100.0,B1b,98.0
MT212013,0,7408,7413,NC_001612,False,Picornaviridae Enterovirus A,97.13746,CV-A16,100.0,CV-A16,100.0,B1b,96.0
MT212014,0,7408,7413,NC_001612,False,Picornaviridae Enterovirus A,96.462326,CV-A16,100.0,CV-A16,100.0,B1b,99.0
MT212015,0,7408,7413,NC_001612,False,Picornaviridae Enterovirus A,96.63786,CV-A16,100.0,CV-A16,100.0,B1b,100.0
MT212016,0,7408,7413,NC_001612,False,Picornaviridae Enterovirus A,96.65137,CV-A16,100.0,CV-A16,100.0,B1b,99.0
MT212017,0,7408,7413,NC_001612,False,Picornaviridae Enterovirus A,97.16447,CV-A16,99.0,CV-A16,100.0,B1b,93.0
MT212018,0,7408,7413,NC_001612,False,Picornaviridae Enterovirus A,96.67837,CV-A16,100.0,CV-A16,100.0,B1b,97.0
MT212019,0,7409,7413,NC_001612,False,Picornaviridae Enterovirus A,97.78588,CV-A16,100.0,CV-A16,100.0,B1b,99.0
MT212020,0,7408,7413,NC_001612,False,Picornaviridae Enterovirus A,97.3805,CV-A16,100.0,CV-A16,100.0,B1b,97.0
MT212021,0,7409,7413,NC_001612,False,Picornaviridae Enterovirus A,97.62386,CV-A16,100.0,CV-A16,100.0,B1b,97.0
MT212022,0,7410,7413,NC_001612,False,Picornaviridae Enterovirus A,96.58477,CV-A16,100.0,CV-A16,100.0,B1b,98.0
MT212023,0,7408,7413,NC_001612,False,Picornaviridae Enterovirus A,96.8539,CV-A16,100.0,CV-A16,100.0,B1b,97.0
MT212024,0,7408,7413,NC_001612,False,Picornaviridae Enterovirus A,97.17796,CV-A16,100.0,CV-A16,100.0,B1b,99.0
MT212025,0,7408,7413,NC_001612,False,Picornaviridae Enterovirus A,96.79989,CV-A16,100.0,CV-A16,100.0,B1b,99.0
MT212026,0,7409,7413,NC_001612,False,Picornaviridae Enterovirus A,98.460915,CV-A16,100.0,CV-A16,100.0,B1b,100.0
MT212027,0,7408,7413,NC_001612,False,Picornaviridae Enterovirus A,97.029434,CV-A16,100.0,CV-A16,100.0,B1b,99.0
MT212028,0,7407,7413,NC_001612,False,Picornaviridae Enterovirus A,96.28679,CV-A16,100.0,CV-A16,100.0,B1b,96.0
MT212029,0,7409,7413,NC_001612,False,Picornaviridae Enterovirus A,91.83425,CV-A16,100.0,CV-A16,100.0,B1c,97.0
MT212030,0,7408,7413,NC_001612,False,Picornaviridae Enterovirus A,97.150955,CV-A16,100.0,CV-A16,100.0,B1b,97.0
MT212031,0,7408,7413,NC_001612,False,Picornaviridae Enterovirus A,97.31299,CV-A16,100.0,CV-A16,100.0,B1b,98.0
MT212032,0,7408,7413,NC_001612,False,Picornaviridae Enterovirus A,97.19147,CV-A16,100.0,CV-A16,100.0,B1b,96.0
MT212033,0,7408,7413,NC_001612,False,Picornaviridae Enterovirus A,97.002426,CV-A16,100.0,CV-A16,100.0,B1b,99.0
MT212034,0,7408,7413,NC_001612,False,Picornaviridae Enterovirus A,97.394005,CV-A16,100.0,CV-A16,100.0,B1b,98.0
MT212035,0,7408,7413,NC_001612,False,Picornaviridae Enterovirus A,96.759384,CV-A16,100.0,CV-A16,100.0,B1b,100.0
MT212036,0,7408,7413,NC_001612,False,Picornaviridae Enterovirus A,96.63786,CV-A16,100.0,CV-A16,100.0,B1b,97.0
MT350173,2445,887,3332,NC_001612,False,Picornaviridae Enterovirus A,96.84329,CV-A16,100.0,CV-A16,100.0,B1b,98.0
MT350174,2445,887,3332,NC_001612,False,Picornaviridae Enterovirus A,98.19617,CV-A16,100.0,CV-A16,100.0,B1a,83.0
MT350175,2445,887,3332,NC_001612,False,Picornaviridae Enterovirus A,97.29425,CV-A16,100.0,CV-A16,100.0,B1a,87.0
MT350176,2445,887,3332,NC_001612,False,Picornaviridae Enterovirus A,97.18151,CV-A16,100.0,CV-A16,100.0,B1a,87.0
MT350177,2445,887,3332,NC_001612,False,Picornaviridae Enterovirus A,98.647125,CV-A16,100.0,CV-A16,100.0,B1b,100.0
MT350178,2445,887,3332,NC_001612,False,Picornaviridae Enterovirus A,98.759865,CV-A16,100.0,CV-A16,100.0,B1b,96.0
MT350179,2445,887,3332,NC_001612,False,Picornaviridae Enterovirus A,98.30891,CV-A16,100.0,CV-A16,100.0,B1b,97.0
MT350180,2445,887,3332,NC_001612,False,Picornaviridae Enterovirus A,98.19617,CV-A16,100.0,CV-A16,100.0,B1b,98.0
MT350181,2445,887,3332,NC_001612,False,Picornaviridae Enterovirus A,98.534386,CV-A16,100.0,CV-A16,100.0,B1b,97.0
MT350182,2445,887,3332,NC_001612,False,Picornaviridae Enterovirus A,96.279594,CV-A16,100.0,CV-A16,100.0,B1b,87.0
MT350183,2445,887,3332,NC_001612,False,Picornaviridae Enterovirus A,97.51973,CV-A16,100.0,CV-A16,100.0,B1b,98.0
MT350184,2445,887,3332,NC_001612,False,Picornaviridae Enterovirus A,96.95603,CV-A16,100.0,CV-A16,100.0,B1a,91.0
MT350185,2445,887,3332,NC_001612,False,Picornaviridae Enterovirus A,96.392334,CV-A16,100.0,CV-A16,100.0,B1b,87.0
MT350186,2445,887,3332,NC_001612,False,Picornaviridae Enterovirus A,98.19617,CV-A16,100.0,CV-A16,100.0,B1b,99.0
MT350187,2445,887,3332,NC_001612,False,Picornaviridae Enterovirus A,98.19617,CV-A16,100.0,CV-A16,100.0,B1b,96.0
MT350188,2445,887,3332,NC_001612,False,Picornaviridae Enterovirus A,98.19617,CV-A16,100.0,CV-A16,100.0,B1b,97.0
MT350189,2445,887,3332,NC_001612,False,Picornaviridae Enterovirus A,98.421646,CV-A16,100.0,CV-A16,100.0,B1b,95.0
MT350190,2445,887,3332,NC_001612,False,Picornaviridae Enterovirus A,96.279594,CV-A16,100.0,CV-A16,100.0,B1a,81.0
MT350191,2445,887,3332,NC_001612,False,Picornaviridae Enterovirus A,98.30891,CV-A16,100.0,CV-A16,100.0,B1b,97.0
MT350192,2445,887,3332,NC_001612,False,Picornaviridae Enterovirus A,96.392334,CV-A16,100.0,CV-A16,100.0,B1a,85.0
MT350193,2445,887,3332,NC_001612,False,Picornaviridae Enterovirus A,96.95603,CV-A16,100.0,CV-A16,100.0,B1b,99.0
MT350194,2445,887,3332,NC_001612,False,Picornaviridae Enterovirus A,97.29425,CV-A16,100.0,CV-A16,100.0,B1b,99.0
MT350195,2445,887,3332,NC_001612,False,Picornaviridae Enterovirus A,97.29425,CV-A16,100.0,CV-A16,100.0,B1b,97.0
MT350196,2445,887,3332,NC_001612,False,Picornaviridae Enterovirus A,96.392334,CV-A16,100.0,CV-A16,100.0,B1b,98.0
MT350197,2445,887,3332,NC_001612,False,Picornaviridae Enterovirus A,98.534386,CV-A16,100.0,CV-A16,100.0,B1b,97.0
MT350198,2445,887,3332,NC_001612,False,Picornaviridae Enterovirus A,96.392334,CV-A16,100.0,CV-A16,100.0,B1b,95.0
MT350199,2445,887,3332,NC_001612,False,Picornaviridae Enterovirus A,96.279594,CV-A16,100.0,CV-A16,100.0,B1b,95.0
MT350200,2445,887,3332,NC_001612,False,Picornaviridae Enterovirus A,97.74521,CV-A16,100.0,CV-A16,100.0,B1b,94.0
MT350201,2445,887,3332,NC_001612,False,Picornaviridae Enterovirus A,97.74521,CV-A16,100.0,CV-A16,100.0,B1b,96.0
MT553115,2445,891,3336,NC_001612,False,Picornaviridae Enterovirus A,97.86757,CV-A16,100.0,CV-A16,100.0,B1b,96.0
MT553116,2445,891,3336,NC_001612,False,Picornaviridae Enterovirus A,98.54097,CV-A16,100.0,CV-A16,100.0,B1b,97.0
MT553117,2445,891,3336,NC_001612,False,Picornaviridae Enterovirus A,98.765434,CV-A16,100.0,CV-A16,100.0,B1b,97.0
MT553118,2445,891,3336,NC_001612,False,Picornaviridae Enterovirus A,98.3165,CV-A16,100.0,CV-A16,100.0,B1b,97.0
MT553119,2445,891,3336,NC_001612,False,Picornaviridae Enterovirus A,98.09203,CV-A16,100.0,CV-A16,100.0,B1a,89.0
MT553120,2445,891,3336,NC_001612,False,Picornaviridae Enterovirus A,98.54097,CV-A16,100.0,CV-A16,100.0,B1a,84.0
MT553121,2445,891,3336,NC_001612,False,Picornaviridae Enterovirus A,98.428734,CV-A16,100.0,CV-A16,100.0,B1b,100.0
MT553122,2445,891,3336,NC_001612,False,Picornaviridae Enterovirus A,98.6532,CV-A16,100.0,CV-A16,100.0,B1b,99.0
MT553123,2445,891,3336,NC_001612,False,Picornaviridae Enterovirus A,97.86757,CV-A16,100.0,CV-A16,100.0,B1b,98.0
MT553124,2445,891,3336,NC_001612,False,Picornaviridae Enterovirus A,97.3064,CV-A16,100.0,CV-A16,100.0,B1a,84.0
MT553125,2445,891,3336,NC_001612,False,Picornaviridae Enterovirus A,98.428734,CV-A16,100.0,CV-A16,100.0,B1b,99.0
MT553126,2445,891,3336,NC_001612,False,Picornaviridae Enterovirus A,98.20427,CV-A16,100.0,CV-A16,100.0,B1a,85.0
MT553127,2445,891,3336,NC_001612,False,Picornaviridae Enterovirus A,99.438835,CV-A16,100.0,CV-A16,100.0,B1b,98.0
MT553128,2445,891,3336,NC_001612,False,Picornaviridae Enterovirus A,97.6431,CV-A16,100.0,CV-A16,100.0,B1b,99.0
MT553129,2445,891,3336,NC_001612,False,Picornaviridae Enterovirus A,97.41863,CV-A16,100.0,CV-A16,100.0,B1b,98.0
MT553130,2445,891,3336,NC_001612,False,Picornaviridae Enterovirus A,98.54097,CV-A16,100.0,CV-A16,100.0,B1b,100.0
MT553131,2445,891,3336,NC_001612,False,Picornaviridae Enterovirus A,98.20427,CV-A16,100.0,CV-A16,100.0,B1b,99.0
MT553132,2445,891,3336,NC_001612,False,Picornaviridae Enterovirus A,99.3266,CV-A16,100.0,CV-A16,100.0,B1b,100.0
MT553133,2445,891,3336,NC_001612,False,Picornaviridae Enterovirus A,97.9798,CV-A16,100.0,CV-A16,100.0,B1b,97.0
MT553134,2445,891,3336,NC_001612,False,Picornaviridae Enterovirus A,98.428734,CV-A16,100.0,CV-A16,100.0,B1b,100.0
MT553135,2445,891,3336,NC_001612,False,Picornaviridae Enterovirus A,99.662926,CV-A16,100.0,CV-A16,100.0,B1b,100.0
MT553136,2445,891,3336,NC_001612,False,Picornaviridae Enterovirus A,99.6633,CV-A16,100.0,CV-A16,100.0,B1b,98.0
MT553137,2445,891,3336,NC_001612,False,Picornaviridae Enterovirus A,99.21436,CV-A16,100.0,CV-A16,100.0,B1b,98.0
MT553138,2445,891,3336,NC_001612,False,Picornaviridae Enterovirus A,97.86757,CV-A16,100.0,CV-A16,100.0,B1b,98.0
MT553139,2445,891,3336,NC_001612,False,Picornaviridae Enterovirus A,98.9899,CV-A16,100.0,CV-A16,100.0,B1b,99.0
MT553141,2445,891,3336,NC_001612,False,Picornaviridae Enterovirus A,99.102135,CV-A16,100.0,CV-A16,100.0,B1b,100.0
MT553142,2445,891,3336,NC_001612,False,Picornaviridae Enterovirus A,98.87767,CV-A16,100.0,CV-A16,100.0,B1b,96.0
MT553143,2445,891,3336,NC_001612,False,Picornaviridae Enterovirus A,98.09203,CV-A16,100.0,CV-A16,100.0,B1b,100.0
MT553144,2445,891,3336,NC_001612,False,Picornaviridae Enterovirus A,98.9899,CV-A16,100.0,CV-A16,100.0,B1b,98.0
MT553145,2445,891,3336,NC_001612,False,Picornaviridae Enterovirus A,99.102135,CV-A16,100.0,CV-A16,100.0,B1b,99.0
MT553146,2445,891,3336,NC_001612,False,Picornaviridae Enterovirus A,96.969696,CV-A16,100.0,CV-A16,100.0,B1b,97.0
MT553147,2445,891,3336,NC_001612,False,Picornaviridae Enterovirus A,99.3266,CV-A16,100.0,CV-A16,100.0,B1b,98.0
MT553148,2445,891,3336,NC_001612,False,Picornaviridae Enterovirus A,98.3165,CV-A16,100.0,CV-A16,100.0,B1b,98.0
MT553149,2445,891,3336,NC_001612,False,Picornaviridae Enterovirus A,99.102135,CV-A16,100.0,CV-A16,100.0,B1b,98.0
MT553150,2445,891,3336,NC_001612,False,Picornaviridae Enterovirus A,98.6532,CV-A16,100.0,CV-A16,100.0,B1b,98.0
MT553151,2445,891,3336,NC_001612,False,Picornaviridae Enterovirus A,98.20427,CV-A16,100.0,CV-A16,100.0,B1b,99.0
MT553152,2445,891,3336,NC_001612,False,Picornaviridae Enterovirus A,97.08193,CV-A16,100.0,CV-A16,100.0,B1a,81.0
MT553153,2445,891,3336,NC_001612,False,Picornaviridae Enterovirus A,97.86757,CV-A16,100.0,CV-A16,100.0,B1b,99.0
MT553154,2445,891,3336,NC_001612,False,Picornaviridae Enterovirus A,98.428734,CV-A16,100.0,CV-A16,100.0,B1b,100.0
MT553155,2445,891,3336,NC_001612,False,Picornaviridae Enterovirus A,98.3165,CV-A16,100.0,CV-A16,100.0,B1b,98.0
MT553156,2445,891,3336,NC_001612,False,Picornaviridae Enterovirus A,98.6532,CV-A16,100.0,CV-A16,100.0,B1b,100.0
MT553157,2445,891,3336,NC_001612,False,Picornaviridae Enterovirus A,98.765434,CV-A16,100.0,CV-A16,100.0,B1b,98.0
MT553158,2445,891,3336,NC_001612,False,Picornaviridae Enterovirus A,98.09203,CV-A16,100.0,CV-A16,100.0,B1b,100.0
MT553159,2445,891,3336,NC_001612,False,Picornaviridae Enterovirus A,98.20427,CV-A16,100.0,CV-A16,100.0,B1b,100.0
MT553160,2445,891,3336,NC_001612,False,Picornaviridae Enterovirus A,97.86757,CV-A16,100.0,CV-A16,100.0,B1b,98.0
MT553161,2445,891,3336,NC_001612,False,Picornaviridae Enterovirus A,97.41863,CV-A16,100.0,CV-A16,100.0,B1b,98.0
MT553162,2445,891,3336,NC_001612,False,Picornaviridae Enterovirus A,97.9798,CV-A16,100.0,CV-A16,100.0,B1b,98.0
MT553163,2445,891,3336,NC_001612,False,Picornaviridae Enterovirus A,98.54097,CV-A16,100.0,CV-A16,100.0,B1b,97.0
MT553164,2445,891,3336,NC_001612,False,Picornaviridae Enterovirus A,97.75533,CV-A16,100.0,CV-A16,100.0,B1b,99.0
MT553165,2445,891,3336,NC_001612,False,Picornaviridae Enterovirus A,98.09203,CV-A16,100.0,CV-A16,100.0,B1b,99.0
MT553166,2445,891,3336,NC_001612,False,Picornaviridae Enterovirus A,97.9798,CV-A16,100.0,CV-A16,100.0,B1b,99.0
MT553167,2445,891,3336,NC_001612,False,Picornaviridae Enterovirus A,97.75533,CV-A16,100.0,CV-A16,100.0,B1b,99.0
MT553168,2445,891,3336,NC_001612,False,Picornaviridae Enterovirus A,98.428734,CV-A16,100.0,CV-A16,100.0,B1b,96.0
MT553169,2445,891,3336,NC_001612,False,Picornaviridae Enterovirus A,98.09203,CV-A16,100.0,CV-A16,100.0,B1b,95.0
MT553170,2445,891,3336,NC_001612,False,Picornaviridae Enterovirus A,97.86757,CV-A16,100.0,CV-A16,100.0,B1b,97.0
MT553171,2445,891,3336,NC_001612,False,Picornaviridae Enterovirus A,98.20427,CV-A16,100.0,CV-A16,100.0,B1b,98.0
MT553172,2445,891,3336,NC_001612,False,Picornaviridae Enterovirus A,97.9798,CV-A16,100.0,CV-A16,100.0,B1b,98.0
MT553173,2445,891,3336,NC_001612,False,Picornaviridae Enterovirus A,98.3165,CV-A16,100.0,CV-A16,100.0,B1b,99.0
MT553174,2445,891,3336,NC_001612,False,Picornaviridae Enterovirus A,96.85747,CV-A16,100.0,CV-A16,100.0,B1b,97.0
MT553175,2445,891,3336,NC_001612,False,Picornaviridae Enterovirus A,98.428734,CV-A16,100.0,CV-A16,100.0,B1b,98.0
MT553176,2445,891,3336,NC_001612,False,Picornaviridae Enterovirus A,98.09203,CV-A16,100.0,CV-A16,100.0,B1b,98.0
MT553177,2445,891,3336,NC_001612,False,Picornaviridae Enterovirus A,98.20427,CV-A16,100.0,CV-A16,100.0,B1b,98.0
MT553178,2445,891,3336,NC_001612,False,Picornaviridae Enterovirus A,92.59259,CV-A16,100.0,CV-A16,100.0,B1c,100.0
MT553179,2445,891,3336,NC_001612,False,Picornaviridae Enterovirus A,97.19417,CV-A16,100.0,CV-A16,100.0,B1b,99.0
MT553180,2445,891,3336,NC_001612,False,Picornaviridae Enterovirus A,96.296295,CV-A16,100.0,CV-A16,100.0,B1b,99.0
MT553181,2445,891,3336,NC_001612,False,Picornaviridae Enterovirus A,98.54097,CV-A16,100.0,CV-A16,100.0,B1b,99.0
MT553182,2445,891,3336,NC_001612,False,Picornaviridae Enterovirus A,97.08193,CV-A16,100.0,CV-A16,100.0,B1b,98.0
MT553183,2445,891,3336,NC_001612,False,Picornaviridae Enterovirus A,97.41863,CV-A16,100.0,CV-A16,100.0,B1b,98.0
MT553184,2445,891,3336,NC_001612,False,Picornaviridae Enterovirus A,98.3165,CV-A16,100.0,CV-A16,100.0,B1b,100.0
MT553185,2445,891,3336,NC_001612,False,Picornaviridae Enterovirus A,97.53087,CV-A16,100.0,CV-A16,100.0,B1b,100.0
MT553186,2445,891,3336,NC_001612,False,Picornaviridae Enterovirus A,97.41863,CV-A16,100.0,CV-A16,100.0,B1b,99.0
MT553187,2445,891,3336,NC_001612,False,Picornaviridae Enterovirus A,96.74523,CV-A16,100.0,CV-A16,100.0,B1b,98.0
MT553188,2445,891,3336,NC_001612,False,Picornaviridae Enterovirus A,97.41863,CV-A16,100.0,CV-A16,100.0,B1b,97.0
MT553189,2445,891,3336,NC_001612,False,Picornaviridae Enterovirus A,96.632996,CV-A16,100.0,CV-A16,100.0,B1b,97.0
MT553190,2445,891,3336,NC_001612,False,Picornaviridae Enterovirus A,96.969696,CV-A16,100.0,CV-A16,100.0,B1b,100.0
MT553191,2445,891,3336,NC_001612,False,Picornaviridae Enterovirus A,98.09203,CV-A16,100.0,CV-A16,100.0,B1b,97.0
MT553192,2445,891,3336,NC_001612,False,Picornaviridae Enterovirus A,97.08193,CV-A16,100.0,CV-A16,100.0,B1b,97.0
MT553193,2445,891,3336,NC_001612,False,Picornaviridae Enterovirus A,97.6431,CV-A16,100.0,CV-A16,100.0,B1b,98.0
MT553194,2445,891,3336,NC_001612,False,Picornaviridae Enterovirus A,96.969696,CV-A16,100.0,CV-A16,100.0,B1b,98.0
MT553195,2445,891,3336,NC_001612,False,Picornaviridae Enterovirus A,96.74523,CV-A16,100.0,CV-A16,100.0,B1b,98.0
MT553196,2445,891,3336,NC_001612,False,Picornaviridae Enterovirus A,96.18407,CV-A16,100.0,CV-A16,100.0,B1b,97.0
MT553197,2445,891,3336,NC_001612,False,Picornaviridae Enterovirus A,96.18407,CV-A16,100.0,CV-A16,100.0,B1b,98.0
MT553198,2445,891,3336,NC_001612,False,Picornaviridae Enterovirus A,96.85747,CV-A16,100.0,CV-A16,100.0,B1b,98.0
MT553199,2445,891,3336,NC_001612,False,Picornaviridae Enterovirus A,96.632996,CV-A16,100.0,CV-A16,100.0,B1b,99.0
MT553200,2445,891,3336,NC_001612,False,Picornaviridae Enterovirus A,97.41863,CV-A16,100.0,CV-A16,100.0,B1b,99.0
MT553201,2445,891,3336,NC_001612,False,Picornaviridae Enterovirus A,96.18407,CV-A16,100.0,CV-A16,100.0,B1b,97.0
MT553202,2445,891,3336,NC_001612,False,Picornaviridae Enterovirus A,97.08193,CV-A16,100.0,CV-A16,100.0,B1b,99.0
MT553203,2445,891,3336,NC_001612,False,Picornaviridae Enterovirus A,97.53087,CV-A16,100.0,CV-A16,100.0,B1b,99.0
MT553204,2445,891,3336,NC_001612,False,Picornaviridae Enterovirus A,96.40853,CV-A16,100.0,CV-A16,100.0,B1b,97.0
MT553205,2445,891,3336,NC_001612,False,Picornaviridae Enterovirus A,97.53087,CV-A16,100.0,CV-A16,100.0,B1b,96.0
MT553206,2445,891,3336,NC_001612,False,Picornaviridae Enterovirus A,96.85747,CV-A16,100.0,CV-A16,100.0,B1b,98.0
MT553207,2445,891,3336,NC_001612,False,Picornaviridae Enterovirus A,96.969696,CV-A16,100.0,CV-A16,100.0,B1b,97.0
MT553208,2445,891,3336,NC_001612,False,Picornaviridae Enterovirus A,96.85747,CV-A16,100.0,CV-A16,100.0,B1b,100.0
MT553209,2445,891,3336,NC_001612,False,Picornaviridae Enterovirus A,96.969696,CV-A16,100.0,CV-A16,100.0,B1b,97.0
MT553210,2445,891,3336,NC_001612,False,Picornaviridae Enterovirus A,96.969696,CV-A16,100.0,CV-A16,100.0,B1b,98.0
MT553211,2445,891,3336,NC_001612,False,Picornaviridae Enterovirus A,96.52077,CV-A16,100.0,CV-A16,100.0,B1b,96.0
MT553212,2445,891,3336,NC_001612,False,Picornaviridae Enterovirus A,97.3064,CV-A16,100.0,CV-A16,100.0,B1b,99.0
MT553213,2445,891,3336,NC_001612,False,Picornaviridae Enterovirus A,97.41863,CV-A16,100.0,CV-A16,100.0,B1b,98.0
MT553214,2445,891,3336,NC_001612,False,Picornaviridae Enterovirus A,98.09203,CV-A16,100.0,CV-A16,100.0,B1b,100.0
MT553215,2445,891,3336,NC_001612,False,Picornaviridae Enterovirus A,98.09203,CV-A16,100.0,CV-A16,100.0,B1b,98.0
MT553216,2445,891,3336,NC_001612,False,Picornaviridae Enterovirus A,96.632996,CV-A16,100.0,CV-A16,100.0,B1b,100.0
MT553217,2445,891,3336,NC_001612,False,Picornaviridae Enterovirus A,97.75533,CV-A16,100.0,CV-A16,100.0,B1b,98.0
MT553218,2445,891,3336,NC_001612,False,Picornaviridae Enterovirus A,98.3165,CV-A16,100.0,CV-A16,100.0,B1b,99.0
MT553219,2445,891,3336,NC_001612,False,Picornaviridae Enterovirus A,97.19417,CV-A16,100.0,CV-A16,100.0,B1b,97.0
MT553220,2445,891,3336,NC_001612,False,Picornaviridae Enterovirus A,96.85747,CV-A16,100.0,CV-A16,100.0,B1b,97.0
MT553221,2445,891,3336,NC_001612,False,Picornaviridae Enterovirus A,97.3064,CV-A16,100.0,CV-A16,100.0,B1b,96.0
MT553222,2445,891,3336,NC_001612,False,Picornaviridae Enterovirus A,93.93259,CV-A16,100.0,CV-A16,100.0,B1a,83.0
MT553223,2445,891,3336,NC_001612,False,Picornaviridae Enterovirus A,96.74523,CV-A16,100.0,CV-A16,100.0,B1b,98.0
MT553224,2445,891,3336,NC_001612,False,Picornaviridae Enterovirus A,96.18407,CV-A16,100.0,CV-A16,100.0,B1b,99.0
MT553225,2445,891,3336,NC_001612,False,Picornaviridae Enterovirus A,96.07183,CV-A16,100.0,CV-A16,100.0,B1b,94.0
MT553226,2445,891,3336,NC_001612,False,Picornaviridae Enterovirus A,97.9798,CV-A16,100.0,CV-A16,100.0,B1b,98.0
MT553227,2445,891,3336,NC_001612,False,Picornaviridae Enterovirus A,94.044945,CV-A16,100.0,CV-A16,100.0,B1a,82.0
MT553228,2445,891,3336,NC_001612,False,Picornaviridae Enterovirus A,97.41863,CV-A16,100.0,CV-A16,100.0,B1b,98.0
MT553229,2445,891,3336,NC_001612,False,Picornaviridae Enterovirus A,96.18407,CV-A16,100.0,CV-A16,100.0,B1b,95.0
MT553230,2445,891,3336,NC_001612,False,Picornaviridae Enterovirus A,96.40853,CV-A16,100.0,CV-A16,100.0,B1b,96.0
MT553231,2445,891,3336,NC_001612,False,Picornaviridae Enterovirus A,96.40853,CV-A16,100.0,CV-A16,100.0,B1b,97.0
MT553232,2445,891,3336,NC_001612,False,Picornaviridae Enterovirus A,96.52077,CV-A16,100.0,CV-A16,100.0,B1b,99.0
MT553233,2445,891,3336,NC_001612,False,Picornaviridae Enterovirus A,96.74523,CV-A16,100.0,CV-A16,100.0,B1b,98.0
MT553234,2445,891,3336,NC_001612,False,Picornaviridae Enterovirus A,97.3064,CV-A16,100.0,CV-A16,100.0,B1b,97.0
MT553235,2445,891,3336,NC_001612,False,Picornaviridae Enterovirus A,96.18407,CV-A16,100.0,CV-A16,100.0,B1b,98.0
MT553236,2445,891,3336,NC_001612,False,Picornaviridae Enterovirus A,96.07183,CV-A16,100.0,CV-A16,100.0,B1b,98.0
MT553237,2445,891,3336,NC_001612,False,Picornaviridae Enterovirus A,97.08193,CV-A16,100.0,CV-A16,100.0,B1b,97.0
MT553238,2445,891,3336,NC_001612,False,Picornaviridae Enterovirus A,96.632996,CV-A16,100.0,CV-A16,100.0,B1b,96.0
MT553239,2445,891,3336,NC_001612,False,Picornaviridae Enterovirus A,96.52077,CV-A16,100.0,CV-A16,100.0,B1b,97.0
MT553240,2445,891,3336,NC_001612,False,Picornaviridae Enterovirus A,96.52077,CV-A16,100.0,CV-A16,100.0,B1b,99.0
MT553241,2445,891,3336,NC_001612,False,Picornaviridae Enterovirus A,96.296295,CV-A16,100.0,CV-A16,100.0,B1b,97.0
MT577654,2445,891,3336,NC_001612,False,Picornaviridae Enterovirus A,92.48036,CV-A16,100.0,CV-A16,100.0,B1c,91.0
MT577655,2445,891,3336,NC_001612,False,Picornaviridae Enterovirus A,92.59259,CV-A16,100.0,CV-A16,100.0,B1c,88.0
MT577656,2445,891,3336,NC_001612,False,Picornaviridae Enterovirus A,92.70483,CV-A16,100.0,CV-A16,100.0,B1c,94.0
MT577659,2445,891,3336,NC_001612,False,Picornaviridae Enterovirus A,92.25589,CV-A16,100.0,CV-A16,100.0,B1c,89.0
MT577660,2445,891,3336,NC_001612,False,Picornaviridae Enterovirus A,91.91919,CV-A16,100.0,CV-A16,100.0,B1c,88.0
MT577661,2445,891,3336,NC_001612,False,Picornaviridae Enterovirus A,91.91919,CV-A16,100.0,CV-A16,100.0,B1c,83.0
MT577662,2445,891,3336,NC_001612,False,Picornaviridae Enterovirus A,92.14366,CV-A16,100.0,CV-A16,100.0,B1c,87.0
MT577665,2445,891,3336,NC_001612,False,Picornaviridae Enterovirus A,92.48036,CV-A16,100.0,CV-A16,100.0,B1c,81.0
MT577666,2445,891,3336,NC_001612,False,Picornaviridae Enterovirus A,92.14366,CV-A16,100.0,CV-A16,100.0,B1c,91.0
MT577667,2445,891,3336,NC_001612,False,Picornaviridae Enterovirus A,92.48036,CV-A16,100.0,CV-A16,100.0,B1c,84.0
MT577669,2445,891,3336,NC_001612,False,Picornaviridae Enterovirus A,91.80696,CV-A16,100.0,CV-A16,100.0,B1c,80.0
MT577676,2445,891,3336,NC_001612,False,Picornaviridae Enterovirus A,92.59259,CV-A16,100.0,CV-A16,100.0,B1c,94.0
MT577679,2445,891,3336,NC_001612,False,Picornaviridae Enterovirus A,92.59259,CV-A16,100.0,CV-A16,100.0,B1c,89.0
MT577683,2445,891,3336,NC_001612,False,Picornaviridae Enterovirus A,91.91919,CV-A16,100.0,CV-A16,100.0,B1c,93.0
MT577685,2445,891,3336,NC_001612,False,Picornaviridae Enterovirus A,91.91919,CV-A16,100.0,CV-A16,100.0,B1c,80.0
MT577692,2445,891,3336,NC_001612,False,Picornaviridae Enterovirus A,92.031425,CV-A16,100.0,CV-A16,100.0,B1c,99.0
MT577693,2445,891,3336,NC_001612,False,Picornaviridae Enterovirus A,92.48036,CV-A16,100.0,CV-A16,100.0,B1c,96.0
MT577694,2445,891,3336,NC_001612,False,Picornaviridae Enterovirus A,91.47026,CV-A16,100.0,CV-A16,100.0,B1c,80.0
MT641429,551,3871,4426,NC_001612,False,Picornaviridae Enterovirus A,94.60088,CV-A16,100.0,CV-A16,100.0,B1a,85.0
MT663411,0,7398,7405,NC_001612,False,Picornaviridae Enterovirus A,92.557076,CV-A16,100.0,CV-A16,100.0,B1a,81.0
MT663412,0,7401,7405,NC_001612,False,Picornaviridae Enterovirus A,96.2978,CV-A16,100.0,CV-A16,100.0,B1b,97.0
MT663413,0,7401,7405,NC_001612,False,Picornaviridae Enterovirus A,96.44643,CV-A16,100.0,CV-A16,100.0,B1b,99.0
MT663414,2445,891,3336,NC_001612,False,Picornaviridae Enterovirus A,94.044945,CV-A16,100.0,CV-A16,100.0,B1a,81.0
MT663415,2445,891,3336,NC_001612,False,Picornaviridae Enterovirus A,96.296295,CV-A16,100.0,CV-A16,100.0,B1b,98.0
MT663416,2445,891,3336,NC_001612,False,Picornaviridae Enterovirus A,96.632996,CV-A16,100.0,CV-A16,100.0,B1b,98.0
MT859141,2445,891,3336,NC_001612,False,Picornaviridae Enterovirus A,96.632996,CV-A16,100.0,CV-A16,100.0,B1b,99.0
MT859142,2445,891,3336,NC_001612,False,Picornaviridae Enterovirus A,96.296295,CV-A16,100.0,CV-A16,100.0,B1b,95.0
MT859143,2445,891,3336,NC_001612,False,Picornaviridae Enterovirus A,96.40853,CV-A16,100.0,CV-A16,100.0,B1b,98.0
MT859144,2445,891,3336,NC_001612,False,Picornaviridae Enterovirus A,97.19417,CV-A16,100.0,CV-A16,100.0,B1b,97.0
MT859145,2445,891,3336,NC_001612,False,Picornaviridae Enterovirus A,98.3165,CV-A16,100.0,CV-A16,100.0,B1b,100.0
MT859146,2445,891,3336,NC_001612,False,Picornaviridae Enterovirus A,98.20427,CV-A16,100.0,CV-A16,100.0,B1b,99.0
MT859147,2445,891,3336,NC_001612,False,Picornaviridae Enterovirus A,98.3165,CV-A16,100.0,CV-A16,100.0,B1b,100.0
MT859148,2445,891,3336,NC_001612,False,Picornaviridae Enterovirus A,96.40853,CV-A16,100.0,CV-A16,100.0,B1b,98.0
MT859149,2445,891,3336,NC_001612,False,Picornaviridae Enterovirus A,97.3064,CV-A16,100.0,CV-A16,100.0,B1b,97.0
MT859150,2445,891,3336,NC_001612,False,Picornaviridae Enterovirus A,96.969696,CV-A16,100.0,CV-A16,100.0,B1b,95.0
MT859151,2445,891,3336,NC_001612,False,Picornaviridae Enterovirus A,96.74523,CV-A16,100.0,CV-A16,100.0,B1b,98.0
MT863550,2445,623,3068,NC_001612,False,Picornaviridae Enterovirus A,98.07384,CV-A16,100.0,CV-A16,100.0,B1b,86.0
MT863551,2445,891,3336,NC_001612,False,Picornaviridae Enterovirus A,97.9798,CV-A16,100.0,CV-A16,100.0,B1b,98.0
MT863552,2445,891,3336,NC_001612,False,Picornaviridae Enterovirus A,96.969696,CV-A16,100.0,CV-A16,100.0,B1b,99.0
MT863553,2445,891,3336,NC_001612,False,Picornaviridae Enterovirus A,96.52077,CV-A16,100.0,CV-A16,100.0,B1b,98.0
MT863554,2445,891,3336,NC_001612,False,Picornaviridae Enterovirus A,97.3064,CV-A16,100.0,CV-A16,100.0,B1b,98.0
MT863555,2445,891,3336,NC_001612,False,Picornaviridae Enterovirus A,96.07183,CV-A16,100.0,CV-A16,100.0,B1b,98.0
MT863556,2445,891,3336,NC_001612,False,Picornaviridae Enterovirus A,97.86757,CV-A16,100.0,CV-A16,100.0,B1b,95.0
MT863557,2535,801,3336,NC_001612,False,Picornaviridae Enterovirus A,98.37703,CV-A16,100.0,CV-A16,100.0,B1b,99.0
MT933192,2613,309,2922,NC_001612,False,Picornaviridae Enterovirus A,90.58441,CV-A16,100.0,CV-A16,100.0,B1c,91.0
MW030431,1719,5460,7179,NC_001612,False,Picornaviridae Enterovirus A,96.31868,CV-A16,99.0,CV-A16,100.0,B1b,99.0
MW030432,1719,5460,7179,NC_001612,False,Picornaviridae Enterovirus A,97.014656,CV-A16,99.0,CV-A16,100.0,B1b,96.0
MW030433,1719,4659,6378,NC_001612,False,Picornaviridae Enterovirus A,96.69457,CV-A16,100.0,CV-A16,100.0,B1b,94.0
MW030434,1719,5482,7201,NC_001612,False,Picornaviridae Enterovirus A,96.24156,CV-A16,99.0,CV-A16,100.0,B1b,99.0
MW030435,1719,5460,7179,NC_001612,False,Picornaviridae Enterovirus A,96.850395,CV-A16,98.0,CV-A16,100.0,B1b,99.0
MW036460,1719,4659,6378,NC_001612,False,Picornaviridae Enterovirus A,96.22237,CV-A16,100.0,CV-A16,100.0,B1b,98.0
MW036461,750,4625,5375,NC_001612,False,Picornaviridae Enterovirus A,96.47415,CV-A16,100.0,CV-A16,100.0,B1b,99.0
MW036462,750,6422,7172,NC_001612,False,Picornaviridae Enterovirus A,96.35627,CV-A16,100.0,CV-A16,100.0,B1b,98.0
MW036463,750,4651,5401,NC_001612,False,Picornaviridae Enterovirus A,96.98989,CV-A16,100.0,CV-A16,100.0,B1b,99.0
MW178926,2445,891,3336,NC_001612,False,Picornaviridae Enterovirus A,98.20427,CV-A16,100.0,CV-A16,100.0,B1b,97.0
MW178927,2445,891,3336,NC_001612,False,Picornaviridae Enterovirus A,98.20427,CV-A16,100.0,CV-A16,100.0,B1b,99.0
MW178928,2445,891,3336,NC_001612,False,Picornaviridae Enterovirus A,95.73513,CV-A16,100.0,CV-A16,100.0,B1b,82.0
MW178929,2445,891,3336,NC_001612,False,Picornaviridae Enterovirus A,98.54097,CV-A16,100.0,CV-A16,100.0,B1b,96.0
MW178930,2445,891,3336,NC_001612,False,Picornaviridae Enterovirus A,97.6431,CV-A16,100.0,CV-A16,100.0,B1b,99.0
MW178931,2445,891,3336,NC_001612,False,Picornaviridae Enterovirus A,97.75533,CV-A16,100.0,CV-A16,100.0,B1b,97.0
MW178932,2445,891,3336,NC_001612,False,Picornaviridae Enterovirus A,98.765434,CV-A16,100.0,CV-A16,100.0,B1b,99.0
MW178933,2445,891,3336,NC_001612,False,Picornaviridae Enterovirus A,97.9798,CV-A16,100.0,CV-A16,100.0,B1b,99.0
MW178934,2445,891,3336,NC_001612,False,Picornaviridae Enterovirus A,98.3165,CV-A16,100.0,CV-A16,100.0,B1b,100.0
MW178935,2445,891,3336,NC_001612,False,Picornaviridae Enterovirus A,97.86757,CV-A16,100.0,CV-A16,100.0,B1b,98.0
MW178936,2445,891,3336,NC_001612,False,Picornaviridae Enterovirus A,97.53087,CV-A16,100.0,CV-A16,100.0,B1b,97.0
MW178937,2445,891,3336,NC_001612,False,Picornaviridae Enterovirus A,98.3165,CV-A16,100.0,CV-A16,100.0,B1b,99.0
MW178938,2445,891,3336,NC_001612,False,Picornaviridae Enterovirus A,98.87767,CV-A16,100.0,CV-A16,100.0,B1b,100.0
MW178939,2445,891,3336,NC_001612,False,Picornaviridae Enterovirus A,98.09203,CV-A16,100.0,CV-A16,100.0,B1b,98.0
MW178940,2445,891,3336,NC_001612,False,Picornaviridae Enterovirus A,95.51066,CV-A16,100.0,CV-A16,100.0,B1b,80.0
MW178941,2445,891,3336,NC_001612,False,Picornaviridae Enterovirus A,95.51066,CV-A16,100.0,CV-A16,100.0,B1b,80.0
MW178943,2499,837,3336,NC_001612,False,Picornaviridae Enterovirus A,94.384705,CV-A16,100.0,CV-A16,100.0,B1b,84.0
MW178944,2445,891,3336,NC_001612,False,Picornaviridae Enterovirus A,95.51066,CV-A16,100.0,CV-A16,100.0,B1b,85.0
MW178945,2445,891,3336,NC_001612,False,Picornaviridae Enterovirus A,98.428734,CV-A16,100.0,CV-A16,100.0,B1b,98.0
MW178946,2445,891,3336,NC_001612,False,Picornaviridae Enterovirus A,98.428734,CV-A16,100.0,CV-A16,100.0,B1b,99.0
MW178947,2445,891,3336,NC_001612,False,Picornaviridae Enterovirus A,98.3165,CV-A16,100.0,CV-A16,100.0,B1b,98.0
MW178948,2445,891,3336,NC_001612,False,Picornaviridae Enterovirus A,97.9798,CV-A16,100.0,CV-A16,100.0,B1b,98.0
MW178949,2445,891,3336,NC_001612,False,Picornaviridae Enterovirus A,95.51066,CV-A16,100.0,CV-A16,100.0,B1b,88.0
MW178950,2445,891,3336,NC_001612,False,Picornaviridae Enterovirus A,97.86757,CV-A16,100.0,CV-A16,100.0,B1b,98.0
MW178951,2445,891,3336,NC_001612,False,Picornaviridae Enterovirus A,98.54097,CV-A16,100.0,CV-A16,100.0,B1b,97.0
MW178952,2445,891,3336,NC_001612,False,Picornaviridae Enterovirus A,98.20427,CV-A16,100.0,CV-A16,100.0,B1b,99.0
MW178953,2445,891,3336,NC_001612,False,Picornaviridae Enterovirus A,97.86757,CV-A16,100.0,CV-A16,100.0,B1b,98.0
MW178954,2445,891,3336,NC_001612,False,Picornaviridae Enterovirus A,95.286194,CV-A16,100.0,CV-A16,100.0,B1b,82.0
MW178955,2445,891,3336,NC_001612,False,Picornaviridae Enterovirus A,98.3165,CV-A16,100.0,CV-A16,100.0,B1b,97.0
MW178957,2445,891,3336,NC_001612,False,Picornaviridae Enterovirus A,98.3165,CV-A16,100.0,CV-A16,100.0,B1b,99.0
MW178958,2445,891,3336,NC_001612,False,Picornaviridae Enterovirus A,97.75533,CV-A16,100.0,CV-A16,100.0,B1b,94.0
MW178959,2445,891,3336,NC_001612,False,Picornaviridae Enterovirus A,97.9798,CV-A16,100.0,CV-A16,100.0,B1b,100.0
MW178961,2445,891,3336,NC_001612,False,Picornaviridae Enterovirus A,98.3165,CV-A16,100.0,CV-A16,100.0,B1b,100.0
MW178962,2445,891,3336,NC_001612,False,Picornaviridae Enterovirus A,97.9798,CV-A16,100.0,CV-A16,100.0,B1b,98.0
MW178965,2445,891,3336,NC_001612,False,Picornaviridae Enterovirus A,98.09203,CV-A16,100.0,CV-A16,100.0,B1b,98.0
MW178966,2445,891,3336,NC_001612,False,Picornaviridae Enterovirus A,98.87767,CV-A16,100.0,CV-A16,100.0,B1b,99.0
MW178967,2445,891,3336,NC_001612,False,Picornaviridae Enterovirus A,97.08193,CV-A16,100.0,CV-A16,100.0,B1a,89.0
MW178968,2445,891,3336,NC_001612,False,Picornaviridae Enterovirus A,95.51066,CV-A16,100.0,CV-A16,100.0,B1b,94.0
MW178969,2445,891,3336,NC_001612,False,Picornaviridae Enterovirus A,98.3165,CV-A16,100.0,CV-A16,100.0,B1b,99.0
MW178970,2445,891,3336,NC_001612,False,Picornaviridae Enterovirus A,97.53087,CV-A16,100.0,CV-A16,100.0,B1b,94.0
MW178971,2445,891,3336,NC_001612,False,Picornaviridae Enterovirus A,97.53087,CV-A16,100.0,CV-A16,100.0,B1b,98.0
MW178972,2445,891,3336,NC_001612,False,Picornaviridae Enterovirus A,95.17396,CV-A16,100.0,CV-A16,100.0,B1b,83.0
MW178973,2445,891,3336,NC_001612,False,Picornaviridae Enterovirus A,97.86757,CV-A16,100.0,CV-A16,100.0,B1b,98.0
MW178975,2445,891,3336,NC_001612,False,Picornaviridae Enterovirus A,97.9798,CV-A16,100.0,CV-A16,100.0,B1b,95.0
MW178976,2445,891,3336,NC_001612,False,Picornaviridae Enterovirus A,97.41863,CV-A16,100.0,CV-A16,100.0,B1b,93.0
MW178977,2445,891,3336,NC_001612,False,Picornaviridae Enterovirus A,97.41863,CV-A16,100.0,CV-A16,100.0,B1b,95.0
MW178978,2445,891,3336,NC_001612,False,Picornaviridae Enterovirus A,95.06173,CV-A16,100.0,CV-A16,100.0,B1b,80.0
MW178979,2445,891,3336,NC_001612,False,Picornaviridae Enterovirus A,98.20427,CV-A16,100.0,CV-A16,100.0,B1b,100.0
MW178980,2445,891,3336,NC_001612,False,Picornaviridae Enterovirus A,98.20427,CV-A16,100.0,CV-A16,100.0,B1b,99.0
MW178981,2445,891,3336,NC_001612,False,Picornaviridae Enterovirus A,97.6431,CV-A16,100.0,CV-A16,100.0,B1b,99.0
MW178982,2445,891,3336,NC_001612,False,Picornaviridae Enterovirus A,98.765434,CV-A16,100.0,CV-A16,100.0,B1b,99.0
MW178983,2445,891,3336,NC_001612,False,Picornaviridae Enterovirus A,98.3165,CV-A16,100.0,CV-A16,100.0,B1b,95.0
MW178984,2445,891,3336,NC_001612,False,Picornaviridae Enterovirus A,97.9798,CV-A16,100.0,CV-A16,100.0,B1b,98.0
MW178985,2445,891,3336,NC_001612,False,Picornaviridae Enterovirus A,98.20427,CV-A16,100.0,CV-A16,100.0,B1b,98.0
MW178986,2445,891,3336,NC_001612,False,Picornaviridae Enterovirus A,98.20427,CV-A16,100.0,CV-A16,100.0,B1b,98.0
MW178987,2445,891,3336,NC_001612,False,Picornaviridae Enterovirus A,97.6431,CV-A16,100.0,CV-A16,100.0,B1b,99.0
MW178988,2445,891,3336,NC_001612,False,Picornaviridae Enterovirus A,98.765434,CV-A16,100.0,CV-A16,100.0,B1b,97.0
MW178989,2445,891,3336,NC_001612,False,Picornaviridae Enterovirus A,97.9798,CV-A16,100.0,CV-A16,100.0,B1b,99.0
MW178990,2445,891,3336,NC_001612,False,Picornaviridae Enterovirus A,97.3064,CV-A16,100.0,CV-A16,100.0,B1b,98.0
MW178991,2445,891,3336,NC_001612,False,Picornaviridae Enterovirus A,97.9798,CV-A16,100.0,CV-A16,100.0,B1b,98.0
MW178992,2445,891,3336,NC_001612,False,Picornaviridae Enterovirus A,98.09203,CV-A16,100.0,CV-A16,100.0,B1b,98.0
MW178993,2445,891,3336,NC_001612,False,Picornaviridae Enterovirus A,97.75533,CV-A16,100.0,CV-A16,100.0,B1b,95.0
MW178994,2445,891,3336,NC_001612,False,Picornaviridae Enterovirus A,97.53087,CV-A16,100.0,CV-A16,100.0,B1b,100.0
MW178995,2445,891,3336,NC_001612,False,Picornaviridae Enterovirus A,96.18407,CV-A16,100.0,CV-A16,100.0,B1b,97.0
MW178996,2445,891,3336,NC_001612,False,Picornaviridae Enterovirus A,94.94949,CV-A16,100.0,CV-A16,100.0,B1b,87.0
MW178997,2445,891,3336,NC_001612,False,Picornaviridae Enterovirus A,97.41863,CV-A16,100.0,CV-A16,100.0,B1b,94.0
MW178998,2445,891,3336,NC_001612,False,Picornaviridae Enterovirus A,97.41863,CV-A16,100.0,CV-A16,100.0,B1b,97.0
MW178999,2445,891,3336,NC_001612,False,Picornaviridae Enterovirus A,97.6431,CV-A16,100.0,CV-A16,100.0,B1b,100.0
MW179000,2445,891,3336,NC_001612,False,Picornaviridae Enterovirus A,95.959595,CV-A16,100.0,CV-A16,100.0,B1b,86.0
MW179001,2445,891,3336,NC_001612,False,Picornaviridae Enterovirus A,97.53087,CV-A16,100.0,CV-A16,100.0,B1b,93.0
MW179002,2445,891,3336,NC_001612,False,Picornaviridae Enterovirus A,97.53087,CV-A16,100.0,CV-A16,100.0,B1b,94.0
MW179003,2445,891,3336,NC_001612,False,Picornaviridae Enterovirus A,97.6431,CV-A16,100.0,CV-A16,100.0,B1b,97.0
MW179004,2445,891,3336,NC_001612,False,Picornaviridae Enterovirus A,97.9798,CV-A16,100.0,CV-A16,100.0,B1b,97.0
MW179006,2445,891,3336,NC_001612,False,Picornaviridae Enterovirus A,94.94949,CV-A16,100.0,CV-A16,100.0,B1b,90.0
MW179007,2445,891,3336,NC_001612,False,Picornaviridae Enterovirus A,97.41863,CV-A16,100.0,CV-A16,100.0,B1b,97.0
MW179008,2445,891,3336,NC_001612,False,Picornaviridae Enterovirus A,97.3064,CV-A16,100.0,CV-A16,100.0,B1b,90.0
MW179009,2445,891,3336,NC_001612,False,Picornaviridae Enterovirus A,97.86757,CV-A16,100.0,CV-A16,100.0,B1b,98.0
MW179010,2445,891,3336,NC_001612,False,Picornaviridae Enterovirus A,97.3064,CV-A16,100.0,CV-A16,100.0,B1b,99.0
MW179011,2445,891,3336,NC_001612,False,Picornaviridae Enterovirus A,98.09203,CV-A16,100.0,CV-A16,100.0,B1b,99.0
MW179012,2445,891,3336,NC_001612,False,Picornaviridae Enterovirus A,97.75533,CV-A16,100.0,CV-A16,100.0,B1b,99.0
MW179013,2445,891,3336,NC_001612,False,Picornaviridae Enterovirus A,97.86757,CV-A16,100.0,CV-A16,100.0,B1b,100.0
MW179014,2445,891,3336,NC_001612,False,Picornaviridae Enterovirus A,97.9798,CV-A16,100.0,CV-A16,100.0,B1b,97.0
MW179015,2445,891,3336,NC_001612,False,Picornaviridae Enterovirus A,97.86757,CV-A16,100.0,CV-A16,100.0,B1b,100.0
MW179016,2445,891,3336,NC_001612,False,Picornaviridae Enterovirus A,97.6431,CV-A16,100.0,CV-A16,100.0,B1b,99.0
MW179017,2445,891,3336,NC_001612,False,Picornaviridae Enterovirus A,97.53087,CV-A16,100.0,CV-A16,100.0,B1b,93.0
MW179018,2445,891,3336,NC_001612,False,Picornaviridae Enterovirus A,97.75533,CV-A16,100.0,CV-A16,100.0,B1b,98.0
MW179019,2445,891,3336,NC_001612,False,Picornaviridae Enterovirus A,96.969696,CV-A16,100.0,CV-A16,100.0,B1b,98.0
MW179020,2445,891,3336,NC_001612,False,Picornaviridae Enterovirus A,97.19417,CV-A16,100.0,CV-A16,100.0,B1b,100.0
MW179021,2445,891,3336,NC_001612,False,Picornaviridae Enterovirus A,96.40853,CV-A16,100.0,CV-A16,100.0,B1b,96.0
MW179022,2445,891,3336,NC_001612,False,Picornaviridae Enterovirus A,97.6431,CV-A16,100.0,CV-A16,100.0,B1b,98.0
MW179023,2445,891,3336,NC_001612,False,Picornaviridae Enterovirus A,97.86757,CV-A16,100.0,CV-A16,100.0,B1b,94.0
MW179024,2445,891,3336,NC_001612,False,Picornaviridae Enterovirus A,97.86757,CV-A16,100.0,CV-A16,100.0,B1b,98.0
MW179025,2445,891,3336,NC_001612,False,Picornaviridae Enterovirus A,97.86757,CV-A16,100.0,CV-A16,100.0,B1b,99.0
MW179026,2445,891,3336,NC_001612,False,Picornaviridae Enterovirus A,97.75533,CV-A16,100.0,CV-A16,100.0,B1b,98.0
MW179027,2445,891,3336,NC_001612,False,Picornaviridae Enterovirus A,97.6431,CV-A16,100.0,CV-A16,100.0,B1b,99.0
MW179028,2445,891,3336,NC_001612,False,Picornaviridae Enterovirus A,97.75533,CV-A16,100.0,CV-A16,100.0,B1b,98.0
MW179029,2445,891,3336,NC_001612,False,Picornaviridae Enterovirus A,97.08193,CV-A16,100.0,CV-A16,100.0,B1b,97.0
MW179030,2445,891,3336,NC_001612,False,Picornaviridae Enterovirus A,96.85747,CV-A16,100.0,CV-A16,100.0,B1b,98.0
MW179031,2445,891,3336,NC_001612,False,Picornaviridae Enterovirus A,96.969696,CV-A16,100.0,CV-A16,100.0,B1b,99.0
MW179032,2445,891,3336,NC_001612,False,Picornaviridae Enterovirus A,97.86757,CV-A16,100.0,CV-A16,100.0,B1b,95.0
MW179033,2445,891,3336,NC_001612,False,Picornaviridae Enterovirus A,96.85747,CV-A16,100.0,CV-A16,100.0,B1b,100.0
MW179034,2445,891,3336,NC_001612,False,Picornaviridae Enterovirus A,96.969696,CV-A16,100.0,CV-A16,100.0,B1b,99.0
MW179035,2445,891,3336,NC_001612,False,Picornaviridae Enterovirus A,97.86757,CV-A16,100.0,CV-A16,100.0,B1b,99.0
MW179036,2445,891,3336,NC_001612,False,Picornaviridae Enterovirus A,97.08193,CV-A16,100.0,CV-A16,100.0,B1b,98.0
MW179037,2445,891,3336,NC_001612,False,Picornaviridae Enterovirus A,96.632996,CV-A16,100.0,CV-A16,100.0,B1b,97.0
MW179038,2445,891,3336,NC_001612,False,Picornaviridae Enterovirus A,96.632996,CV-A16,100.0,CV-A16,100.0,B1b,97.0
MW179039,2445,891,3336,NC_001612,False,Picornaviridae Enterovirus A,96.40853,CV-A16,100.0,CV-A16,100.0,B1b,98.0
MW179040,2445,891,3336,NC_001612,False,Picornaviridae Enterovirus A,97.53087,CV-A16,100.0,CV-A16,100.0,B1b,99.0
MW179041,2445,891,3336,NC_001612,False,Picornaviridae Enterovirus A,96.52077,CV-A16,100.0,CV-A16,100.0,B1b,98.0
MW179042,2445,891,3336,NC_001612,False,Picornaviridae Enterovirus A,98.20427,CV-A16,100.0,CV-A16,100.0,B1b,100.0
MW179043,2445,891,3336,NC_001612,False,Picornaviridae Enterovirus A,97.41863,CV-A16,100.0,CV-A16,100.0,B1b,97.0
MW179044,2445,891,3336,NC_001612,False,Picornaviridae Enterovirus A,97.41863,CV-A16,100.0,CV-A16,100.0,B1b,96.0
MW179045,2445,891,3336,NC_001612,False,Picornaviridae Enterovirus A,96.52077,CV-A16,100.0,CV-A16,100.0,B1b,100.0
MW179046,2445,891,3336,NC_001612,False,Picornaviridae Enterovirus A,96.74523,CV-A16,100.0,CV-A16,100.0,B1b,99.0
MW179047,2445,891,3336,NC_001612,False,Picornaviridae Enterovirus A,96.40853,CV-A16,100.0,CV-A16,100.0,B1b,98.0
MW179048,2445,891,3336,NC_001612,False,Picornaviridae Enterovirus A,96.52077,CV-A16,100.0,CV-A16,100.0,B1b,98.0
MW179049,2445,891,3336,NC_001612,False,Picornaviridae Enterovirus A,97.64045,CV-A16,100.0,CV-A16,100.0,B1b,95.0
MW179050,2445,891,3336,NC_001612,False,Picornaviridae Enterovirus A,96.74523,CV-A16,100.0,CV-A16,100.0,B1b,98.0
MW179051,2445,891,3336,NC_001612,False,Picornaviridae Enterovirus A,96.40853,CV-A16,100.0,CV-A16,100.0,B1b,96.0
MW179052,2445,891,3336,NC_001612,False,Picornaviridae Enterovirus A,96.632996,CV-A16,100.0,CV-A16,100.0,B1b,98.0
MW179053,2445,891,3336,NC_001612,False,Picornaviridae Enterovirus A,96.632996,CV-A16,100.0,CV-A16,100.0,B1b,96.0
MW179054,2445,891,3336,NC_001612,False,Picornaviridae Enterovirus A,96.632996,CV-A16,100.0,CV-A16,100.0,B1b,100.0
MW179055,2445,891,3336,NC_001612,False,Picornaviridae Enterovirus A,97.53087,CV-A16,100.0,CV-A16,100.0,B1b,98.0
MW179056,2445,891,3336,NC_001612,False,Picornaviridae Enterovirus A,96.296295,CV-A16,100.0,CV-A16,100.0,B1b,99.0
MW179057,2445,891,3336,NC_001612,False,Picornaviridae Enterovirus A,96.74523,CV-A16,100.0,CV-A16,100.0,B1b,99.0
MW179058,2445,891,3336,NC_001612,False,Picornaviridae Enterovirus A,97.6431,CV-A16,100.0,CV-A16,100.0,B1b,98.0
MW179059,2445,891,3336,NC_001612,False,Picornaviridae Enterovirus A,97.08193,CV-A16,100.0,CV-A16,100.0,B1b,98.0
MW179060,2445,891,3336,NC_001612,False,Picornaviridae Enterovirus A,98.20427,CV-A16,100.0,CV-A16,100.0,B1b,98.0
MW179061,2445,891,3336,NC_001612,False,Picornaviridae Enterovirus A,96.74523,CV-A16,100.0,CV-A16,100.0,B1b,99.0
MW179062,2445,891,3336,NC_001612,False,Picornaviridae Enterovirus A,97.53087,CV-A16,100.0,CV-A16,100.0,B1b,97.0
MW179063,2445,891,3336,NC_001612,False,Picornaviridae Enterovirus A,97.53087,CV-A16,100.0,CV-A16,100.0,B1b,99.0
MW179064,2445,891,3336,NC_001612,False,Picornaviridae Enterovirus A,97.41863,CV-A16,100.0,CV-A16,100.0,B1b,100.0
MW179065,2445,891,3336,NC_001612,False,Picornaviridae Enterovirus A,97.3064,CV-A16,100.0,CV-A16,100.0,B1b,96.0
MW179066,2445,891,3336,NC_001612,False,Picornaviridae Enterovirus A,97.41863,CV-A16,100.0,CV-A16,100.0,B1b,97.0
MW179067,2445,891,3336,NC_001612,False,Picornaviridae Enterovirus A,97.41863,CV-A16,100.0,CV-A16,100.0,B1b,98.0
MW179068,2445,891,3336,NC_001612,False,Picornaviridae Enterovirus A,94.94949,CV-A16,100.0,CV-A16,100.0,B1a,82.0
MW179069,2445,891,3336,NC_001612,False,Picornaviridae Enterovirus A,97.64045,CV-A16,100.0,CV-A16,100.0,B1b,97.0
MW179070,2445,891,3336,NC_001612,False,Picornaviridae Enterovirus A,96.969696,CV-A16,100.0,CV-A16,100.0,B1b,96.0
MW179071,2445,891,3336,NC_001612,False,Picornaviridae Enterovirus A,96.969696,CV-A16,100.0,CV-A16,100.0,B1b,98.0
MW179072,2445,891,3336,NC_001612,False,Picornaviridae Enterovirus A,96.85747,CV-A16,100.0,CV-A16,100.0,B1b,99.0
MW179073,2445,891,3336,NC_001612,False,Picornaviridae Enterovirus A,96.07183,CV-A16,100.0,CV-A16,100.0,B1b,99.0
MW179074,2445,891,3336,NC_001612,False,Picornaviridae Enterovirus A,97.53087,CV-A16,100.0,CV-A16,100.0,B1b,98.0
MW179075,2445,891,3336,NC_001612,False,Picornaviridae Enterovirus A,97.41863,CV-A16,100.0,CV-A16,100.0,B1b,97.0
MW179076,2445,891,3336,NC_001612,False,Picornaviridae Enterovirus A,98.09203,CV-A16,100.0,CV-A16,100.0,B1b,97.0
MW179077,2445,891,3336,NC_001612,False,Picornaviridae Enterovirus A,96.85747,CV-A16,100.0,CV-A16,100.0,B1b,97.0
MW179078,2445,891,3336,NC_001612,False,Picornaviridae Enterovirus A,96.85747,CV-A16,100.0,CV-A16,100.0,B1b,97.0
MW179079,2445,891,3336,NC_001612,False,Picornaviridae Enterovirus A,96.85747,CV-A16,100.0,CV-A16,100.0,B1b,99.0
MW179080,2445,891,3336,NC_001612,False,Picornaviridae Enterovirus A,96.85747,CV-A16,100.0,CV-A16,100.0,B1b,94.0
MW179082,2445,891,3336,NC_001612,False,Picornaviridae Enterovirus A,97.08193,CV-A16,100.0,CV-A16,100.0,B1b,96.0
MW179083,2445,891,3336,NC_001612,False,Picornaviridae Enterovirus A,96.969696,CV-A16,100.0,CV-A16,100.0,B1b,96.0
MW179084,2445,891,3336,NC_001612,False,Picornaviridae Enterovirus A,96.52077,CV-A16,100.0,CV-A16,100.0,B1b,97.0
MW179085,2445,891,3336,NC_001612,False,Picornaviridae Enterovirus A,96.40853,CV-A16,100.0,CV-A16,100.0,B1b,98.0
MW179086,2445,891,3336,NC_001612,False,Picornaviridae Enterovirus A,97.08193,CV-A16,100.0,CV-A16,100.0,B1b,97.0
MW179087,2445,891,3336,NC_001612,False,Picornaviridae Enterovirus A,96.40853,CV-A16,100.0,CV-A16,100.0,B1b,97.0
MW179088,2445,891,3336,NC_001612,False,Picornaviridae Enterovirus A,97.08193,CV-A16,100.0,CV-A16,100.0,B1b,97.0
MW179089,2445,891,3336,NC_001612,False,Picornaviridae Enterovirus A,96.969696,CV-A16,100.0,CV-A16,100.0,B1b,96.0
MW179090,2445,891,3336,NC_001612,False,Picornaviridae Enterovirus A,97.19417,CV-A16,100.0,CV-A16,100.0,B1b,96.0
MW179091,2445,891,3336,NC_001612,False,Picornaviridae Enterovirus A,96.40853,CV-A16,100.0,CV-A16,100.0,B1b,98.0
MW179092,2445,891,3336,NC_001612,False,Picornaviridae Enterovirus A,96.632996,CV-A16,100.0,CV-A16,100.0,B1b,97.0
MW179093,2445,891,3336,NC_001612,False,Picornaviridae Enterovirus A,97.08193,CV-A16,100.0,CV-A16,100.0,B1b,97.0
MW179094,2445,891,3336,NC_001612,False,Picornaviridae Enterovirus A,97.08193,CV-A16,100.0,CV-A16,100.0,B1b,94.0
MW179095,2445,891,3336,NC_001612,False,Picornaviridae Enterovirus A,97.19417,CV-A16,100.0,CV-A16,100.0,B1b,98.0
MW179096,2445,891,3336,NC_001612,False,Picornaviridae Enterovirus A,97.6431,CV-A16,100.0,CV-A16,100.0,B1b,97.0
MW179097,2445,891,3336,NC_001612,False,Picornaviridae Enterovirus A,97.86757,CV-A16,100.0,CV-A16,100.0,B1b,93.0
MW179098,2445,891,3336,NC_001612,False,Picornaviridae Enterovirus A,97.75533,CV-A16,100.0,CV-A16,100.0,B1b,98.0
MW179099,2445,891,3336,NC_001612,False,Picornaviridae Enterovirus A,97.53087,CV-A16,100.0,CV-A16,100.0,B1b,100.0
MW179100,2445,891,3336,NC_001612,False,Picornaviridae Enterovirus A,94.7191,CV-A16,100.0,CV-A16,100.0,B1a,86.0
MW179101,2445,891,3336,NC_001612,False,Picornaviridae Enterovirus A,96.18407,CV-A16,100.0,CV-A16,100.0,B1b,95.0
MW179102,2445,891,3336,NC_001612,False,Picornaviridae Enterovirus A,94.7191,CV-A16,100.0,CV-A16,100.0,B1a,87.0
MW179103,2445,891,3336,NC_001612,False,Picornaviridae Enterovirus A,96.40853,CV-A16,100.0,CV-A16,100.0,B1b,96.0
MW179104,2445,891,3336,NC_001612,False,Picornaviridae Enterovirus A,96.74523,CV-A16,100.0,CV-A16,100.0,B1b,95.0
MW179105,2445,891,3336,NC_001612,False,Picornaviridae Enterovirus A,96.40853,CV-A16,100.0,CV-A16,100.0,B1b,97.0
MW179106,2445,891,3336,NC_001612,False,Picornaviridae Enterovirus A,96.40853,CV-A16,100.0,CV-A16,100.0,B1b,100.0
MW179107,2445,891,3336,NC_001612,False,Picornaviridae Enterovirus A,95.959595,CV-A16,100.0,CV-A16,100.0,B1b,97.0
MW179108,2445,891,3336,NC_001612,False,Picornaviridae Enterovirus A,96.969696,CV-A16,100.0,CV-A16,100.0,B1b,99.0
MW179109,2445,891,3336,NC_001612,False,Picornaviridae Enterovirus A,94.83146,CV-A16,100.0,CV-A16,100.0,B1a,85.0
MW179110,2445,891,3336,NC_001612,False,Picornaviridae Enterovirus A,96.18407,CV-A16,100.0,CV-A16,100.0,B1b,97.0
MW179111,2445,891,3336,NC_001612,False,Picornaviridae Enterovirus A,96.18407,CV-A16,100.0,CV-A16,100.0,B1b,99.0
MW179112,2445,891,3336,NC_001612,False,Picornaviridae Enterovirus A,96.18407,CV-A16,100.0,CV-A16,100.0,B1b,97.0
MW179113,2445,891,3336,NC_001612,False,Picornaviridae Enterovirus A,94.7191,CV-A16,100.0,CV-A16,100.0,B1a,87.0
MW179114,2445,891,3336,NC_001612,False,Picornaviridae Enterovirus A,97.53087,CV-A16,100.0,CV-A16,100.0,B1b,97.0
MW179115,2445,891,3336,NC_001612,False,Picornaviridae Enterovirus A,97.53087,CV-A16,100.0,CV-A16,100.0,B1b,98.0
MW179116,2445,891,3336,NC_001612,False,Picornaviridae Enterovirus A,96.52077,CV-A16,100.0,CV-A16,100.0,B1b,94.0
MW179117,2445,891,3336,NC_001612,False,Picornaviridae Enterovirus A,97.08193,CV-A16,100.0,CV-A16,100.0,B1b,97.0
MW179118,2445,891,3336,NC_001612,False,Picornaviridae Enterovirus A,97.415726,CV-A16,100.0,CV-A16,100.0,B1b,95.0
MW179119,2445,891,3336,NC_001612,False,Picornaviridae Enterovirus A,97.19417,CV-A16,100.0,CV-A16,100.0,B1b,98.0
MW179120,2445,891,3336,NC_001612,False,Picornaviridae Enterovirus A,97.53087,CV-A16,100.0,CV-A16,100.0,B1b,97.0
MW179121,2445,891,3336,NC_001612,False,Picornaviridae Enterovirus A,97.08193,CV-A16,100.0,CV-A16,100.0,B1b,99.0
MW179122,2445,891,3336,NC_001612,False,Picornaviridae Enterovirus A,97.08193,CV-A16,100.0,CV-A16,100.0,B1b,98.0
MW179123,2445,891,3336,NC_001612,False,Picornaviridae Enterovirus A,97.53087,CV-A16,100.0,CV-A16,100.0,B1b,99.0
MW179124,2445,891,3336,NC_001612,False,Picornaviridae Enterovirus A,97.08193,CV-A16,100.0,CV-A16,100.0,B1b,98.0
MW179125,2445,891,3336,NC_001612,False,Picornaviridae Enterovirus A,97.08193,CV-A16,100.0,CV-A16,100.0,B1b,100.0
MW179126,2445,891,3336,NC_001612,False,Picornaviridae Enterovirus A,97.08193,CV-A16,100.0,CV-A16,100.0,B1b,97.0
MW179127,2445,891,3336,NC_001612,False,Picornaviridae Enterovirus A,96.632996,CV-A16,100.0,CV-A16,100.0,B1b,92.0
MW179128,2445,891,3336,NC_001612,False,Picornaviridae Enterovirus A,96.74523,CV-A16,100.0,CV-A16,100.0,B1b,95.0
MW179129,2445,891,3336,NC_001612,False,Picornaviridae Enterovirus A,97.303375,CV-A16,100.0,CV-A16,100.0,B1b,96.0
MW179130,2445,891,3336,NC_001612,False,Picornaviridae Enterovirus A,94.83146,CV-A16,100.0,CV-A16,100.0,B1a,89.0
MW179131,2445,891,3336,NC_001612,False,Picornaviridae Enterovirus A,94.83146,CV-A16,100.0,CV-A16,100.0,B1a,80.0
MW179132,2445,891,3336,NC_001612,False,Picornaviridae Enterovirus A,94.044945,CV-A16,100.0,CV-A16,100.0,B1a,85.0
MW179133,2445,891,3336,NC_001612,False,Picornaviridae Enterovirus A,96.74523,CV-A16,100.0,CV-A16,100.0,B1b,99.0
MW179134,2445,891,3336,NC_001612,False,Picornaviridae Enterovirus A,93.93259,CV-A16,100.0,CV-A16,100.0,B1a,81.0
MW179135,2445,891,3336,NC_001612,False,Picornaviridae Enterovirus A,96.632996,CV-A16,100.0,CV-A16,100.0,B1b,98.0
MW179136,2445,891,3336,NC_001612,False,Picornaviridae Enterovirus A,96.18407,CV-A16,100.0,CV-A16,100.0,B1b,99.0
MW179137,2445,891,3336,NC_001612,False,Picornaviridae Enterovirus A,94.60674,CV-A16,100.0,CV-A16,100.0,B1a,82.0
MW179138,2445,891,3336,NC_001612,False,Picornaviridae Enterovirus A,94.943825,CV-A16,100.0,CV-A16,100.0,B1a,82.0
MW179139,2445,891,3336,NC_001612,False,Picornaviridae Enterovirus A,94.044945,CV-A16,100.0,CV-A16,100.0,B1a,81.0
MW179140,2445,891,3336,NC_001612,False,Picornaviridae Enterovirus A,94.7191,CV-A16,100.0,CV-A16,100.0,B1a,85.0
MW179141,2445,891,3336,NC_001612,False,Picornaviridae Enterovirus A,93.82023,CV-A16,100.0,CV-A16,100.0,B1a,83.0
MW179142,2445,891,3336,NC_001612,False,Picornaviridae Enterovirus A,93.93259,CV-A16,100.0,CV-A16,100.0,B1a,80.0
MW179143,2445,891,3336,NC_001612,False,Picornaviridae Enterovirus A,94.7191,CV-A16,100.0,CV-A16,100.0,B1a,80.0
MW179144,2445,891,3336,NC_001612,False,Picornaviridae Enterovirus A,94.044945,CV-A16,100.0,CV-A16,100.0,B1a,86.0
MW179145,2445,891,3336,NC_001612,False,Picornaviridae Enterovirus A,93.93259,CV-A16,100.0,CV-A16,100.0,B1a,86.0
MW179147,2445,891,3336,NC_001612,False,Picornaviridae Enterovirus A,96.07183,CV-A16,100.0,CV-A16,100.0,B1b,95.0
MW179148,2445,891,3336,NC_001612,False,Picornaviridae Enterovirus A,96.40853,CV-A16,100.0,CV-A16,100.0,B1b,98.0
MW179149,2445,891,3336,NC_001612,False,Picornaviridae Enterovirus A,95.959595,CV-A16,100.0,CV-A16,100.0,B1b,94.0
MW179150,2445,891,3336,NC_001612,False,Picornaviridae Enterovirus A,96.52077,CV-A16,100.0,CV-A16,100.0,B1b,97.0
MW179151,2445,891,3336,NC_001612,False,Picornaviridae Enterovirus A,96.40853,CV-A16,100.0,CV-A16,100.0,B1b,95.0
MW179152,2445,891,3336,NC_001612,False,Picornaviridae Enterovirus A,94.1573,CV-A16,100.0,CV-A16,100.0,B1a,83.0
MW179153,2445,891,3336,NC_001612,False,Picornaviridae Enterovirus A,96.40853,CV-A16,100.0,CV-A16,100.0,B1b,96.0
MW179154,2445,891,3336,NC_001612,False,Picornaviridae Enterovirus A,96.52077,CV-A16,100.0,CV-A16,100.0,B1b,99.0
MW179155,2445,891,3336,NC_001612,False,Picornaviridae Enterovirus A,96.632996,CV-A16,100.0,CV-A16,100.0,B1b,99.0
MW179156,2445,891,3336,NC_001612,False,Picornaviridae Enterovirus A,96.85747,CV-A16,100.0,CV-A16,100.0,B1b,96.0
MW179159,2445,891,3336,NC_001612,False,Picornaviridae Enterovirus A,96.166855,CV-A16,100.0,CV-A16,100.0,B1b,99.0
MW179160,2445,891,3336,NC_001612,False,Picornaviridae Enterovirus A,94.1573,CV-A16,100.0,CV-A16,100.0,B1a,84.0
MW179161,2445,891,3336,NC_001612,False,Picornaviridae Enterovirus A,96.52077,CV-A16,100.0,CV-A16,100.0,B1b,97.0
MW179162,2445,891,3336,NC_001612,False,Picornaviridae Enterovirus A,93.595505,CV-A16,100.0,CV-A16,100.0,B1a,87.0
MW179165,2445,891,3336,NC_001612,False,Picornaviridae Enterovirus A,96.52077,CV-A16,100.0,CV-A16,100.0,B1b,100.0
MW179166,2445,891,3336,NC_001612,False,Picornaviridae Enterovirus A,96.40853,CV-A16,100.0,CV-A16,100.0,B1b,97.0
MW179167,2445,891,3336,NC_001612,False,Picornaviridae Enterovirus A,94.83146,CV-A16,100.0,CV-A16,100.0,B1a,86.0
MW179168,2445,891,3336,NC_001612,False,Picornaviridae Enterovirus A,94.72503,CV-A16,100.0,CV-A16,100.0,B1a,85.0
MW179170,2445,891,3336,NC_001612,False,Picornaviridae Enterovirus A,96.07183,CV-A16,100.0,CV-A16,100.0,B1b,97.0
MW179171,2445,891,3336,NC_001612,False,Picornaviridae Enterovirus A,96.52077,CV-A16,100.0,CV-A16,100.0,B1b,92.0
MW179172,2445,891,3336,NC_001612,False,Picornaviridae Enterovirus A,96.632996,CV-A16,100.0,CV-A16,100.0,B1b,95.0
MW179173,2445,891,3336,NC_001612,False,Picornaviridae Enterovirus A,93.70786,CV-A16,100.0,CV-A16,100.0,B1a,80.0
MW179174,2445,891,3336,NC_001612,False,Picornaviridae Enterovirus A,94.494385,CV-A16,100.0,CV-A16,100.0,B1a,86.0
MW179175,2445,891,3336,NC_001612,False,Picornaviridae Enterovirus A,97.19417,CV-A16,100.0,CV-A16,100.0,B1b,97.0
MW179176,2445,891,3336,NC_001612,False,Picornaviridae Enterovirus A,94.494385,CV-A16,100.0,CV-A16,100.0,B1a,81.0
MW179177,2445,891,3336,NC_001612,False,Picornaviridae Enterovirus A,97.19417,CV-A16,100.0,CV-A16,100.0,B1b,97.0
MW179178,2445,891,3336,NC_001612,False,Picornaviridae Enterovirus A,96.296295,CV-A16,100.0,CV-A16,100.0,B1b,99.0
MW179179,2445,891,3336,NC_001612,False,Picornaviridae Enterovirus A,96.40853,CV-A16,100.0,CV-A16,100.0,B1b,100.0
MW179180,2445,891,3336,NC_001612,False,Picornaviridae Enterovirus A,96.52077,CV-A16,100.0,CV-A16,100.0,B1b,100.0
MW179181,2445,891,3336,NC_001612,False,Picornaviridae Enterovirus A,96.52077,CV-A16,100.0,CV-A16,100.0,B1b,99.0
MW179182,2445,891,3336,NC_001612,False,Picornaviridae Enterovirus A,96.40853,CV-A16,100.0,CV-A16,100.0,B1b,100.0
MW179183,2445,891,3336,NC_001612,False,Picornaviridae Enterovirus A,97.3064,CV-A16,100.0,CV-A16,100.0,B1b,99.0
MW179184,2445,891,3336,NC_001612,False,Picornaviridae Enterovirus A,96.07183,CV-A16,100.0,CV-A16,100.0,B1b,95.0
MW179185,2445,891,3336,NC_001612,False,Picornaviridae Enterovirus A,96.40853,CV-A16,100.0,CV-A16,100.0,B1b,100.0
MW179186,2445,891,3336,NC_001612,False,Picornaviridae Enterovirus A,96.52077,CV-A16,100.0,CV-A16,100.0,B1b,94.0
MW179187,2445,891,3336,NC_001612,False,Picornaviridae Enterovirus A,97.19417,CV-A16,100.0,CV-A16,100.0,B1b,98.0
MW179188,2445,891,3336,NC_001612,False,Picornaviridae Enterovirus A,96.632996,CV-A16,100.0,CV-A16,100.0,B1b,95.0
MW179189,2445,891,3336,NC_001612,False,Picornaviridae Enterovirus A,96.632996,CV-A16,100.0,CV-A16,100.0,B1b,97.0
MW179191,2445,891,3336,NC_001612,False,Picornaviridae Enterovirus A,93.93259,CV-A16,100.0,CV-A16,100.0,B1a,84.0
MW179192,2445,891,3336,NC_001612,False,Picornaviridae Enterovirus A,94.1573,CV-A16,100.0,CV-A16,100.0,B1a,91.0
MW179194,2445,891,3336,NC_001612,False,Picornaviridae Enterovirus A,94.1573,CV-A16,100.0,CV-A16,100.0,B1a,81.0
MW179195,2445,891,3336,NC_001612,False,Picornaviridae Enterovirus A,93.93259,CV-A16,100.0,CV-A16,100.0,B1a,81.0
MW179196,2445,891,3336,NC_001612,False,Picornaviridae Enterovirus A,95.959595,CV-A16,100.0,CV-A16,100.0,B1b,95.0
MW179198,2445,891,3336,NC_001612,False,Picornaviridae Enterovirus A,94.044945,CV-A16,100.0,CV-A16,100.0,B1a,84.0
MW179200,2445,891,3336,NC_001612,False,Picornaviridae Enterovirus A,94.1573,CV-A16,100.0,CV-A16,100.0,B1a,84.0
MW179201,2445,891,3336,NC_001612,False,Picornaviridae Enterovirus A,93.93259,CV-A16,100.0,CV-A16,100.0,B1a,86.0
MW179202,2445,891,3336,NC_001612,False,Picornaviridae Enterovirus A,96.52077,CV-A16,100.0,CV-A16,100.0,B1b,99.0
MW179203,2445,891,3336,NC_001612,False,Picornaviridae Enterovirus A,93.595505,CV-A16,100.0,CV-A16,100.0,B1a,82.0
MW179204,2445,891,3336,NC_001612,False,Picornaviridae Enterovirus A,96.85747,CV-A16,100.0,CV-A16,100.0,B1b,98.0
MW179205,2445,891,3336,NC_001612,False,Picornaviridae Enterovirus A,94.1573,CV-A16,100.0,CV-A16,100.0,B1a,85.0
MW179206,2445,891,3336,NC_001612,False,Picornaviridae Enterovirus A,94.1573,CV-A16,100.0,CV-A16,100.0,B1a,86.0
MW179207,2445,891,3336,NC_001612,False,Picornaviridae Enterovirus A,94.1573,CV-A16,100.0,CV-A16,100.0,B1a,85.0
MW179209,2445,891,3336,NC_001612,False,Picornaviridae Enterovirus A,93.93259,CV-A16,100.0,CV-A16,100.0,B1a,83.0
MW179210,2445,891,3336,NC_001612,False,Picornaviridae Enterovirus A,93.93259,CV-A16,100.0,CV-A16,100.0,B1a,85.0
MW179211,2445,891,3336,NC_001612,False,Picornaviridae Enterovirus A,93.93259,CV-A16,100.0,CV-A16,100.0,B1a,83.0
MW179212,2445,891,3336,NC_001612,False,Picornaviridae Enterovirus A,96.52077,CV-A16,100.0,CV-A16,100.0,B1b,97.0
MW179213,2445,891,3336,NC_001612,False,Picornaviridae Enterovirus A,96.279594,CV-A16,100.0,CV-A16,100.0,B1b,91.0
MW179214,2445,891,3336,NC_001612,False,Picornaviridae Enterovirus A,96.632996,CV-A16,100.0,CV-A16,100.0,B1b,95.0
MW179216,2445,891,3336,NC_001612,False,Picornaviridae Enterovirus A,93.82023,CV-A16,100.0,CV-A16,100.0,B1a,81.0
MW179217,2445,891,3336,NC_001612,False,Picornaviridae Enterovirus A,96.52077,CV-A16,100.0,CV-A16,100.0,B1b,98.0
MW179218,2445,891,3336,NC_001612,False,Picornaviridae Enterovirus A,96.632996,CV-A16,100.0,CV-A16,100.0,B1b,97.0
MW179219,2445,891,3336,NC_001612,False,Picornaviridae Enterovirus A,96.632996,CV-A16,100.0,CV-A16,100.0,B1b,96.0
MW179220,2445,891,3336,NC_001612,False,Picornaviridae Enterovirus A,93.82023,CV-A16,100.0,CV-A16,100.0,B1a,84.0
MW179221,2445,891,3336,NC_001612,False,Picornaviridae Enterovirus A,96.632996,CV-A16,100.0,CV-A16,100.0,B1b,98.0
MW179222,2445,891,3336,NC_001612,False,Picornaviridae Enterovirus A,96.632996,CV-A16,100.0,CV-A16,100.0,B1b,97.0
MW179223,2445,891,3336,NC_001612,False,Picornaviridae Enterovirus A,93.82023,CV-A16,100.0,CV-A16,100.0,B1a,88.0
MW179224,2445,891,3336,NC_001612,False,Picornaviridae Enterovirus A,93.82023,CV-A16,100.0,CV-A16,100.0,B1a,81.0
MW179225,2445,891,3336,NC_001612,False,Picornaviridae Enterovirus A,93.70786,CV-A16,100.0,CV-A16,100.0,B1a,81.0
MW179226,2445,891,3336,NC_001612,False,Picornaviridae Enterovirus A,96.632996,CV-A16,100.0,CV-A16,100.0,B1b,95.0
MW179227,2445,891,3336,NC_001612,False,Picornaviridae Enterovirus A,96.40853,CV-A16,100.0,CV-A16,100.0,B1b,97.0
MW179228,2445,891,3336,NC_001612,False,Picornaviridae Enterovirus A,96.40853,CV-A16,100.0,CV-A16,100.0,B1b,97.0
MW179229,2445,891,3336,NC_001612,False,Picornaviridae Enterovirus A,94.494385,CV-A16,100.0,CV-A16,100.0,B1a,86.0
MW179231,2445,891,3336,NC_001612,False,Picornaviridae Enterovirus A,94.26966,CV-A16,100.0,CV-A16,100.0,B1a,88.0
MW197163,2445,891,3336,NC_001612,False,Picornaviridae Enterovirus A,98.87767,CV-A16,100.0,CV-A16,100.0,B1b,98.0
MW197164,2445,891,3336,NC_001612,False,Picornaviridae Enterovirus A,99.21436,CV-A16,100.0,CV-A16,100.0,B1b,97.0
MW197165,2445,891,3336,NC_001612,False,Picornaviridae Enterovirus A,99.438835,CV-A16,100.0,CV-A16,100.0,B1a,80.0
MW197166,2445,891,3336,NC_001612,False,Picornaviridae Enterovirus A,98.09203,CV-A16,100.0,CV-A16,100.0,B1a,90.0
MW197167,2445,891,3336,NC_001612,False,Picornaviridae Enterovirus A,97.75533,CV-A16,100.0,CV-A16,100.0,B1b,99.0
MW197168,2445,891,3336,NC_001612,False,Picornaviridae Enterovirus A,98.3165,CV-A16,100.0,CV-A16,100.0,B1b,95.0
MW197169,2445,891,3336,NC_001612,False,Picornaviridae Enterovirus A,96.969696,CV-A16,100.0,CV-A16,100.0,B1a,80.0
MW197170,2445,891,3336,NC_001612,False,Picornaviridae Enterovirus A,97.19417,CV-A16,100.0,CV-A16,100.0,B1a,80.0
MW197171,2445,891,3336,NC_001612,False,Picornaviridae Enterovirus A,97.53087,CV-A16,100.0,CV-A16,100.0,B1a,86.0
MW197173,2445,891,3336,NC_001612,False,Picornaviridae Enterovirus A,98.428734,CV-A16,100.0,CV-A16,100.0,B1a,80.0
MW197174,2445,891,3336,NC_001612,False,Picornaviridae Enterovirus A,98.428734,CV-A16,100.0,CV-A16,100.0,B1a,83.0
MW197175,2445,891,3336,NC_001612,False,Picornaviridae Enterovirus A,98.428734,CV-A16,100.0,CV-A16,100.0,B1a,80.0
MW197176,2445,891,3336,NC_001612,False,Picornaviridae Enterovirus A,98.09203,CV-A16,100.0,CV-A16,100.0,B1a,87.0
MW197177,2445,891,3336,NC_001612,False,Picornaviridae Enterovirus A,98.765434,CV-A16,100.0,CV-A16,100.0,B1b,98.0
MW197178,2445,891,3336,NC_001612,False,Picornaviridae Enterovirus A,98.765434,CV-A16,100.0,CV-A16,100.0,B1b,97.0
MW197179,2445,891,3336,NC_001612,False,Picornaviridae Enterovirus A,99.102135,CV-A16,100.0,CV-A16,100.0,B1b,99.0
MW197180,2445,891,3336,NC_001612,False,Picornaviridae Enterovirus A,99.3266,CV-A16,100.0,CV-A16,100.0,B1b,99.0
MW197181,2445,891,3336,NC_001612,False,Picornaviridae Enterovirus A,98.87767,CV-A16,100.0,CV-A16,100.0,B1a,80.0
MW197182,2445,891,3336,NC_001612,False,Picornaviridae Enterovirus A,98.428734,CV-A16,100.0,CV-A16,100.0,B1a,83.0
MW197183,2445,891,3336,NC_001612,False,Picornaviridae Enterovirus A,97.75533,CV-A16,100.0,CV-A16,100.0,B1b,97.0
MW197184,2445,891,3336,NC_001612,False,Picornaviridae Enterovirus A,97.75533,CV-A16,100.0,CV-A16,100.0,B1b,98.0
MW197185,2445,891,3336,NC_001612,False,Picornaviridae Enterovirus A,98.6532,CV-A16,100.0,CV-A16,100.0,B1b,97.0
MW197186,2445,891,3336,NC_001612,False,Picornaviridae Enterovirus A,96.969696,CV-A16,100.0,CV-A16,100.0,B1b,97.0
MW197187,2445,891,3336,NC_001612,False,Picornaviridae Enterovirus A,99.55106,CV-A16,100.0,CV-A16,100.0,B1b,99.0
MW197188,2445,891,3336,NC_001612,False,Picornaviridae Enterovirus A,98.6532,CV-A16,100.0,CV-A16,100.0,B1b,99.0
MW197189,2445,891,3336,NC_001612,False,Picornaviridae Enterovirus A,98.6532,CV-A16,100.0,CV-A16,100.0,B1b,98.0
MW197190,2445,891,3336,NC_001612,False,Picornaviridae Enterovirus A,98.87767,CV-A16,100.0,CV-A16,100.0,B1a,82.0
MW197191,2445,891,3336,NC_001612,False,Picornaviridae Enterovirus A,98.3165,CV-A16,100.0,CV-A16,100.0,B1b,100.0
MW197192,2445,891,3336,NC_001612,False,Picornaviridae Enterovirus A,98.20427,CV-A16,100.0,CV-A16,100.0,B1b,100.0
MW197193,2445,891,3336,NC_001612,False,Picornaviridae Enterovirus A,98.87767,CV-A16,100.0,CV-A16,100.0,B1a,91.0
MW197194,2445,891,3336,NC_001612,False,Picornaviridae Enterovirus A,97.86757,CV-A16,100.0,CV-A16,100.0,B1b,100.0
MW197195,2445,891,3336,NC_001612,False,Picornaviridae Enterovirus A,97.75533,CV-A16,100.0,CV-A16,100.0,B1b,99.0
MW197196,2445,891,3336,NC_001612,False,Picornaviridae Enterovirus A,97.9798,CV-A16,100.0,CV-A16,100.0,B1a,88.0
MW197197,2445,891,3336,NC_001612,False,Picornaviridae Enterovirus A,97.53087,CV-A16,100.0,CV-A16,100.0,B1b,100.0
MW197198,2445,891,3336,NC_001612,False,Picornaviridae Enterovirus A,97.53087,CV-A16,100.0,CV-A16,100.0,B1b,98.0
MW197199,2445,891,3336,NC_001612,False,Picornaviridae Enterovirus A,97.53087,CV-A16,100.0,CV-A16,100.0,B1b,98.0
MW197200,2445,891,3336,NC_001612,False,Picornaviridae Enterovirus A,98.87767,CV-A16,100.0,CV-A16,100.0,B1b,95.0
MW197201,2445,891,3336,NC_001612,False,Picornaviridae Enterovirus A,98.765434,CV-A16,100.0,CV-A16,100.0,B1b,98.0
MW197202,2445,891,3336,NC_001612,False,Picornaviridae Enterovirus A,97.53087,CV-A16,100.0,CV-A16,100.0,B1b,97.0
MW197203,2445,891,3336,NC_001612,False,Picornaviridae Enterovirus A,97.53087,CV-A16,100.0,CV-A16,100.0,B1b,97.0
MW197204,2445,891,3336,NC_001612,False,Picornaviridae Enterovirus A,97.53087,CV-A16,100.0,CV-A16,100.0,B1b,97.0
MW197205,2445,891,3336,NC_001612,False,Picornaviridae Enterovirus A,97.41863,CV-A16,100.0,CV-A16,100.0,B1b,98.0
MW197206,2445,891,3336,NC_001612,False,Picornaviridae Enterovirus A,97.53087,CV-A16,100.0,CV-A16,100.0,B1b,96.0
MW197207,2445,891,3336,NC_001612,False,Picornaviridae Enterovirus A,97.41863,CV-A16,100.0,CV-A16,100.0,B1b,100.0
MW197208,2445,891,3336,NC_001612,False,Picornaviridae Enterovirus A,97.3064,CV-A16,100.0,CV-A16,100.0,B1b,100.0
MW197209,2445,891,3336,NC_001612,False,Picornaviridae Enterovirus A,98.3165,CV-A16,100.0,CV-A16,100.0,B1b,99.0
MW197210,2445,891,3336,NC_001612,False,Picornaviridae Enterovirus A,97.53087,CV-A16,100.0,CV-A16,100.0,B1b,99.0
MW197211,2445,891,3336,NC_001612,False,Picornaviridae Enterovirus A,96.632996,CV-A16,100.0,CV-A16,100.0,B1b,93.0
MW197212,2445,891,3336,NC_001612,False,Picornaviridae Enterovirus A,97.86757,CV-A16,100.0,CV-A16,100.0,B1b,98.0
MW197213,2445,891,3336,NC_001612,False,Picornaviridae Enterovirus A,96.969696,CV-A16,100.0,CV-A16,100.0,B1b,98.0
MW197214,2445,891,3336,NC_001612,False,Picornaviridae Enterovirus A,96.969696,CV-A16,100.0,CV-A16,100.0,B1b,98.0
MW197215,2445,891,3336,NC_001612,False,Picornaviridae Enterovirus A,98.09203,CV-A16,100.0,CV-A16,100.0,B1b,97.0
MW197217,2445,891,3336,NC_001612,False,Picornaviridae Enterovirus A,97.3064,CV-A16,100.0,CV-A16,100.0,B1b,95.0
MW197218,2445,891,3336,NC_001612,False,Picornaviridae Enterovirus A,97.3064,CV-A16,100.0,CV-A16,100.0,B1b,95.0
MW197219,2445,891,3336,NC_001612,False,Picornaviridae Enterovirus A,98.428734,CV-A16,100.0,CV-A16,100.0,B1b,98.0
MW197220,2445,891,3336,NC_001612,False,Picornaviridae Enterovirus A,98.09203,CV-A16,100.0,CV-A16,100.0,B1b,98.0
MW197221,2445,891,3336,NC_001612,False,Picornaviridae Enterovirus A,97.19417,CV-A16,100.0,CV-A16,100.0,B1b,99.0
MW197222,2445,891,3336,NC_001612,False,Picornaviridae Enterovirus A,97.86757,CV-A16,100.0,CV-A16,100.0,B1b,98.0
MW197223,2445,891,3336,NC_001612,False,Picornaviridae Enterovirus A,97.19417,CV-A16,100.0,CV-A16,100.0,B1b,98.0
MW197224,2445,891,3336,NC_001612,False,Picornaviridae Enterovirus A,97.86757,CV-A16,100.0,CV-A16,100.0,B1b,95.0
MW197225,2445,891,3336,NC_001612,False,Picornaviridae Enterovirus A,97.08193,CV-A16,100.0,CV-A16,100.0,B1b,97.0
MW197226,2445,891,3336,NC_001612,False,Picornaviridae Enterovirus A,97.9798,CV-A16,100.0,CV-A16,100.0,B1b,100.0
MW197227,2445,891,3336,NC_001612,False,Picornaviridae Enterovirus A,97.6431,CV-A16,100.0,CV-A16,100.0,B1b,97.0
MW197228,2445,891,3336,NC_001612,False,Picornaviridae Enterovirus A,97.08193,CV-A16,100.0,CV-A16,100.0,B1b,96.0
MW197229,2445,885,3330,NC_001612,False,Picornaviridae Enterovirus A,97.17514,CV-A16,100.0,CV-A16,100.0,B1b,100.0
MW197230,2445,891,3336,NC_001612,False,Picornaviridae Enterovirus A,96.85747,CV-A16,100.0,CV-A16,100.0,B1b,98.0
MW197231,2445,891,3336,NC_001612,False,Picornaviridae Enterovirus A,97.19417,CV-A16,100.0,CV-A16,100.0,B1b,99.0
MW197232,2445,891,3336,NC_001612,False,Picornaviridae Enterovirus A,97.08193,CV-A16,100.0,CV-A16,100.0,B1b,97.0
MW197233,2445,891,3336,NC_001612,False,Picornaviridae Enterovirus A,98.54097,CV-A16,100.0,CV-A16,100.0,B1b,97.0
MW197234,2445,891,3336,NC_001612,False,Picornaviridae Enterovirus A,97.75533,CV-A16,100.0,CV-A16,100.0,B1b,98.0
MW197235,2445,891,3336,NC_001612,False,Picornaviridae Enterovirus A,97.75533,CV-A16,100.0,CV-A16,100.0,B1b,97.0
MW197236,2445,891,3336,NC_001612,False,Picornaviridae Enterovirus A,98.54097,CV-A16,100.0,CV-A16,100.0,B1b,99.0
MW197237,2445,891,3336,NC_001612,False,Picornaviridae Enterovirus A,97.53087,CV-A16,100.0,CV-A16,100.0,B1b,98.0
MW197238,2445,891,3336,NC_001612,False,Picornaviridae Enterovirus A,98.428734,CV-A16,100.0,CV-A16,100.0,B1b,98.0
MW197239,2445,891,3336,NC_001612,False,Picornaviridae Enterovirus A,98.20427,CV-A16,100.0,CV-A16,100.0,B1b,99.0
MW197240,2445,891,3336,NC_001612,False,Picornaviridae Enterovirus A,97.19417,CV-A16,100.0,CV-A16,100.0,B1b,99.0
MW197241,2445,891,3336,NC_001612,False,Picornaviridae Enterovirus A,98.20427,CV-A16,100.0,CV-A16,100.0,B1b,99.0
MW197242,2445,884,3329,NC_001612,False,Picornaviridae Enterovirus A,97.9638,CV-A16,100.0,CV-A16,100.0,B1b,99.0
MW197243,2445,891,3336,NC_001612,False,Picornaviridae Enterovirus A,97.86757,CV-A16,100.0,CV-A16,100.0,B1b,99.0
MW197244,2445,891,3336,NC_001612,False,Picornaviridae Enterovirus A,98.3165,CV-A16,100.0,CV-A16,100.0,B1b,97.0
MW197245,2445,891,3336,NC_001612,False,Picornaviridae Enterovirus A,97.86757,CV-A16,100.0,CV-A16,100.0,B1b,100.0
MW197246,2445,891,3336,NC_001612,False,Picornaviridae Enterovirus A,98.54097,CV-A16,100.0,CV-A16,100.0,B1b,97.0
MW197247,2445,891,3336,NC_001612,False,Picornaviridae Enterovirus A,98.54097,CV-A16,100.0,CV-A16,100.0,B1b,99.0
MW197248,2445,891,3336,NC_001612,False,Picornaviridae Enterovirus A,98.54097,CV-A16,100.0,CV-A16,100.0,B1b,100.0
MW197249,2445,891,3336,NC_001612,False,Picornaviridae Enterovirus A,97.75533,CV-A16,100.0,CV-A16,100.0,B1b,97.0
MW197250,2445,891,3336,NC_001612,False,Picornaviridae Enterovirus A,97.3064,CV-A16,100.0,CV-A16,100.0,B1b,97.0
MW197251,2445,891,3336,NC_001612,False,Picornaviridae Enterovirus A,98.54097,CV-A16,100.0,CV-A16,100.0,B1b,100.0
MW197252,2445,891,3336,NC_001612,False,Picornaviridae Enterovirus A,97.3064,CV-A16,100.0,CV-A16,100.0,B1b,100.0
MW197253,2445,891,3336,NC_001612,False,Picornaviridae Enterovirus A,96.85747,CV-A16,100.0,CV-A16,100.0,B1b,98.0
MW197254,2445,891,3336,NC_001612,False,Picornaviridae Enterovirus A,97.75533,CV-A16,100.0,CV-A16,100.0,B1b,98.0
MW197255,2445,891,3336,NC_001612,False,Picornaviridae Enterovirus A,96.40853,CV-A16,100.0,CV-A16,100.0,B1b,96.0
MW197256,2445,891,3336,NC_001612,False,Picornaviridae Enterovirus A,96.40853,CV-A16,100.0,CV-A16,100.0,B1b,98.0
MW197257,2445,891,3336,NC_001612,False,Picornaviridae Enterovirus A,98.3165,CV-A16,100.0,CV-A16,100.0,B1b,99.0
MW197258,2445,891,3336,NC_001612,False,Picornaviridae Enterovirus A,97.08193,CV-A16,100.0,CV-A16,100.0,B1b,97.0
MW197259,2445,891,3336,NC_001612,False,Picornaviridae Enterovirus A,97.19417,CV-A16,100.0,CV-A16,100.0,B1b,97.0
MW197260,2445,891,3336,NC_001612,False,Picornaviridae Enterovirus A,98.20427,CV-A16,100.0,CV-A16,100.0,B1b,98.0
MW197261,2445,891,3336,NC_001612,False,Picornaviridae Enterovirus A,97.08193,CV-A16,100.0,CV-A16,100.0,B1b,95.0
MW197262,2445,891,3336,NC_001612,False,Picornaviridae Enterovirus A,97.19417,CV-A16,100.0,CV-A16,100.0,B1b,97.0
MW197263,2445,891,3336,NC_001612,False,Picornaviridae Enterovirus A,97.08193,CV-A16,100.0,CV-A16,100.0,B1b,98.0
MW197264,2445,891,3336,NC_001612,False,Picornaviridae Enterovirus A,98.20427,CV-A16,100.0,CV-A16,100.0,B1b,98.0
MW197265,2445,891,3336,NC_001612,False,Picornaviridae Enterovirus A,97.53087,CV-A16,100.0,CV-A16,100.0,B1b,99.0
MW197266,2445,891,3336,NC_001612,False,Picornaviridae Enterovirus A,97.6431,CV-A16,100.0,CV-A16,100.0,B1b,97.0
MW197267,2445,891,3336,NC_001612,False,Picornaviridae Enterovirus A,97.9798,CV-A16,100.0,CV-A16,100.0,B1b,99.0
MW197268,2445,891,3336,NC_001612,False,Picornaviridae Enterovirus A,97.53087,CV-A16,100.0,CV-A16,100.0,B1b,99.0
MW197269,2445,891,3336,NC_001612,False,Picornaviridae Enterovirus A,98.428734,CV-A16,100.0,CV-A16,100.0,B1b,99.0
MW197270,2445,891,3336,NC_001612,False,Picornaviridae Enterovirus A,97.19417,CV-A16,100.0,CV-A16,100.0,B1b,98.0
MW197271,2445,891,3336,NC_001612,False,Picornaviridae Enterovirus A,98.20427,CV-A16,100.0,CV-A16,100.0,B1b,99.0
MW197272,2445,891,3336,NC_001612,False,Picornaviridae Enterovirus A,97.19417,CV-A16,100.0,CV-A16,100.0,B1b,99.0
MW197273,2445,891,3336,NC_001612,False,Picornaviridae Enterovirus A,98.20427,CV-A16,100.0,CV-A16,100.0,B1b,97.0
MW197274,2445,884,3329,NC_001612,False,Picornaviridae Enterovirus A,97.9638,CV-A16,100.0,CV-A16,100.0,B1b,100.0
MW197275,2445,891,3336,NC_001612,False,Picornaviridae Enterovirus A,98.428734,CV-A16,100.0,CV-A16,100.0,B1b,97.0
MW197276,2445,891,3336,NC_001612,False,Picornaviridae Enterovirus A,97.86757,CV-A16,100.0,CV-A16,100.0,B1b,98.0
MW197277,2445,891,3336,NC_001612,False,Picornaviridae Enterovirus A,98.3165,CV-A16,100.0,CV-A16,100.0,B1b,98.0
MW197278,2445,891,3336,NC_001612,False,Picornaviridae Enterovirus A,98.54097,CV-A16,100.0,CV-A16,100.0,B1b,100.0
MW197279,2445,891,3336,NC_001612,False,Picornaviridae Enterovirus A,98.54097,CV-A16,100.0,CV-A16,100.0,B1b,96.0
MW197280,2445,891,3336,NC_001612,False,Picornaviridae Enterovirus A,98.3165,CV-A16,100.0,CV-A16,100.0,B1b,98.0
MW197281,2445,891,3336,NC_001612,False,Picornaviridae Enterovirus A,97.86757,CV-A16,100.0,CV-A16,100.0,B1b,99.0
MW197282,2445,891,3336,NC_001612,False,Picornaviridae Enterovirus A,98.54097,CV-A16,100.0,CV-A16,100.0,B1b,99.0
MW197283,2445,891,3336,NC_001612,False,Picornaviridae Enterovirus A,98.54097,CV-A16,100.0,CV-A16,100.0,B1b,98.0
MW197284,2445,891,3336,NC_001612,False,Picornaviridae Enterovirus A,98.54097,CV-A16,100.0,CV-A16,100.0,B1b,98.0
MW197285,2445,891,3336,NC_001612,False,Picornaviridae Enterovirus A,97.75533,CV-A16,100.0,CV-A16,100.0,B1b,99.0
MW197286,2445,891,3336,NC_001612,False,Picornaviridae Enterovirus A,97.9798,CV-A16,100.0,CV-A16,100.0,B1b,97.0
MW197287,2445,891,3336,NC_001612,False,Picornaviridae Enterovirus A,97.53087,CV-A16,100.0,CV-A16,100.0,B1b,98.0
MW197288,2445,891,3336,NC_001612,False,Picornaviridae Enterovirus A,96.969696,CV-A16,100.0,CV-A16,100.0,B1b,98.0
MW197289,2445,891,3336,NC_001612,False,Picornaviridae Enterovirus A,96.85747,CV-A16,100.0,CV-A16,100.0,B1b,98.0
MW197290,2445,891,3336,NC_001612,False,Picornaviridae Enterovirus A,97.6431,CV-A16,100.0,CV-A16,100.0,B1b,98.0
MW197291,2445,891,3336,NC_001612,False,Picornaviridae Enterovirus A,97.303375,CV-A16,100.0,CV-A16,100.0,B1b,100.0
MW197292,2445,891,3336,NC_001612,False,Picornaviridae Enterovirus A,97.19417,CV-A16,100.0,CV-A16,100.0,B1b,100.0
MW197293,2445,891,3336,NC_001612,False,Picornaviridae Enterovirus A,97.41863,CV-A16,100.0,CV-A16,100.0,B1b,100.0
MW197295,2445,891,3336,NC_001612,False,Picornaviridae Enterovirus A,97.3064,CV-A16,100.0,CV-A16,100.0,B1b,99.0
MW197296,2445,891,3336,NC_001612,False,Picornaviridae Enterovirus A,97.08193,CV-A16,100.0,CV-A16,100.0,B1b,99.0
MW197297,2445,891,3336,NC_001612,False,Picornaviridae Enterovirus A,97.08193,CV-A16,100.0,CV-A16,100.0,B1b,100.0
MW197298,2445,891,3336,NC_001612,False,Picornaviridae Enterovirus A,96.85747,CV-A16,100.0,CV-A16,100.0,B1b,99.0
MW197299,2445,891,3336,NC_001612,False,Picornaviridae Enterovirus A,96.85747,CV-A16,100.0,CV-A16,100.0,B1b,97.0
MW197300,2445,891,3336,NC_001612,False,Picornaviridae Enterovirus A,96.85747,CV-A16,100.0,CV-A16,100.0,B1b,98.0
MW197301,2445,891,3336,NC_001612,False,Picornaviridae Enterovirus A,97.08193,CV-A16,100.0,CV-A16,100.0,B1b,98.0
MW197302,2445,891,3336,NC_001612,False,Picornaviridae Enterovirus A,97.3064,CV-A16,100.0,CV-A16,100.0,B1b,98.0
MW197303,2445,891,3336,NC_001612,False,Picornaviridae Enterovirus A,96.74523,CV-A16,100.0,CV-A16,100.0,B1b,100.0
MW197304,2445,891,3336,NC_001612,False,Picornaviridae Enterovirus A,98.54097,CV-A16,100.0,CV-A16,100.0,B1b,99.0
MW197305,2445,891,3336,NC_001612,False,Picornaviridae Enterovirus A,97.3064,CV-A16,100.0,CV-A16,100.0,B1b,99.0
MW197306,2445,891,3336,NC_001612,False,Picornaviridae Enterovirus A,98.20427,CV-A16,100.0,CV-A16,100.0,B1b,96.0
MW197307,2445,891,3336,NC_001612,False,Picornaviridae Enterovirus A,97.19417,CV-A16,100.0,CV-A16,100.0,B1b,96.0
MW197308,2445,891,3336,NC_001612,False,Picornaviridae Enterovirus A,97.3064,CV-A16,100.0,CV-A16,100.0,B1b,96.0
MW197309,2445,891,3336,NC_001612,False,Picornaviridae Enterovirus A,97.6431,CV-A16,100.0,CV-A16,100.0,B1b,100.0
MW197310,2445,891,3336,NC_001612,False,Picornaviridae Enterovirus A,97.53087,CV-A16,100.0,CV-A16,100.0,B1b,98.0
MW197311,2445,891,3336,NC_001612,False,Picornaviridae Enterovirus A,98.428734,CV-A16,100.0,CV-A16,100.0,B1b,98.0
MW197312,2445,891,3336,NC_001612,False,Picornaviridae Enterovirus A,97.9798,CV-A16,100.0,CV-A16,100.0,B1b,98.0
MW197313,2445,891,3336,NC_001612,False,Picornaviridae Enterovirus A,97.9798,CV-A16,100.0,CV-A16,100.0,B1b,96.0
MW197314,2445,891,3336,NC_001612,False,Picornaviridae Enterovirus A,98.09203,CV-A16,100.0,CV-A16,100.0,B1b,100.0
MW197315,2445,891,3336,NC_001612,False,Picornaviridae Enterovirus A,97.08193,CV-A16,100.0,CV-A16,100.0,B1b,98.0
MW197316,2445,891,3336,NC_001612,False,Picornaviridae Enterovirus A,97.6431,CV-A16,100.0,CV-A16,100.0,B1b,98.0
MW197317,2445,891,3336,NC_001612,False,Picornaviridae Enterovirus A,97.19417,CV-A16,100.0,CV-A16,100.0,B1b,99.0
MW197318,2445,891,3336,NC_001612,False,Picornaviridae Enterovirus A,98.09203,CV-A16,100.0,CV-A16,100.0,B1b,99.0
MW197319,2445,891,3336,NC_001612,False,Picornaviridae Enterovirus A,97.08193,CV-A16,100.0,CV-A16,100.0,B1b,98.0
MW197321,2445,891,3336,NC_001612,False,Picornaviridae Enterovirus A,97.53087,CV-A16,100.0,CV-A16,100.0,B1b,98.0
MW197322,2445,891,3336,NC_001612,False,Picornaviridae Enterovirus A,96.969696,CV-A16,100.0,CV-A16,100.0,B1b,98.0
MW197323,2445,891,3336,NC_001612,False,Picornaviridae Enterovirus A,96.969696,CV-A16,100.0,CV-A16,100.0,B1b,99.0
MW197324,2445,891,3336,NC_001612,False,Picornaviridae Enterovirus A,97.53087,CV-A16,100.0,CV-A16,100.0,B1b,100.0
MW197325,2445,891,3336,NC_001612,False,Picornaviridae Enterovirus A,96.85747,CV-A16,100.0,CV-A16,100.0,B1b,97.0
MW197326,2445,891,3336,NC_001612,False,Picornaviridae Enterovirus A,97.08193,CV-A16,100.0,CV-A16,100.0,B1b,94.0
MW197327,2445,891,3336,NC_001612,False,Picornaviridae Enterovirus A,96.85747,CV-A16,100.0,CV-A16,100.0,B1b,99.0
MW197328,2445,891,3336,NC_001612,False,Picornaviridae Enterovirus A,97.3064,CV-A16,100.0,CV-A16,100.0,B1b,97.0
MW197329,2445,891,3336,NC_001612,False,Picornaviridae Enterovirus A,97.19417,CV-A16,100.0,CV-A16,100.0,B1b,97.0
MW197330,2445,891,3336,NC_001612,False,Picornaviridae Enterovirus A,96.40853,CV-A16,100.0,CV-A16,100.0,B1b,98.0
MW197331,2445,891,3336,NC_001612,False,Picornaviridae Enterovirus A,96.85747,CV-A16,100.0,CV-A16,100.0,B1b,98.0
MW197332,2445,891,3336,NC_001612,False,Picornaviridae Enterovirus A,96.74523,CV-A16,100.0,CV-A16,100.0,B1b,97.0
MW197333,2445,891,3336,NC_001612,False,Picornaviridae Enterovirus A,92.368126,CV-A16,100.0,CV-A16,100.0,B1c,95.0
MW197334,2445,891,3336,NC_001612,False,Picornaviridae Enterovirus A,96.74523,CV-A16,100.0,CV-A16,100.0,B1b,97.0
MW197335,2445,891,3336,NC_001612,False,Picornaviridae Enterovirus A,96.52077,CV-A16,100.0,CV-A16,100.0,B1b,96.0
MW197336,2445,891,3336,NC_001612,False,Picornaviridae Enterovirus A,96.632996,CV-A16,100.0,CV-A16,100.0,B1b,97.0
MW197337,2445,891,3336,NC_001612,False,Picornaviridae Enterovirus A,94.943825,CV-A16,100.0,CV-A16,100.0,B1a,84.0
MW197338,2445,891,3336,NC_001612,False,Picornaviridae Enterovirus A,97.53087,CV-A16,100.0,CV-A16,100.0,B1b,99.0
MW197339,2445,891,3336,NC_001612,False,Picornaviridae Enterovirus A,98.20427,CV-A16,100.0,CV-A16,100.0,B1b,100.0
MW197340,2445,891,3336,NC_001612,False,Picornaviridae Enterovirus A,98.09203,CV-A16,100.0,CV-A16,100.0,B1b,98.0
MW197341,2445,891,3336,NC_001612,False,Picornaviridae Enterovirus A,96.74523,CV-A16,100.0,CV-A16,100.0,B1b,94.0
MW197342,2445,891,3336,NC_001612,False,Picornaviridae Enterovirus A,96.85747,CV-A16,100.0,CV-A16,100.0,B1b,100.0
MW197343,2445,891,3336,NC_001612,False,Picornaviridae Enterovirus A,95.73513,CV-A16,100.0,CV-A16,100.0,B1b,96.0
MW197344,2445,891,3336,NC_001612,False,Picornaviridae Enterovirus A,97.86757,CV-A16,100.0,CV-A16,100.0,B1b,100.0
MW197345,2445,891,3336,NC_001612,False,Picornaviridae Enterovirus A,96.85747,CV-A16,100.0,CV-A16,100.0,B1b,99.0
MW197346,2445,891,3336,NC_001612,False,Picornaviridae Enterovirus A,96.52077,CV-A16,100.0,CV-A16,100.0,B1b,98.0
MW197347,2445,891,3336,NC_001612,False,Picornaviridae Enterovirus A,96.632996,CV-A16,100.0,CV-A16,100.0,B1b,98.0
MW197348,2445,891,3336,NC_001612,False,Picornaviridae Enterovirus A,96.40853,CV-A16,100.0,CV-A16,100.0,B1b,98.0
MW197349,2445,891,3336,NC_001612,False,Picornaviridae Enterovirus A,96.969696,CV-A16,100.0,CV-A16,100.0,B1b,98.0
MW197350,2445,891,3336,NC_001612,False,Picornaviridae Enterovirus A,94.83146,CV-A16,100.0,CV-A16,100.0,B1a,87.0
MW197351,2445,891,3336,NC_001612,False,Picornaviridae Enterovirus A,96.632996,CV-A16,100.0,CV-A16,100.0,B1b,99.0
MW197352,2445,891,3336,NC_001612,False,Picornaviridae Enterovirus A,94.943825,CV-A16,100.0,CV-A16,100.0,B1a,83.0
MW197353,2445,891,3336,NC_001612,False,Picornaviridae Enterovirus A,94.7191,CV-A16,100.0,CV-A16,100.0,B1a,86.0
MW197354,2445,891,3336,NC_001612,False,Picornaviridae Enterovirus A,96.632996,CV-A16,100.0,CV-A16,100.0,B1b,96.0
MW197355,2445,891,3336,NC_001612,False,Picornaviridae Enterovirus A,96.52077,CV-A16,100.0,CV-A16,100.0,B1b,99.0
MW197356,2445,891,3336,NC_001612,False,Picornaviridae Enterovirus A,96.74523,CV-A16,100.0,CV-A16,100.0,B1b,99.0
MW197357,2445,891,3336,NC_001612,False,Picornaviridae Enterovirus A,97.41863,CV-A16,100.0,CV-A16,100.0,B1b,100.0
MW197358,2445,891,3336,NC_001612,False,Picornaviridae Enterovirus A,94.943825,CV-A16,100.0,CV-A16,100.0,B1a,84.0
MW197359,2445,891,3336,NC_001612,False,Picornaviridae Enterovirus A,96.969696,CV-A16,100.0,CV-A16,100.0,B1b,97.0
MW197360,2445,891,3336,NC_001612,False,Picornaviridae Enterovirus A,96.74523,CV-A16,100.0,CV-A16,100.0,B1b,97.0
MW197361,2445,891,3336,NC_001612,False,Picornaviridae Enterovirus A,96.40853,CV-A16,100.0,CV-A16,100.0,B1b,97.0
MW197362,2445,891,3336,NC_001612,False,Picornaviridae Enterovirus A,96.632996,CV-A16,100.0,CV-A16,100.0,B1b,98.0
MW197363,2445,891,3336,NC_001612,False,Picornaviridae Enterovirus A,96.40853,CV-A16,100.0,CV-A16,100.0,B1b,98.0
MW197364,2445,891,3336,NC_001612,False,Picornaviridae Enterovirus A,94.83146,CV-A16,100.0,CV-A16,100.0,B1a,90.0
MW197365,2445,891,3336,NC_001612,False,Picornaviridae Enterovirus A,96.85747,CV-A16,100.0,CV-A16,100.0,B1b,99.0
MW197366,2445,891,3336,NC_001612,False,Picornaviridae Enterovirus A,96.74523,CV-A16,100.0,CV-A16,100.0,B1b,98.0
MW197367,2445,891,3336,NC_001612,False,Picornaviridae Enterovirus A,97.3064,CV-A16,100.0,CV-A16,100.0,B1b,98.0
MW197368,2445,891,3336,NC_001612,False,Picornaviridae Enterovirus A,96.52077,CV-A16,100.0,CV-A16,100.0,B1b,100.0
MW197369,2445,891,3336,NC_001612,False,Picornaviridae Enterovirus A,94.943825,CV-A16,100.0,CV-A16,100.0,B1a,82.0
MW197370,2445,891,3336,NC_001612,False,Picornaviridae Enterovirus A,96.74523,CV-A16,100.0,CV-A16,100.0,B1b,99.0
MW197371,2445,891,3336,NC_001612,False,Picornaviridae Enterovirus A,96.40853,CV-A16,100.0,CV-A16,100.0,B1b,98.0
MW197372,2445,891,3336,NC_001612,False,Picornaviridae Enterovirus A,94.83146,CV-A16,100.0,CV-A16,100.0,B1a,88.0
MW197373,2445,891,3336,NC_001612,False,Picornaviridae Enterovirus A,96.07183,CV-A16,100.0,CV-A16,100.0,B1b,98.0
MW197374,2445,891,3336,NC_001612,False,Picornaviridae Enterovirus A,94.83146,CV-A16,100.0,CV-A16,100.0,B1a,81.0
MW197375,2445,891,3336,NC_001612,False,Picornaviridae Enterovirus A,96.632996,CV-A16,100.0,CV-A16,100.0,B1b,99.0
MW197376,2445,891,3336,NC_001612,False,Picornaviridae Enterovirus A,97.75533,CV-A16,100.0,CV-A16,100.0,B1b,99.0
MW197377,2445,891,3336,NC_001612,False,Picornaviridae Enterovirus A,96.296295,CV-A16,100.0,CV-A16,100.0,B1b,100.0
MW197378,2445,891,3336,NC_001612,False,Picornaviridae Enterovirus A,96.40853,CV-A16,100.0,CV-A16,100.0,B1b,99.0
MW197379,2445,891,3336,NC_001612,False,Picornaviridae Enterovirus A,96.74523,CV-A16,100.0,CV-A16,100.0,B1b,99.0
MW197381,2445,891,3336,NC_001612,False,Picornaviridae Enterovirus A,96.296295,CV-A16,100.0,CV-A16,100.0,B1b,96.0
MW197382,2445,891,3336,NC_001612,False,Picornaviridae Enterovirus A,96.632996,CV-A16,100.0,CV-A16,100.0,B1b,97.0
MW197383,2445,891,3336,NC_001612,False,Picornaviridae Enterovirus A,96.74523,CV-A16,100.0,CV-A16,100.0,B1b,95.0
MW197384,2445,891,3336,NC_001612,False,Picornaviridae Enterovirus A,96.632996,CV-A16,100.0,CV-A16,100.0,B1b,98.0
MW197386,2445,891,3336,NC_001612,False,Picornaviridae Enterovirus A,96.40853,CV-A16,100.0,CV-A16,100.0,B1b,100.0
MW197388,2445,891,3336,NC_001612,False,Picornaviridae Enterovirus A,97.75533,CV-A16,100.0,CV-A16,100.0,B1b,97.0
MW197389,2445,891,3336,NC_001612,False,Picornaviridae Enterovirus A,96.632996,CV-A16,100.0,CV-A16,100.0,B1b,96.0
MW197390,2445,891,3336,NC_001612,False,Picornaviridae Enterovirus A,97.86757,CV-A16,100.0,CV-A16,100.0,B1b,100.0
MW197391,2445,891,3336,NC_001612,False,Picornaviridae Enterovirus A,96.296295,CV-A16,100.0,CV-A16,100.0,B1b,98.0
MW197392,2445,891,3336,NC_001612,False,Picornaviridae Enterovirus A,94.83146,CV-A16,100.0,CV-A16,100.0,B1a,80.0
MW197393,2445,891,3336,NC_001612,False,Picornaviridae Enterovirus A,96.18407,CV-A16,100.0,CV-A16,100.0,B1b,100.0
MW197394,2445,891,3336,NC_001612,False,Picornaviridae Enterovirus A,97.07865,CV-A16,100.0,CV-A16,100.0,B1b,95.0
MW197395,2445,891,3336,NC_001612,False,Picornaviridae Enterovirus A,96.632996,CV-A16,100.0,CV-A16,100.0,B1b,97.0
MW197396,2445,891,3336,NC_001612,False,Picornaviridae Enterovirus A,96.632996,CV-A16,100.0,CV-A16,100.0,B1b,98.0
MW197398,2445,891,3336,NC_001612,False,Picornaviridae Enterovirus A,96.62921,CV-A16,100.0,CV-A16,100.0,B1b,98.0
MW197400,2445,891,3336,NC_001612,False,Picornaviridae Enterovirus A,93.93259,CV-A16,100.0,CV-A16,100.0,B1a,83.0
MW197401,2445,891,3336,NC_001612,False,Picornaviridae Enterovirus A,96.52077,CV-A16,100.0,CV-A16,100.0,B1b,100.0
MW197402,2445,891,3336,NC_001612,False,Picornaviridae Enterovirus A,96.296295,CV-A16,100.0,CV-A16,100.0,B1b,98.0
MW197403,2445,891,3336,NC_001612,False,Picornaviridae Enterovirus A,96.40853,CV-A16,100.0,CV-A16,100.0,B1b,99.0
MW197404,2445,891,3336,NC_001612,False,Picornaviridae Enterovirus A,96.296295,CV-A16,100.0,CV-A16,100.0,B1b,98.0
MW197405,2445,891,3336,NC_001612,False,Picornaviridae Enterovirus A,96.296295,CV-A16,100.0,CV-A16,100.0,B1b,99.0
MW197406,2445,891,3336,NC_001612,False,Picornaviridae Enterovirus A,96.52077,CV-A16,100.0,CV-A16,100.0,B1b,97.0
MW197407,2445,891,3336,NC_001612,False,Picornaviridae Enterovirus A,96.40853,CV-A16,100.0,CV-A16,100.0,B1b,98.0
MW197408,2445,891,3336,NC_001612,False,Picornaviridae Enterovirus A,96.40853,CV-A16,100.0,CV-A16,100.0,B1b,98.0
MW462132,2445,891,3336,NC_001612,False,Picornaviridae Enterovirus A,98.54097,CV-A16,100.0,CV-A16,100.0,B1b,97.0
MW462133,2445,891,3336,NC_001612,False,Picornaviridae Enterovirus A,98.87767,CV-A16,100.0,CV-A16,100.0,B1b,97.0
MW462134,2445,891,3336,NC_001612,False,Picornaviridae Enterovirus A,97.9798,CV-A16,100.0,CV-A16,100.0,B1b,99.0
MW462135,2445,891,3336,NC_001612,False,Picornaviridae Enterovirus A,99.102135,CV-A16,100.0,CV-A16,100.0,B1b,100.0
MW462136,2445,891,3336,NC_001612,False,Picornaviridae Enterovirus A,98.54097,CV-A16,100.0,CV-A16,100.0,B1b,96.0
MW462137,2445,891,3336,NC_001612,False,Picornaviridae Enterovirus A,98.6532,CV-A16,100.0,CV-A16,100.0,B1b,96.0
MW462138,2445,891,3336,NC_001612,False,Picornaviridae Enterovirus A,99.21436,CV-A16,100.0,CV-A16,100.0,B1b,98.0
MW462139,2445,891,3336,NC_001612,False,Picornaviridae Enterovirus A,98.54097,CV-A16,100.0,CV-A16,100.0,B1b,99.0
MW462140,2445,891,3336,NC_001612,False,Picornaviridae Enterovirus A,98.09203,CV-A16,100.0,CV-A16,100.0,B1b,99.0
MW462141,2445,891,3336,NC_001612,False,Picornaviridae Enterovirus A,98.765434,CV-A16,100.0,CV-A16,100.0,B1b,98.0
MW462142,2445,891,3336,NC_001612,False,Picornaviridae Enterovirus A,98.6532,CV-A16,100.0,CV-A16,100.0,B1b,100.0
MW462143,2445,891,3336,NC_001612,False,Picornaviridae Enterovirus A,99.6633,CV-A16,100.0,CV-A16,100.0,B1b,97.0
MW462144,2445,891,3336,NC_001612,False,Picornaviridae Enterovirus A,98.54097,CV-A16,100.0,CV-A16,100.0,B1b,99.0
MW462145,2445,891,3336,NC_001612,False,Picornaviridae Enterovirus A,97.415726,CV-A16,100.0,CV-A16,100.0,B1b,98.0
MW462146,2445,891,3336,NC_001612,False,Picornaviridae Enterovirus A,98.87767,CV-A16,100.0,CV-A16,100.0,B1b,100.0
MW462147,2445,891,3336,NC_001612,False,Picornaviridae Enterovirus A,98.6532,CV-A16,100.0,CV-A16,100.0,B1b,99.0
MW462148,2445,891,3336,NC_001612,False,Picornaviridae Enterovirus A,97.53087,CV-A16,100.0,CV-A16,100.0,B1b,100.0
MW462149,2445,891,3336,NC_001612,False,Picornaviridae Enterovirus A,98.20427,CV-A16,100.0,CV-A16,100.0,B1b,97.0
MW462150,2445,891,3336,NC_001612,False,Picornaviridae Enterovirus A,98.765434,CV-A16,100.0,CV-A16,100.0,B1b,96.0
MW462151,2445,891,3336,NC_001612,False,Picornaviridae Enterovirus A,98.20427,CV-A16,100.0,CV-A16,100.0,B1b,96.0
MW462152,2445,891,3336,NC_001612,False,Picornaviridae Enterovirus A,97.41863,CV-A16,100.0,CV-A16,100.0,B1a,82.0
MW462153,2445,891,3336,NC_001612,False,Picornaviridae Enterovirus A,97.75533,CV-A16,100.0,CV-A16,100.0,B1a,88.0
MW462154,2445,891,3336,NC_001612,False,Picornaviridae Enterovirus A,97.08193,CV-A16,100.0,CV-A16,100.0,B1a,85.0
MW462155,2445,891,3336,NC_001612,False,Picornaviridae Enterovirus A,97.86757,CV-A16,100.0,CV-A16,100.0,B1b,99.0
MW462156,2445,891,3336,NC_001612,False,Picornaviridae Enterovirus A,99.102135,CV-A16,100.0,CV-A16,100.0,B1b,98.0
MW462157,2445,891,3336,NC_001612,False,Picornaviridae Enterovirus A,97.3064,CV-A16,100.0,CV-A16,100.0,B1a,85.0
MW462158,2445,891,3336,NC_001612,False,Picornaviridae Enterovirus A,98.87767,CV-A16,100.0,CV-A16,100.0,B1b,100.0
MW462159,2445,891,3336,NC_001612,False,Picornaviridae Enterovirus A,98.3165,CV-A16,100.0,CV-A16,100.0,B1b,100.0
MW462160,2445,891,3336,NC_001612,False,Picornaviridae Enterovirus A,98.6532,CV-A16,100.0,CV-A16,100.0,B1b,100.0
MW462161,2445,891,3336,NC_001612,False,Picornaviridae Enterovirus A,98.54097,CV-A16,100.0,CV-A16,100.0,B1a,80.0
MW462162,2445,891,3336,NC_001612,False,Picornaviridae Enterovirus A,99.3266,CV-A16,100.0,CV-A16,100.0,B1b,100.0
MW462163,2445,891,3336,NC_001612,False,Picornaviridae Enterovirus A,99.55106,CV-A16,100.0,CV-A16,100.0,B1b,98.0
MW462164,2445,891,3336,NC_001612,False,Picornaviridae Enterovirus A,98.54097,CV-A16,100.0,CV-A16,100.0,B1b,98.0
MW462165,2445,891,3336,NC_001612,False,Picornaviridae Enterovirus A,95.73513,CV-A16,100.0,CV-A16,100.0,B1b,97.0
MW462166,2445,891,3336,NC_001612,False,Picornaviridae Enterovirus A,95.622894,CV-A16,100.0,CV-A16,100.0,B1b,98.0
MW462167,2445,891,3336,NC_001612,False,Picornaviridae Enterovirus A,98.54097,CV-A16,100.0,CV-A16,100.0,B1b,95.0
MW713444,0,7404,7414,NC_001612,False,Picornaviridae Enterovirus A,96.86741,CV-A16,100.0,CV-A16,100.0,B1b,99.0
MW999227,663,6336,7000,NC_001612,False,Picornaviridae Enterovirus A,95.26515,CV-A16,100.0,CV-A16,100.0,B1a,83.0
MW999228,660,6337,7000,NC_001612,False,Picornaviridae Enterovirus A,95.217804,CV-A16,100.0,CV-A16,100.0,B1a,80.0
MW999229,660,6337,7000,NC_001612,False,Picornaviridae Enterovirus A,95.217804,CV-A16,100.0,CV-A16,100.0,B1a,86.0
MW999230,660,6337,7000,NC_001612,False,Picornaviridae Enterovirus A,94.981064,CV-A16,100.0,CV-A16,100.0,B1a,83.0
MW999231,660,6337,7000,NC_001612,False,Picornaviridae Enterovirus A,95.059975,CV-A16,100.0,CV-A16,100.0,B1a,82.0
MW999232,660,6337,7000,NC_001612,False,Picornaviridae Enterovirus A,95.15467,CV-A16,100.0,CV-A16,100.0,B1a,84.0
MW999233,660,6337,7000,NC_001612,False,Picornaviridae Enterovirus A,95.801765,CV-A16,100.0,CV-A16,100.0,B1a,92.0
MW999234,660,6337,7000,NC_001612,False,Picornaviridae Enterovirus A,94.69697,CV-A16,100.0,CV-A16,100.0,B1a,88.0
MW999235,660,6337,7000,NC_001612,False,Picornaviridae Enterovirus A,94.14457,CV-A16,100.0,CV-A16,100.0,B1a,86.0
MW999236,660,6337,7000,NC_001612,False,Picornaviridae Enterovirus A,94.397095,CV-A16,100.0,CV-A16,100.0,B1a,83.0
MW999237,660,6337,7000,NC_001612,False,Picornaviridae Enterovirus A,94.507576,CV-A16,100.0,CV-A16,100.0,B1a,81.0
MW999238,660,6337,7000,NC_001612,False,Picornaviridae Enterovirus A,94.744316,CV-A16,100.0,CV-A16,100.0,B1a,81.0
MW999240,660,6337,7000,NC_001612,False,Picornaviridae Enterovirus A,94.68118,CV-A16,100.0,CV-A16,100.0,B1a,83.0
MW999241,660,6337,7000,NC_001612,False,Picornaviridae Enterovirus A,94.83901,CV-A16,100.0,CV-A16,100.0,B1a,81.0
MW999242,660,6337,7000,NC_001612,False,Picornaviridae Enterovirus A,94.88636,CV-A16,100.0,CV-A16,100.0,B1a,82.0
MW999243,660,6337,7000,NC_001612,False,Picornaviridae Enterovirus A,95.059975,CV-A16,100.0,CV-A16,100.0,B1a,84.0
MW999244,660,6337,7000,NC_001612,False,Picornaviridae Enterovirus A,94.79249,CV-A16,100.0,CV-A16,100.0,B1a,86.0
MW999246,660,6337,7000,NC_001612,False,Picornaviridae Enterovirus A,95.15467,CV-A16,100.0,CV-A16,100.0,B1a,84.0
MW999247,660,6337,7000,NC_001612,False,Picornaviridae Enterovirus A,95.15467,CV-A16,100.0,CV-A16,100.0,B1a,82.0
MW999248,660,6337,7000,NC_001612,False,Picornaviridae Enterovirus A,94.19192,CV-A16,100.0,CV-A16,100.0,B1a,86.0
MW999249,660,6337,7000,NC_001612,False,Picornaviridae Enterovirus A,94.3024,CV-A16,100.0,CV-A16,100.0,B1a,80.0
MW999250,660,6337,7000,NC_001612,False,Picornaviridae Enterovirus A,94.36553,CV-A16,100.0,CV-A16,100.0,B1a,86.0
MW999251,660,6337,7000,NC_001612,False,Picornaviridae Enterovirus A,94.33396,CV-A16,100.0,CV-A16,100.0,B1a,82.0
MW999253,660,6337,7000,NC_001612,False,Picornaviridae Enterovirus A,94.94949,CV-A16,100.0,CV-A16,100.0,B1a,86.0
MW999254,660,6337,7000,NC_001612,False,Picornaviridae Enterovirus A,94.68034,CV-A16,100.0,CV-A16,100.0,B1a,90.0
MW999259,660,6337,7000,NC_001612,False,Picornaviridae Enterovirus A,94.633835,CV-A16,100.0,CV-A16,100.0,B1a,84.0
MW999260,660,6337,7000,NC_001612,False,Picornaviridae Enterovirus A,94.618904,CV-A16,100.0,CV-A16,100.0,B1a,83.0
MW999261,660,6337,7000,NC_001612,False,Picornaviridae Enterovirus A,95.01263,CV-A16,100.0,CV-A16,100.0,B1a,84.0
MW999263,660,6337,7000,NC_001612,False,Picornaviridae Enterovirus A,94.823235,CV-A16,100.0,CV-A16,100.0,B1a,85.0
MW999264,660,6337,7000,NC_001612,False,Picornaviridae Enterovirus A,94.87058,CV-A16,100.0,CV-A16,100.0,B1a,82.0
MW999265,660,6337,7000,NC_001612,False,Picornaviridae Enterovirus A,94.981064,CV-A16,100.0,CV-A16,100.0,B1a,88.0
MW999266,660,6337,7000,NC_001612,False,Picornaviridae Enterovirus A,94.80745,CV-A16,100.0,CV-A16,100.0,B1a,81.0
MW999267,660,6337,7000,NC_001612,False,Picornaviridae Enterovirus A,94.77589,CV-A16,100.0,CV-A16,100.0,B1a,82.0
MW999268,660,6337,7000,NC_001612,False,Picornaviridae Enterovirus A,94.94949,CV-A16,100.0,CV-A16,100.0,B1a,91.0
MW999269,660,6337,7000,NC_001612,False,Picornaviridae Enterovirus A,95.12311,CV-A16,100.0,CV-A16,100.0,B1a,89.0
MW999273,660,6337,7000,NC_001612,False,Picornaviridae Enterovirus A,93.81313,CV-A16,100.0,CV-A16,100.0,B1a,83.0
MW999274,660,6337,7000,NC_001612,False,Picornaviridae Enterovirus A,93.82892,CV-A16,100.0,CV-A16,100.0,B1a,81.0
MW999275,660,6337,7000,NC_001612,False,Picornaviridae Enterovirus A,93.765785,CV-A16,100.0,CV-A16,100.0,B1a,83.0
MW999277,660,6337,7000,NC_001612,False,Picornaviridae Enterovirus A,94.04987,CV-A16,100.0,CV-A16,100.0,B1a,89.0
MW999278,660,6337,7000,NC_001612,False,Picornaviridae Enterovirus A,94.36553,CV-A16,100.0,CV-A16,100.0,B1a,85.0
MW999280,660,6337,7000,NC_001612,False,Picornaviridae Enterovirus A,94.60227,CV-A16,100.0,CV-A16,100.0,B1a,85.0
MW999282,660,6337,7000,NC_001612,False,Picornaviridae Enterovirus A,94.53914,CV-A16,100.0,CV-A16,100.0,B1a,80.0
MW999284,660,6337,7000,NC_001612,False,Picornaviridae Enterovirus A,94.981064,CV-A16,100.0,CV-A16,100.0,B1a,84.0
MW999287,660,6337,7000,NC_001612,False,Picornaviridae Enterovirus A,94.38132,CV-A16,100.0,CV-A16,100.0,B1a,87.0
MW999288,660,6337,7000,NC_001612,False,Picornaviridae Enterovirus A,94.8548,CV-A16,100.0,CV-A16,100.0,B1a,80.0
MW999289,660,6334,6997,NC_001612,False,Picornaviridae Enterovirus A,95.0742,CV-A16,100.0,CV-A16,100.0,B1a,80.0
MW999290,660,6338,7000,NC_001612,False,Picornaviridae Enterovirus A,94.36642,CV-A16,100.0,CV-A16,100.0,B1a,85.0
MW999291,660,6337,7000,NC_001612,False,Picornaviridae Enterovirus A,94.8548,CV-A16,100.0,CV-A16,100.0,B1a,84.0
MW999293,660,6337,7000,NC_001612,False,Picornaviridae Enterovirus A,94.80663,CV-A16,100.0,CV-A16,100.0,B1a,81.0
MW999294,660,6337,7000,NC_001612,False,Picornaviridae Enterovirus A,94.933716,CV-A16,100.0,CV-A16,100.0,B1a,85.0
MZ043537,2445,891,3336,NC_001612,False,Picornaviridae Enterovirus A,94.38203,CV-A16,100.0,CV-A16,100.0,B1a,82.0
MZ043539,2445,891,3336,NC_001612,False,Picornaviridae Enterovirus A,93.91206,CV-A16,100.0,CV-A16,100.0,B1a,80.0
MZ043545,2445,891,3336,NC_001612,False,Picornaviridae Enterovirus A,94.26966,CV-A16,100.0,CV-A16,100.0,B1a,80.0
MZ043546,2445,891,3336,NC_001612,False,Picornaviridae Enterovirus A,94.943825,CV-A16,100.0,CV-A16,100.0,B1a,87.0
MZ043547,2445,891,3336,NC_001612,False,Picornaviridae Enterovirus A,96.06741,CV-A16,100.0,CV-A16,100.0,B1a,81.0
MZ043548,2445,891,3336,NC_001612,False,Picornaviridae Enterovirus A,94.943825,CV-A16,100.0,CV-A16,100.0,B1a,86.0
MZ043550,2445,891,3336,NC_001612,False,Picornaviridae Enterovirus A,95.2809,CV-A16,100.0,CV-A16,100.0,B1a,84.0
MZ043553,2445,891,3336,NC_001612,False,Picornaviridae Enterovirus A,95.61798,CV-A16,100.0,CV-A16,100.0,B1a,83.0
MZ043554,2445,891,3336,NC_001612,False,Picornaviridae Enterovirus A,95.16853,CV-A16,100.0,CV-A16,100.0,B1a,81.0
MZ043555,2445,891,3336,NC_001612,False,Picornaviridae Enterovirus A,95.2809,CV-A16,100.0,CV-A16,100.0,B1a,85.0
MZ043556,2445,891,3336,NC_001612,False,Picornaviridae Enterovirus A,95.39326,CV-A16,100.0,CV-A16,100.0,B1a,80.0
MZ043557,2445,891,3336,NC_001612,False,Picornaviridae Enterovirus A,94.943825,CV-A16,100.0,CV-A16,100.0,B1a,89.0
MZ043558,2445,891,3336,NC_001612,False,Picornaviridae Enterovirus A,95.16853,CV-A16,100.0,CV-A16,100.0,B1a,83.0
MZ043559,2445,891,3336,NC_001612,False,Picornaviridae Enterovirus A,95.05618,CV-A16,100.0,CV-A16,100.0,B1a,88.0
MZ043560,2445,891,3336,NC_001612,False,Picornaviridae Enterovirus A,95.05618,CV-A16,100.0,CV-A16,100.0,B1a,87.0
MZ043561,2445,891,3336,NC_001612,False,Picornaviridae Enterovirus A,95.61798,CV-A16,100.0,CV-A16,100.0,B1a,82.0
MZ043562,2445,891,3336,NC_001612,False,Picornaviridae Enterovirus A,95.8427,CV-A16,100.0,CV-A16,100.0,B1a,90.0
MZ043563,2445,891,3336,NC_001612,False,Picornaviridae Enterovirus A,95.61798,CV-A16,100.0,CV-A16,100.0,B1a,84.0
MZ043564,2445,891,3336,NC_001612,False,Picornaviridae Enterovirus A,95.39326,CV-A16,100.0,CV-A16,100.0,B1a,80.0
MZ491035,-2,7382,7388,NC_001612,False,Picornaviridae Enterovirus A,92.63828,CV-A16,100.0,CV-A16,100.0,B1a,81.0
MZ491036,26,7382,7413,NC_001612,False,Picornaviridae Enterovirus A,96.72534,CV-A16,100.0,CV-A16,100.0,B1b,90.0
MZ671832,64,7333,7401,NC_001612,False,Picornaviridae Enterovirus A,98.59539,CV-A16,100.0,CV-A16,100.0,B1b,100.0
MZ671833,64,7333,7401,NC_001612,False,Picornaviridae Enterovirus A,98.622665,CV-A16,100.0,CV-A16,100.0,B1b,98.0
MZ671834,64,7333,7401,NC_001612,False,Picornaviridae Enterovirus A,98.55448,CV-A16,100.0,CV-A16,100.0,B1b,98.0
MZ671835,64,7333,7401,NC_001612,False,Picornaviridae Enterovirus A,98.60903,CV-A16,100.0,CV-A16,100.0,B1b,99.0
MZ671836,64,7334,7401,NC_001612,False,Picornaviridae Enterovirus A,98.54104,CV-A16,100.0,CV-A16,100.0,B1b,98.0
MZ671837,64,7333,7401,NC_001612,False,Picornaviridae Enterovirus A,98.80011,CV-A16,100.0,CV-A16,100.0,B1b,98.0
MZ671838,64,7334,7401,NC_001612,False,Picornaviridae Enterovirus A,97.627815,CV-A16,100.0,CV-A16,100.0,B1b,100.0
MZ671839,64,7333,7401,NC_001612,False,Picornaviridae Enterovirus A,96.93168,CV-A16,100.0,CV-A16,100.0,B1a,80.0
MZ671840,64,7333,7401,NC_001612,False,Picornaviridae Enterovirus A,96.958954,CV-A16,100.0,CV-A16,100.0,B1a,85.0
MZ671841,64,7334,7401,NC_001612,False,Picornaviridae Enterovirus A,98.200165,CV-A16,100.0,CV-A16,100.0,B1a,81.0
MZ671843,64,7334,7401,NC_001612,False,Picornaviridae Enterovirus A,98.39105,CV-A16,100.0,CV-A16,100.0,B1b,100.0
MZ671844,64,7333,7401,NC_001612,False,Picornaviridae Enterovirus A,98.24083,CV-A16,100.0,CV-A16,100.0,B1b,98.0
MZ671845,64,7333,7401,NC_001612,False,Picornaviridae Enterovirus A,98.677216,CV-A16,100.0,CV-A16,100.0,B1b,100.0
MZ671846,64,7335,7401,NC_001612,False,Picornaviridae Enterovirus A,98.44581,CV-A16,100.0,CV-A16,100.0,B1b,99.0
MZ671847,64,7333,7401,NC_001612,False,Picornaviridae Enterovirus A,98.02264,CV-A16,100.0,CV-A16,100.0,B1b,98.0
MZ671848,64,7331,7401,NC_001612,False,Picornaviridae Enterovirus A,97.77717,CV-A16,100.0,CV-A16,100.0,B1b,98.0
MZ671849,64,7333,7401,NC_001612,False,Picornaviridae Enterovirus A,98.39084,CV-A16,100.0,CV-A16,100.0,B1b,96.0
MZ671850,64,7332,7401,NC_001612,False,Picornaviridae Enterovirus A,98.8407,CV-A16,100.0,CV-A16,100.0,B1b,99.0
MZ671851,64,7332,7401,NC_001612,False,Picornaviridae Enterovirus A,99.4408,CV-A16,100.0,CV-A16,100.0,B1b,98.0
MZ671852,64,7332,7401,NC_001612,False,Picornaviridae Enterovirus A,99.27714,CV-A16,100.0,CV-A16,100.0,B1b,98.0
MZ671853,64,7333,7401,NC_001612,False,Picornaviridae Enterovirus A,97.722626,CV-A16,100.0,CV-A16,100.0,B1b,98.0
MZ671854,64,7333,7401,NC_001612,False,Picornaviridae Enterovirus A,97.422615,CV-A16,100.0,CV-A16,100.0,B1b,98.0
MZ671855,64,7333,7401,NC_001612,False,Picornaviridae Enterovirus A,98.44539,CV-A16,100.0,CV-A16,100.0,B1b,97.0
MZ671856,64,7332,7401,NC_001612,False,Picornaviridae Enterovirus A,98.39062,CV-A16,100.0,CV-A16,100.0,B1b,99.0
MZ671857,64,7332,7401,NC_001612,False,Picornaviridae Enterovirus A,98.745224,CV-A16,100.0,CV-A16,100.0,B1b,100.0
MZ671858,64,7332,7401,NC_001612,False,Picornaviridae Enterovirus A,98.44517,CV-A16,100.0,CV-A16,100.0,B1b,100.0
MZ671859,64,7332,7401,NC_001612,False,Picornaviridae Enterovirus A,98.39062,CV-A16,100.0,CV-A16,100.0,B1b,97.0
MZ671860,64,7332,7401,NC_001612,False,Picornaviridae Enterovirus A,98.03601,CV-A16,100.0,CV-A16,100.0,B1b,99.0
MZ671861,64,7332,7401,NC_001612,False,Picornaviridae Enterovirus A,96.209435,CV-A16,100.0,CV-A16,100.0,B1a,80.0
MZ671862,64,7332,7401,NC_001612,False,Picornaviridae Enterovirus A,98.308784,CV-A16,100.0,CV-A16,100.0,B1b,96.0
MZ671863,64,7333,7401,NC_001612,False,Picornaviridae Enterovirus A,98.6363,CV-A16,100.0,CV-A16,100.0,B1b,98.0
MZ671864,64,7333,7401,NC_001612,False,Picornaviridae Enterovirus A,98.622665,CV-A16,100.0,CV-A16,100.0,B1b,97.0
MZ671865,64,7332,7401,NC_001612,False,Picornaviridae Enterovirus A,98.07692,CV-A16,100.0,CV-A16,100.0,B1b,97.0
MZ671866,64,7332,7401,NC_001612,False,Picornaviridae Enterovirus A,98.47245,CV-A16,100.0,CV-A16,100.0,B1b,94.0
MZ671867,64,7332,7401,NC_001612,False,Picornaviridae Enterovirus A,96.30488,CV-A16,100.0,CV-A16,100.0,B1a,80.0
MZ671868,64,7332,7401,NC_001612,False,Picornaviridae Enterovirus A,98.308784,CV-A16,100.0,CV-A16,100.0,B1b,97.0
MZ671869,64,7332,7401,NC_001612,False,Picornaviridae Enterovirus A,98.14512,CV-A16,100.0,CV-A16,100.0,B1b,98.0
MZ671870,64,7332,7401,NC_001612,False,Picornaviridae Enterovirus A,97.926895,CV-A16,100.0,CV-A16,100.0,B1b,96.0
MZ671872,64,7332,7401,NC_001612,False,Picornaviridae Enterovirus A,97.926895,CV-A16,100.0,CV-A16,100.0,B1b,98.0
MZ671873,64,7332,7401,NC_001612,False,Picornaviridae Enterovirus A,97.84506,CV-A16,100.0,CV-A16,100.0,B1b,100.0
MZ671874,64,7332,7401,NC_001612,False,Picornaviridae Enterovirus A,98.33606,CV-A16,100.0,CV-A16,100.0,B1b,99.0
MZ671875,64,7332,7401,NC_001612,False,Picornaviridae Enterovirus A,98.13148,CV-A16,100.0,CV-A16,100.0,B1b,97.0
MZ671876,64,7332,7401,NC_001612,False,Picornaviridae Enterovirus A,98.15876,CV-A16,100.0,CV-A16,100.0,B1b,98.0
MZ671877,64,7332,7401,NC_001612,False,Picornaviridae Enterovirus A,97.95417,CV-A16,100.0,CV-A16,100.0,B1b,100.0
MZ671878,64,7334,7401,NC_001612,False,Picornaviridae Enterovirus A,98.13199,CV-A16,100.0,CV-A16,100.0,B1b,98.0
MZ671879,64,7332,7401,NC_001612,False,Picornaviridae Enterovirus A,98.186035,CV-A16,100.0,CV-A16,100.0,B1b,98.0
MZ671881,64,7332,7401,NC_001612,False,Picornaviridae Enterovirus A,97.8587,CV-A16,100.0,CV-A16,100.0,B1b,99.0
MZ671882,64,7333,7401,NC_001612,False,Picornaviridae Enterovirus A,98.34992,CV-A16,100.0,CV-A16,100.0,B1b,98.0
MZ671883,64,7332,7401,NC_001612,False,Picornaviridae Enterovirus A,97.99509,CV-A16,100.0,CV-A16,100.0,B1b,93.0
MZ671884,64,7334,7401,NC_001612,False,Picornaviridae Enterovirus A,97.69566,CV-A16,100.0,CV-A16,100.0,B1b,98.0
MZ671885,64,7332,7401,NC_001612,False,Picornaviridae Enterovirus A,98.376976,CV-A16,100.0,CV-A16,100.0,B1b,97.0
MZ671886,64,7333,7401,NC_001612,False,Picornaviridae Enterovirus A,98.118095,CV-A16,100.0,CV-A16,100.0,B1b,98.0
MZ671887,64,7332,7401,NC_001612,False,Picornaviridae Enterovirus A,97.42226,CV-A16,100.0,CV-A16,100.0,B1b,99.0
MZ671888,64,7332,7401,NC_001612,False,Picornaviridae Enterovirus A,97.81779,CV-A16,100.0,CV-A16,100.0,B1b,96.0
MZ671889,64,7332,7401,NC_001612,False,Picornaviridae Enterovirus A,97.31315,CV-A16,100.0,CV-A16,100.0,B1b,100.0
MZ671890,64,7333,7401,NC_001612,False,Picornaviridae Enterovirus A,98.03628,CV-A16,100.0,CV-A16,100.0,B1b,96.0
MZ671891,64,7332,7401,NC_001612,False,Picornaviridae Enterovirus A,97.58592,CV-A16,100.0,CV-A16,100.0,B1b,99.0
MZ671892,64,7332,7401,NC_001612,False,Picornaviridae Enterovirus A,98.1042,CV-A16,100.0,CV-A16,100.0,B1b,98.0
MZ671893,64,7332,7401,NC_001612,False,Picornaviridae Enterovirus A,97.44953,CV-A16,100.0,CV-A16,100.0,B1b,96.0
MZ671894,64,7332,7401,NC_001612,False,Picornaviridae Enterovirus A,97.65411,CV-A16,100.0,CV-A16,100.0,B1b,97.0
MZ671895,64,7332,7401,NC_001612,False,Picornaviridae Enterovirus A,97.58592,CV-A16,100.0,CV-A16,100.0,B1b,97.0
MZ671896,64,7332,7401,NC_001612,False,Picornaviridae Enterovirus A,97.926895,CV-A16,100.0,CV-A16,100.0,B1b,99.0
MZ671897,64,7332,7401,NC_001612,False,Picornaviridae Enterovirus A,97.87234,CV-A16,100.0,CV-A16,100.0,B1b,100.0
MZ671898,64,7332,7401,NC_001612,False,Picornaviridae Enterovirus A,96.54938,CV-A16,100.0,CV-A16,100.0,B1b,97.0
MZ671899,64,7332,7401,NC_001612,False,Picornaviridae Enterovirus A,97.77686,CV-A16,100.0,CV-A16,100.0,B1b,97.0
MZ671900,64,7333,7401,NC_001612,False,Picornaviridae Enterovirus A,96.23619,CV-A16,100.0,CV-A16,100.0,B1b,99.0
MZ671901,64,7332,7401,NC_001612,False,Picornaviridae Enterovirus A,96.67213,CV-A16,100.0,CV-A16,100.0,B1b,98.0
MZ671902,64,7332,7401,NC_001612,False,Picornaviridae Enterovirus A,96.56301,CV-A16,100.0,CV-A16,100.0,B1b,100.0
MZ671903,64,7332,7401,NC_001612,False,Picornaviridae Enterovirus A,96.19476,CV-A16,100.0,CV-A16,100.0,B1b,98.0
MZ671904,64,7332,7401,NC_001612,False,Picornaviridae Enterovirus A,97.58592,CV-A16,100.0,CV-A16,100.0,B1b,100.0
MZ671905,64,7332,7401,NC_001612,False,Picornaviridae Enterovirus A,97.53137,CV-A16,100.0,CV-A16,100.0,B1b,95.0
MZ671906,64,7332,7401,NC_001612,False,Picornaviridae Enterovirus A,96.93126,CV-A16,100.0,CV-A16,100.0,B1b,98.0
MZ671907,64,7332,7401,NC_001612,False,Picornaviridae Enterovirus A,97.02673,CV-A16,100.0,CV-A16,100.0,B1b,97.0
MZ671909,64,7332,7401,NC_001612,False,Picornaviridae Enterovirus A,96.958534,CV-A16,100.0,CV-A16,100.0,B1b,95.0
MZ671910,64,7332,7401,NC_001612,False,Picornaviridae Enterovirus A,96.41299,CV-A16,100.0,CV-A16,100.0,B1b,97.0
MZ671911,64,7332,7401,NC_001612,False,Picornaviridae Enterovirus A,96.140205,CV-A16,100.0,CV-A16,100.0,B1b,95.0
MZ671912,64,7332,7401,NC_001612,False,Picornaviridae Enterovirus A,96.140205,CV-A16,100.0,CV-A16,100.0,B1b,99.0
OK635687,2124,936,3060,NC_001612,False,Picornaviridae Enterovirus A,93.910255,CV-A16,100.0,CV-A16,100.0,B1a,86.0
OK635688,2169,855,3024,NC_001612,False,Picornaviridae Enterovirus A,90.03517,CV-A16,100.0,CV-A16,100.0,A,81.0
OK635691,2310,705,3015,NC_001612,False,Picornaviridae Enterovirus A,90.056816,CV-A16,100.0,CV-A16,100.0,A,91.0
OK635692,2118,894,3012,NC_001612,False,Picornaviridae Enterovirus A,90.38031,CV-A16,100.0,CV-A16,100.0,A,87.0
OK635694,2115,900,3015,NC_001612,False,Picornaviridae Enterovirus A,90.76752,CV-A16,100.0,CV-A16,100.0,A,81.0
OK635741,2145,858,3003,NC_001612,False,Picornaviridae Enterovirus A,90.209785,CV-A16,100.0,CV-A16,100.0,A,80.0
OK635742,2145,858,3003,NC_001612,False,Picornaviridae Enterovirus A,85.53092,CV-A16,100.0,CV-A16,100.0,A,100.0
OK635768,2631,270,2901,NC_001612,False,Picornaviridae Enterovirus A,90.74074,CV-A16,100.0,CV-A16,100.0,B1c,81.0
OL470922,2445,870,3315,NC_001612,False,Picornaviridae Enterovirus A,97.126434,CV-A16,100.0,CV-A16,100.0,B1b,96.0
OL470923,2445,870,3315,NC_001612,False,Picornaviridae Enterovirus A,93.793106,CV-A16,100.0,CV-A16,100.0,B1a,84.0
OL470924,2445,870,3315,NC_001612,False,Picornaviridae Enterovirus A,93.44827,CV-A16,100.0,CV-A16,100.0,B1a,81.0
OL470925,2445,870,3315,NC_001612,False,Picornaviridae Enterovirus A,93.67816,CV-A16,100.0,CV-A16,100.0,B1a,86.0
OL470926,2445,870,3315,NC_001612,False,Picornaviridae Enterovirus A,95.74712,CV-A16,100.0,CV-A16,100.0,B1b,86.0
OL470927,2445,870,3315,NC_001612,False,Picornaviridae Enterovirus A,96.317604,CV-A16,100.0,CV-A16,100.0,B1b,99.0
OL470928,2445,870,3315,NC_001612,False,Picornaviridae Enterovirus A,96.662834,CV-A16,100.0,CV-A16,100.0,B1b,93.0
OL470929,2445,870,3315,NC_001612,False,Picornaviridae Enterovirus A,96.54776,CV-A16,100.0,CV-A16,100.0,B1b,96.0
OL470930,2445,870,3315,NC_001612,False,Picornaviridae Enterovirus A,93.44827,CV-A16,100.0,CV-A16,100.0,B1a,81.0
OM417116,23,7398,7430,NC_001612,False,Picornaviridae Enterovirus A,93.62798,CV-A16,100.0,CV-A16,100.0,B1a,82.0
OM417117,77,7346,7429,NC_001612,False,Picornaviridae Enterovirus A,97.29951,CV-A16,100.0,CV-A16,100.0,B1b,98.0
OM417118,23,7399,7431,NC_001612,False,Picornaviridae Enterovirus A,93.614426,CV-A16,100.0,CV-A16,100.0,B1a,81.0
OM417119,0,7405,7414,NC_001612,False,Picornaviridae Enterovirus A,92.43572,CV-A16,99.0,CV-A16,100.0,B1a,86.0
OM417120,1,7404,7414,NC_001612,False,Picornaviridae Enterovirus A,92.46279,CV-A16,100.0,CV-A16,100.0,B1a,87.0
ON646272,10,7393,7409,NC_001612,False,Picornaviridae Enterovirus A,97.05046,CV-A16,100.0,CV-A16,100.0,B1b,99.0
ON715413,2445,891,3336,NC_001612,False,Picornaviridae Enterovirus A,95.84736,CV-A16,100.0,CV-A16,100.0,B1b,99.0
ON715414,2445,891,3336,NC_001612,False,Picornaviridae Enterovirus A,96.07183,CV-A16,100.0,CV-A16,100.0,B1b,97.0
ON715415,2445,891,3336,NC_001612,False,Picornaviridae Enterovirus A,97.3064,CV-A16,100.0,CV-A16,100.0,B1b,98.0
ON715416,2445,891,3336,NC_001612,False,Picornaviridae Enterovirus A,97.41863,CV-A16,100.0,CV-A16,100.0,B1b,95.0
ON715417,2445,891,3336,NC_001612,False,Picornaviridae Enterovirus A,97.41863,CV-A16,100.0,CV-A16,100.0,B1b,99.0
ON715418,2445,891,3336,NC_001612,False,Picornaviridae Enterovirus A,96.18407,CV-A16,100.0,CV-A16,100.0,B1b,94.0
ON715420,2445,891,3336,NC_001612,False,Picornaviridae Enterovirus A,96.18407,CV-A16,100.0,CV-A16,100.0,B1b,98.0
ON715421,2445,891,3336,NC_001612,False,Picornaviridae Enterovirus A,96.40853,CV-A16,100.0,CV-A16,100.0,B1b,100.0
ON715422,2445,891,3336,NC_001612,False,Picornaviridae Enterovirus A,96.40853,CV-A16,100.0,CV-A16,100.0,B1b,95.0
ON715423,2445,891,3336,NC_001612,False,Picornaviridae Enterovirus A,96.40853,CV-A16,100.0,CV-A16,100.0,B1b,96.0
ON715424,2445,891,3336,NC_001612,False,Picornaviridae Enterovirus A,96.296295,CV-A16,100.0,CV-A16,100.0,B1b,97.0
ON715425,2445,891,3336,NC_001612,False,Picornaviridae Enterovirus A,96.07183,CV-A16,100.0,CV-A16,100.0,B1b,93.0
ON715426,2445,891,3336,NC_001612,False,Picornaviridae Enterovirus A,93.93259,CV-A16,100.0,CV-A16,100.0,B1a,88.0
ON715427,2445,891,3336,NC_001612,False,Picornaviridae Enterovirus A,94.044945,CV-A16,100.0,CV-A16,100.0,B1a,84.0
ON715428,2445,891,3336,NC_001612,False,Picornaviridae Enterovirus A,95.84736,CV-A16,100.0,CV-A16,100.0,B1b,98.0
ON715429,2445,891,3336,NC_001612,False,Picornaviridae Enterovirus A,96.296295,CV-A16,100.0,CV-A16,100.0,B1b,97.0
ON715430,2445,891,3336,NC_001612,False,Picornaviridae Enterovirus A,96.632996,CV-A16,100.0,CV-A16,100.0,B1b,97.0
ON715431,2445,891,3336,NC_001612,False,Picornaviridae Enterovirus A,96.296295,CV-A16,100.0,CV-A16,100.0,B1b,97.0
ON715432,2445,891,3336,NC_001612,False,Picornaviridae Enterovirus A,97.3064,CV-A16,100.0,CV-A16,100.0,B1b,94.0
ON840107,2445,891,3336,NC_001612,False,Picornaviridae Enterovirus A,96.40853,CV-A16,100.0,CV-A16,100.0,B1b,97.0
OP293089,0,7410,7415,NC_001612,False,Picornaviridae Enterovirus A,98.90629,CV-A16,100.0,CV-A16,100.0,B1b,99.0
OP351748,2490,640,3131,NC_001612,False,Picornaviridae Enterovirus A,96.56786,CV-A16,100.0,CV-A16,100.0,B1b,99.0
OP351749,2519,701,3220,NC_001612,False,Picornaviridae Enterovirus A,97.8602,CV-A16,100.0,CV-A16,100.0,B1b,91.0
OP351750,2500,720,3220,NC_001612,False,Picornaviridae Enterovirus A,96.93166,CV-A16,100.0,CV-A16,100.0,B1b,96.0
OP351751,2497,723,3220,NC_001612,False,Picornaviridae Enterovirus A,96.6805,CV-A16,100.0,CV-A16,100.0,B1b,91.0
OP351752,2465,755,3220,NC_001612,False,Picornaviridae Enterovirus A,96.15894,CV-A16,100.0,CV-A16,100.0,B1b,92.0
OP351753,2504,716,3220,NC_001612,False,Picornaviridae Enterovirus A,97.90503,CV-A16,100.0,CV-A16,100.0,B1b,93.0
OP351754,2491,729,3220,NC_001612,False,Picornaviridae Enterovirus A,96.69876,CV-A16,100.0,CV-A16,100.0,B1b,96.0
OP351756,2485,735,3220,NC_001612,False,Picornaviridae Enterovirus A,96.73025,CV-A16,100.0,CV-A16,100.0,B1b,91.0
OP351757,2501,719,3220,NC_001612,False,Picornaviridae Enterovirus A,96.652725,CV-A16,100.0,CV-A16,100.0,B1b,91.0
OP351758,2479,741,3220,NC_001612,False,Picornaviridae Enterovirus A,96.34641,CV-A16,100.0,CV-A16,100.0,B1b,97.0
OP351759,2510,710,3220,NC_001612,False,Picornaviridae Enterovirus A,95.49296,CV-A16,100.0,CV-A16,100.0,B1b,88.0
OP351760,2481,739,3220,NC_001612,False,Picornaviridae Enterovirus A,96.481735,CV-A16,100.0,CV-A16,100.0,B1b,91.0
OP351761,2504,716,3220,NC_001612,False,Picornaviridae Enterovirus A,95.53072,CV-A16,100.0,CV-A16,100.0,B1b,82.0
OP351762,2519,701,3220,NC_001612,False,Picornaviridae Enterovirus A,96.29101,CV-A16,100.0,CV-A16,100.0,B1b,96.0
OP351764,2486,734,3220,NC_001612,False,Picornaviridae Enterovirus A,96.45776,CV-A16,100.0,CV-A16,100.0,B1b,92.0
OP351765,2488,732,3220,NC_001612,False,Picornaviridae Enterovirus A,96.721306,CV-A16,100.0,CV-A16,100.0,B1b,92.0
OP351766,2487,733,3220,NC_001612,False,Picornaviridae Enterovirus A,96.180084,CV-A16,100.0,CV-A16,100.0,B1b,97.0
OP351767,2481,739,3220,NC_001612,False,Picornaviridae Enterovirus A,95.66982,CV-A16,100.0,CV-A16,100.0,B1b,87.0
OP351768,2477,743,3220,NC_001612,False,Picornaviridae Enterovirus A,96.36608,CV-A16,100.0,CV-A16,100.0,B1b,95.0
OP351769,2484,736,3220,NC_001612,False,Picornaviridae Enterovirus A,94.15761,CV-A16,100.0,CV-A16,100.0,B1a,85.0
OP351771,2527,693,3220,NC_001612,False,Picornaviridae Enterovirus A,96.68109,CV-A16,100.0,CV-A16,100.0,B1b,97.0
OP351772,2515,705,3220,NC_001612,False,Picornaviridae Enterovirus A,96.73759,CV-A16,100.0,CV-A16,100.0,B1b,89.0
OP351773,2506,714,3220,NC_001612,False,Picornaviridae Enterovirus A,97.19888,CV-A16,100.0,CV-A16,100.0,B1b,93.0
OP351774,2518,702,3220,NC_001612,False,Picornaviridae Enterovirus A,97.4359,CV-A16,100.0,CV-A16,100.0,B1b,89.0
OP351775,2473,747,3220,NC_001612,False,Picornaviridae Enterovirus A,96.65328,CV-A16,100.0,CV-A16,100.0,B1b,89.0
OP351776,2483,737,3220,NC_001612,False,Picornaviridae Enterovirus A,96.47218,CV-A16,100.0,CV-A16,100.0,B1b,93.0
OP351777,2501,719,3220,NC_001612,False,Picornaviridae Enterovirus A,95.68845,CV-A16,100.0,CV-A16,100.0,B1b,88.0
OP351779,2483,737,3220,NC_001612,False,Picornaviridae Enterovirus A,96.3365,CV-A16,100.0,CV-A16,100.0,B1b,86.0
OP351780,2546,674,3220,NC_001612,False,Picornaviridae Enterovirus A,94.65875,CV-A16,100.0,CV-A16,100.0,B1a,94.0
OP351781,2480,740,3220,NC_001612,False,Picornaviridae Enterovirus A,96.75237,CV-A16,100.0,CV-A16,100.0,B1b,92.0
OP351782,2493,727,3220,NC_001612,False,Picornaviridae Enterovirus A,96.42366,CV-A16,100.0,CV-A16,100.0,B1b,90.0
OP351783,2492,728,3220,NC_001612,False,Picornaviridae Enterovirus A,93.52617,CV-A16,100.0,CV-A16,100.0,B1a,84.0
OP351784,2483,737,3220,NC_001612,False,Picornaviridae Enterovirus A,96.3365,CV-A16,100.0,CV-A16,100.0,B1b,90.0
OP351785,2487,733,3220,NC_001612,False,Picornaviridae Enterovirus A,95.497955,CV-A16,100.0,CV-A16,100.0,B1b,81.0
OP351786,2516,704,3220,NC_001612,False,Picornaviridae Enterovirus A,96.732956,CV-A16,100.0,CV-A16,100.0,B1b,95.0
OP351787,2508,712,3220,NC_001612,False,Picornaviridae Enterovirus A,96.76966,CV-A16,100.0,CV-A16,100.0,B1b,91.0
OP351788,2515,705,3220,NC_001612,False,Picornaviridae Enterovirus A,96.31206,CV-A16,100.0,CV-A16,100.0,B1b,85.0
OP351789,2525,695,3220,NC_001612,False,Picornaviridae Enterovirus A,93.95683,CV-A16,100.0,CV-A16,100.0,B1a,80.0
OP351790,2516,704,3220,NC_001612,False,Picornaviridae Enterovirus A,98.295456,CV-A16,100.0,CV-A16,100.0,B1b,91.0
OP351791,2538,672,3210,NC_001612,False,Picornaviridae Enterovirus A,96.42857,CV-A16,100.0,CV-A16,100.0,B1b,83.0
OP351792,2490,730,3220,NC_001612,False,Picornaviridae Enterovirus A,96.84932,CV-A16,100.0,CV-A16,100.0,B1b,96.0
OP351793,2517,703,3220,NC_001612,False,Picornaviridae Enterovirus A,93.88336,CV-A16,100.0,CV-A16,100.0,B1a,88.0
OP351795,2501,719,3220,NC_001612,False,Picornaviridae Enterovirus A,96.652725,CV-A16,100.0,CV-A16,100.0,B1b,94.0
OP351796,2506,714,3220,NC_001612,False,Picornaviridae Enterovirus A,96.90141,CV-A16,100.0,CV-A16,100.0,B1b,90.0
OP351797,2487,731,3218,NC_001612,False,Picornaviridae Enterovirus A,98.35841,CV-A16,100.0,CV-A16,100.0,B1b,91.0
OP351798,2475,745,3220,NC_001612,False,Picornaviridae Enterovirus A,96.77853,CV-A16,100.0,CV-A16,100.0,B1b,94.0
OP351799,2499,721,3220,NC_001612,False,Picornaviridae Enterovirus A,98.196945,CV-A16,100.0,CV-A16,100.0,B1b,94.0
OP351800,2495,725,3220,NC_001612,False,Picornaviridae Enterovirus A,97.93103,CV-A16,100.0,CV-A16,100.0,B1b,91.0
OP351801,2495,725,3220,NC_001612,False,Picornaviridae Enterovirus A,96.82758,CV-A16,100.0,CV-A16,100.0,B1b,89.0
OP351802,2497,723,3220,NC_001612,False,Picornaviridae Enterovirus A,96.95712,CV-A16,100.0,CV-A16,100.0,B1b,93.0
OP351803,2482,738,3220,NC_001612,False,Picornaviridae Enterovirus A,96.612465,CV-A16,100.0,CV-A16,100.0,B1b,93.0
OP351804,2491,729,3220,NC_001612,False,Picornaviridae Enterovirus A,96.83632,CV-A16,100.0,CV-A16,100.0,B1b,83.0
OP351805,2491,729,3220,NC_001612,False,Picornaviridae Enterovirus A,97.94239,CV-A16,100.0,CV-A16,100.0,B1b,96.0
OP373746,2445,891,3336,NC_001612,False,Picornaviridae Enterovirus A,95.84736,CV-A16,100.0,CV-A16,100.0,B1b,93.0
OP373747,2445,891,3336,NC_001612,False,Picornaviridae Enterovirus A,96.18407,CV-A16,100.0,CV-A16,100.0,B1b,98.0
OP373748,2445,891,3336,NC_001612,False,Picornaviridae Enterovirus A,96.632996,CV-A16,100.0,CV-A16,100.0,B1b,100.0
OP373749,2445,891,3336,NC_001612,False,Picornaviridae Enterovirus A,96.296295,CV-A16,100.0,CV-A16,100.0,B1b,96.0
OP373750,2445,891,3336,NC_001612,False,Picornaviridae Enterovirus A,97.08193,CV-A16,100.0,CV-A16,100.0,B1b,98.0
OP373751,2445,891,3336,NC_001612,False,Picornaviridae Enterovirus A,97.75533,CV-A16,100.0,CV-A16,100.0,B1b,98.0
OP373752,2445,891,3336,NC_001612,False,Picornaviridae Enterovirus A,97.6431,CV-A16,100.0,CV-A16,100.0,B1b,100.0
OP373753,2445,891,3336,NC_001612,False,Picornaviridae Enterovirus A,95.84736,CV-A16,100.0,CV-A16,100.0,B1b,97.0
OP373754,2445,891,3336,NC_001612,False,Picornaviridae Enterovirus A,95.73513,CV-A16,100.0,CV-A16,100.0,B1b,98.0
OP373755,2445,891,3336,NC_001612,False,Picornaviridae Enterovirus A,96.632996,CV-A16,100.0,CV-A16,100.0,B1b,96.0
OP373756,2445,891,3336,NC_001612,False,Picornaviridae Enterovirus A,96.74523,CV-A16,100.0,CV-A16,100.0,B1b,97.0
OP373757,2445,891,3336,NC_001612,False,Picornaviridae Enterovirus A,96.40853,CV-A16,100.0,CV-A16,100.0,B1b,96.0
OP373758,2445,891,3336,NC_001612,False,Picornaviridae Enterovirus A,96.52077,CV-A16,100.0,CV-A16,100.0,B1b,97.0
OP373759,2445,891,3336,NC_001612,False,Picornaviridae Enterovirus A,96.40853,CV-A16,100.0,CV-A16,100.0,B1b,96.0
OP373760,2445,891,3336,NC_001612,False,Picornaviridae Enterovirus A,97.75533,CV-A16,100.0,CV-A16,100.0,B1b,97.0
OP373761,2445,891,3336,NC_001612,False,Picornaviridae Enterovirus A,96.74523,CV-A16,100.0,CV-A16,100.0,B1b,99.0
OP373762,2445,891,3336,NC_001612,False,Picornaviridae Enterovirus A,96.74523,CV-A16,100.0,CV-A16,100.0,B1b,100.0
OP373763,2445,891,3336,NC_001612,False,Picornaviridae Enterovirus A,95.959595,CV-A16,100.0,CV-A16,100.0,B1b,97.0
OP373764,2445,891,3336,NC_001612,False,Picornaviridae Enterovirus A,97.6431,CV-A16,100.0,CV-A16,100.0,B1b,99.0
OP373765,2445,891,3336,NC_001612,False,Picornaviridae Enterovirus A,97.75533,CV-A16,100.0,CV-A16,100.0,B1b,99.0
OP373766,2445,891,3336,NC_001612,False,Picornaviridae Enterovirus A,96.18407,CV-A16,100.0,CV-A16,100.0,B1b,96.0
OP373767,2445,891,3336,NC_001612,False,Picornaviridae Enterovirus A,96.632996,CV-A16,100.0,CV-A16,100.0,B1b,98.0
OP373768,2445,891,3336,NC_001612,False,Picornaviridae Enterovirus A,95.84736,CV-A16,100.0,CV-A16,100.0,B1b,98.0
OP373769,2445,891,3336,NC_001612,False,Picornaviridae Enterovirus A,97.75533,CV-A16,100.0,CV-A16,100.0,B1b,99.0
OP373770,2445,891,3336,NC_001612,False,Picornaviridae Enterovirus A,96.52077,CV-A16,100.0,CV-A16,100.0,B1b,93.0
OP373771,2445,891,3336,NC_001612,False,Picornaviridae Enterovirus A,97.41863,CV-A16,100.0,CV-A16,100.0,B1b,96.0
OP373772,2445,891,3336,NC_001612,False,Picornaviridae Enterovirus A,97.53087,CV-A16,100.0,CV-A16,100.0,B1b,100.0
OP373773,2445,891,3336,NC_001612,False,Picornaviridae Enterovirus A,97.53087,CV-A16,100.0,CV-A16,100.0,B1b,98.0
OP373774,2445,891,3336,NC_001612,False,Picornaviridae Enterovirus A,96.40853,CV-A16,100.0,CV-A16,100.0,B1b,100.0
OP373775,2445,891,3336,NC_001612,False,Picornaviridae Enterovirus A,96.40853,CV-A16,100.0,CV-A16,100.0,B1b,92.0
OP373776,2445,891,3336,NC_001612,False,Picornaviridae Enterovirus A,97.6431,CV-A16,100.0,CV-A16,100.0,B1b,98.0
OP373777,2445,891,3336,NC_001612,False,Picornaviridae Enterovirus A,97.75533,CV-A16,100.0,CV-A16,100.0,B1b,98.0
OP373778,2445,891,3336,NC_001612,False,Picornaviridae Enterovirus A,96.40853,CV-A16,100.0,CV-A16,100.0,B1b,94.0
OP373779,2445,891,3336,NC_001612,False,Picornaviridae Enterovirus A,96.18407,CV-A16,100.0,CV-A16,100.0,B1b,98.0
OP373780,2445,891,3336,NC_001612,False,Picornaviridae Enterovirus A,96.632996,CV-A16,100.0,CV-A16,100.0,B1b,97.0
OP373781,2445,891,3336,NC_001612,False,Picornaviridae Enterovirus A,96.632996,CV-A16,100.0,CV-A16,100.0,B1b,98.0
OP373782,2445,891,3336,NC_001612,False,Picornaviridae Enterovirus A,97.6431,CV-A16,100.0,CV-A16,100.0,B1b,97.0
OP373783,2445,891,3336,NC_001612,False,Picornaviridae Enterovirus A,96.296295,CV-A16,100.0,CV-A16,100.0,B1b,100.0
OP373784,2445,891,3336,NC_001612,False,Picornaviridae Enterovirus A,96.296295,CV-A16,100.0,CV-A16,100.0,B1b,100.0
OP373785,2445,891,3336,NC_001612,False,Picornaviridae Enterovirus A,96.296295,CV-A16,100.0,CV-A16,100.0,B1b,97.0
OP373786,2445,891,3336,NC_001612,False,Picornaviridae Enterovirus A,96.632996,CV-A16,100.0,CV-A16,100.0,B1b,96.0
OP373787,2445,891,3336,NC_001612,False,Picornaviridae Enterovirus A,97.3064,CV-A16,100.0,CV-A16,100.0,B1b,99.0
OP373788,2445,891,3336,NC_001612,False,Picornaviridae Enterovirus A,98.428734,CV-A16,100.0,CV-A16,100.0,B1b,99.0
OP373789,2445,891,3336,NC_001612,False,Picornaviridae Enterovirus A,96.296295,CV-A16,100.0,CV-A16,100.0,B1b,97.0
OP373790,2445,891,3336,NC_001612,False,Picornaviridae Enterovirus A,97.86757,CV-A16,100.0,CV-A16,100.0,B1b,99.0
OP373791,2445,891,3336,NC_001612,False,Picornaviridae Enterovirus A,97.41863,CV-A16,100.0,CV-A16,100.0,B1b,99.0
OP373792,2445,891,3336,NC_001612,False,Picornaviridae Enterovirus A,96.40853,CV-A16,100.0,CV-A16,100.0,B1b,98.0
OP373793,2445,891,3336,NC_001612,False,Picornaviridae Enterovirus A,96.296295,CV-A16,100.0,CV-A16,100.0,B1b,94.0
OP373794,2445,891,3336,NC_001612,False,Picornaviridae Enterovirus A,96.296295,CV-A16,100.0,CV-A16,100.0,B1b,98.0
OP373795,2445,891,3336,NC_001612,False,Picornaviridae Enterovirus A,96.52077,CV-A16,100.0,CV-A16,100.0,B1b,99.0
OP373796,2445,891,3336,NC_001612,False,Picornaviridae Enterovirus A,96.296295,CV-A16,100.0,CV-A16,100.0,B1b,97.0
OP373797,2445,891,3336,NC_001612,False,Picornaviridae Enterovirus A,96.296295,CV-A16,100.0,CV-A16,100.0,B1b,98.0
OP373798,2445,891,3336,NC_001612,False,Picornaviridae Enterovirus A,97.08193,CV-A16,100.0,CV-A16,100.0,B1b,97.0
OP373799,2445,891,3336,NC_001612,False,Picornaviridae Enterovirus A,96.52077,CV-A16,100.0,CV-A16,100.0,B1b,96.0
OP373800,2445,891,3336,NC_001612,False,Picornaviridae Enterovirus A,97.08193,CV-A16,100.0,CV-A16,100.0,B1b,100.0
OP373801,2445,891,3336,NC_001612,False,Picornaviridae Enterovirus A,96.296295,CV-A16,100.0,CV-A16,100.0,B1b,93.0
OP373802,2445,891,3336,NC_001612,False,Picornaviridae Enterovirus A,96.632996,CV-A16,100.0,CV-A16,100.0,B1b,99.0
OP373803,2445,891,3336,NC_001612,False,Picornaviridae Enterovirus A,96.52077,CV-A16,100.0,CV-A16,100.0,B1b,99.0
OP373804,2445,891,3336,NC_001612,False,Picornaviridae Enterovirus A,96.18407,CV-A16,100.0,CV-A16,100.0,B1b,97.0
OP373805,2445,891,3336,NC_001612,False,Picornaviridae Enterovirus A,96.07183,CV-A16,100.0,CV-A16,100.0,B1b,95.0
OP373806,2445,891,3336,NC_001612,False,Picornaviridae Enterovirus A,96.296295,CV-A16,100.0,CV-A16,100.0,B1b,99.0
OP373807,2445,891,3336,NC_001612,False,Picornaviridae Enterovirus A,96.85747,CV-A16,100.0,CV-A16,100.0,B1b,97.0
OP373808,2445,891,3336,NC_001612,False,Picornaviridae Enterovirus A,97.3064,CV-A16,100.0,CV-A16,100.0,B1b,95.0
OP373809,2445,891,3336,NC_001612,False,Picornaviridae Enterovirus A,96.74523,CV-A16,100.0,CV-A16,100.0,B1b,98.0
OP373810,2445,891,3336,NC_001612,False,Picornaviridae Enterovirus A,96.969696,CV-A16,100.0,CV-A16,100.0,B1b,98.0
OP373811,2445,891,3336,NC_001612,False,Picornaviridae Enterovirus A,97.6431,CV-A16,100.0,CV-A16,100.0,B1b,98.0
OP373812,2445,891,3336,NC_001612,False,Picornaviridae Enterovirus A,96.632996,CV-A16,100.0,CV-A16,100.0,B1b,98.0
OP373813,2445,891,3336,NC_001612,False,Picornaviridae Enterovirus A,97.86757,CV-A16,100.0,CV-A16,100.0,B1b,100.0
OP373814,2445,891,3336,NC_001612,False,Picornaviridae Enterovirus A,98.20427,CV-A16,100.0,CV-A16,100.0,B1b,98.0
OP373815,2445,891,3336,NC_001612,False,Picornaviridae Enterovirus A,96.85747,CV-A16,100.0,CV-A16,100.0,B1b,99.0
OP373816,2445,891,3336,NC_001612,False,Picornaviridae Enterovirus A,98.09203,CV-A16,100.0,CV-A16,100.0,B1b,99.0
OP373817,2445,891,3336,NC_001612,False,Picornaviridae Enterovirus A,96.969696,CV-A16,100.0,CV-A16,100.0,B1b,97.0
OP373818,2445,891,3336,NC_001612,False,Picornaviridae Enterovirus A,96.85747,CV-A16,100.0,CV-A16,100.0,B1b,98.0
OP373819,2445,891,3336,NC_001612,False,Picornaviridae Enterovirus A,98.20427,CV-A16,100.0,CV-A16,100.0,B1b,98.0
OP373820,2445,891,3336,NC_001612,False,Picornaviridae Enterovirus A,96.632996,CV-A16,100.0,CV-A16,100.0,B1b,94.0
OP373821,2445,891,3336,NC_001612,False,Picornaviridae Enterovirus A,97.3064,CV-A16,100.0,CV-A16,100.0,B1b,98.0
OP373822,2445,891,3336,NC_001612,False,Picornaviridae Enterovirus A,98.20427,CV-A16,100.0,CV-A16,100.0,B1b,99.0
OP373824,2445,891,3336,NC_001612,False,Picornaviridae Enterovirus A,97.08193,CV-A16,100.0,CV-A16,100.0,B1b,100.0
OP373825,2445,891,3336,NC_001612,False,Picornaviridae Enterovirus A,96.632996,CV-A16,100.0,CV-A16,100.0,B1b,95.0
OP373826,2445,891,3336,NC_001612,False,Picornaviridae Enterovirus A,98.20427,CV-A16,100.0,CV-A16,100.0,B1b,97.0
OP373827,2445,891,3336,NC_001612,False,Picornaviridae Enterovirus A,97.19417,CV-A16,100.0,CV-A16,100.0,B1b,98.0
OP373828,2445,891,3336,NC_001612,False,Picornaviridae Enterovirus A,97.9798,CV-A16,100.0,CV-A16,100.0,B1b,98.0
OP373829,2445,891,3336,NC_001612,False,Picornaviridae Enterovirus A,98.09203,CV-A16,100.0,CV-A16,100.0,B1b,99.0
OP373830,2445,891,3336,NC_001612,False,Picornaviridae Enterovirus A,97.41863,CV-A16,100.0,CV-A16,100.0,B1b,98.0
OP373831,2445,891,3336,NC_001612,False,Picornaviridae Enterovirus A,98.54097,CV-A16,100.0,CV-A16,100.0,B1b,97.0
OP373832,2445,891,3336,NC_001612,False,Picornaviridae Enterovirus A,95.959595,CV-A16,100.0,CV-A16,100.0,B1b,97.0
OP373833,2445,891,3336,NC_001612,False,Picornaviridae Enterovirus A,98.20427,CV-A16,100.0,CV-A16,100.0,B1b,97.0
OP373834,2445,891,3336,NC_001612,False,Picornaviridae Enterovirus A,98.09203,CV-A16,100.0,CV-A16,100.0,B1b,96.0
OP373835,2445,891,3336,NC_001612,False,Picornaviridae Enterovirus A,95.959595,CV-A16,100.0,CV-A16,100.0,B1b,98.0
OP373836,2445,891,3336,NC_001612,False,Picornaviridae Enterovirus A,97.53087,CV-A16,100.0,CV-A16,100.0,B1b,99.0
OP373837,2445,891,3336,NC_001612,False,Picornaviridae Enterovirus A,98.09203,CV-A16,100.0,CV-A16,100.0,B1b,99.0
OP373838,2445,891,3336,NC_001612,False,Picornaviridae Enterovirus A,98.54097,CV-A16,100.0,CV-A16,100.0,B1b,95.0
OP373839,2445,891,3336,NC_001612,False,Picornaviridae Enterovirus A,97.53087,CV-A16,100.0,CV-A16,100.0,B1b,95.0
OP373840,2445,891,3336,NC_001612,False,Picornaviridae Enterovirus A,97.3064,CV-A16,100.0,CV-A16,100.0,B1b,100.0
OP373841,2445,891,3336,NC_001612,False,Picornaviridae Enterovirus A,98.3165,CV-A16,100.0,CV-A16,100.0,B1b,100.0
OP373842,2445,891,3336,NC_001612,False,Picornaviridae Enterovirus A,98.20427,CV-A16,100.0,CV-A16,100.0,B1b,97.0
OP373843,2445,891,3336,NC_001612,False,Picornaviridae Enterovirus A,98.9899,CV-A16,100.0,CV-A16,100.0,B1b,100.0
OP373844,2445,891,3336,NC_001612,False,Picornaviridae Enterovirus A,97.41863,CV-A16,100.0,CV-A16,100.0,B1b,98.0
OP373845,2445,891,3336,NC_001612,False,Picornaviridae Enterovirus A,96.40853,CV-A16,100.0,CV-A16,100.0,B1b,98.0
OP373846,2445,891,3336,NC_001612,False,Picornaviridae Enterovirus A,97.6431,CV-A16,100.0,CV-A16,100.0,B1b,97.0
OP373847,2445,891,3336,NC_001612,False,Picornaviridae Enterovirus A,98.20427,CV-A16,100.0,CV-A16,100.0,B1b,99.0
OP373848,2445,891,3336,NC_001612,False,Picornaviridae Enterovirus A,98.87767,CV-A16,100.0,CV-A16,100.0,B1b,96.0
OP373849,2445,891,3336,NC_001612,False,Picornaviridae Enterovirus A,97.6431,CV-A16,100.0,CV-A16,100.0,B1b,97.0
OP373850,2445,891,3336,NC_001612,False,Picornaviridae Enterovirus A,97.3064,CV-A16,100.0,CV-A16,100.0,B1b,100.0
OP373851,2445,891,3336,NC_001612,False,Picornaviridae Enterovirus A,97.53087,CV-A16,100.0,CV-A16,100.0,B1b,99.0
OP373852,2445,891,3336,NC_001612,False,Picornaviridae Enterovirus A,98.3165,CV-A16,100.0,CV-A16,100.0,B1b,98.0
OP373853,2445,891,3336,NC_001612,False,Picornaviridae Enterovirus A,98.20427,CV-A16,100.0,CV-A16,100.0,B1b,98.0
OP373854,2445,891,3336,NC_001612,False,Picornaviridae Enterovirus A,97.9798,CV-A16,100.0,CV-A16,100.0,B1b,98.0
OP373855,2445,891,3336,NC_001612,False,Picornaviridae Enterovirus A,97.53087,CV-A16,100.0,CV-A16,100.0,B1b,100.0
OP373857,2445,891,3336,NC_001612,False,Picornaviridae Enterovirus A,98.428734,CV-A16,100.0,CV-A16,100.0,B1b,97.0
OP373858,2445,891,3336,NC_001612,False,Picornaviridae Enterovirus A,98.6532,CV-A16,100.0,CV-A16,100.0,B1b,96.0
OP373859,2445,891,3336,NC_001612,False,Picornaviridae Enterovirus A,98.3165,CV-A16,100.0,CV-A16,100.0,B1b,100.0
OP373860,2445,891,3336,NC_001612,False,Picornaviridae Enterovirus A,98.6532,CV-A16,100.0,CV-A16,100.0,B1b,98.0
OP373861,2445,891,3336,NC_001612,False,Picornaviridae Enterovirus A,98.765434,CV-A16,100.0,CV-A16,100.0,B1b,99.0
OP373862,2445,891,3336,NC_001612,False,Picornaviridae Enterovirus A,97.86757,CV-A16,100.0,CV-A16,100.0,B1b,99.0
OP373863,2445,891,3336,NC_001612,False,Picornaviridae Enterovirus A,97.9798,CV-A16,100.0,CV-A16,100.0,B1b,97.0
OP373864,2445,891,3336,NC_001612,False,Picornaviridae Enterovirus A,98.20427,CV-A16,100.0,CV-A16,100.0,B1b,97.0
OP373865,2445,891,3336,NC_001612,False,Picornaviridae Enterovirus A,98.20427,CV-A16,100.0,CV-A16,100.0,B1b,99.0
OP373866,2445,891,3336,NC_001612,False,Picornaviridae Enterovirus A,98.09203,CV-A16,100.0,CV-A16,100.0,B1b,98.0
OP373867,2445,891,3336,NC_001612,False,Picornaviridae Enterovirus A,98.20427,CV-A16,100.0,CV-A16,100.0,B1b,95.0
OP373868,2445,891,3336,NC_001612,False,Picornaviridae Enterovirus A,98.20427,CV-A16,100.0,CV-A16,100.0,B1b,97.0
OP373869,2445,891,3336,NC_001612,False,Picornaviridae Enterovirus A,98.20427,CV-A16,100.0,CV-A16,100.0,B1b,97.0
OP373870,2445,891,3336,NC_001612,False,Picornaviridae Enterovirus A,97.9798,CV-A16,100.0,CV-A16,100.0,B1b,98.0
OP373871,2445,891,3336,NC_001612,False,Picornaviridae Enterovirus A,97.9798,CV-A16,100.0,CV-A16,100.0,B1b,100.0
OP373872,2445,891,3336,NC_001612,False,Picornaviridae Enterovirus A,98.6532,CV-A16,100.0,CV-A16,100.0,B1b,98.0
OP373873,2445,891,3336,NC_001612,False,Picornaviridae Enterovirus A,97.86757,CV-A16,100.0,CV-A16,100.0,B1b,96.0
OP373874,2445,891,3336,NC_001612,False,Picornaviridae Enterovirus A,98.765434,CV-A16,100.0,CV-A16,100.0,B1b,99.0
OP373875,2445,891,3336,NC_001612,False,Picornaviridae Enterovirus A,98.6532,CV-A16,100.0,CV-A16,100.0,B1b,95.0
OP373876,2445,891,3336,NC_001612,False,Picornaviridae Enterovirus A,98.3165,CV-A16,100.0,CV-A16,100.0,B1b,99.0
OP373877,2445,891,3336,NC_001612,False,Picornaviridae Enterovirus A,98.6532,CV-A16,100.0,CV-A16,100.0,B1b,99.0
OP373878,2445,891,3336,NC_001612,False,Picornaviridae Enterovirus A,98.54097,CV-A16,100.0,CV-A16,100.0,B1b,99.0
OP373879,2445,891,3336,NC_001612,False,Picornaviridae Enterovirus A,98.765434,CV-A16,100.0,CV-A16,100.0,B1b,99.0
OP373880,2445,891,3336,NC_001612,False,Picornaviridae Enterovirus A,98.765434,CV-A16,100.0,CV-A16,100.0,B1b,100.0
OP373881,2445,891,3336,NC_001612,False,Picornaviridae Enterovirus A,97.3064,CV-A16,100.0,CV-A16,100.0,B1b,98.0
OP373882,2445,891,3336,NC_001612,False,Picornaviridae Enterovirus A,98.54097,CV-A16,100.0,CV-A16,100.0,B1b,99.0
OP373883,2445,891,3336,NC_001612,False,Picornaviridae Enterovirus A,97.19417,CV-A16,100.0,CV-A16,100.0,B1b,99.0
OP373884,2445,891,3336,NC_001612,False,Picornaviridae Enterovirus A,98.759865,CV-A16,100.0,CV-A16,100.0,B1b,99.0
OP373885,2445,891,3336,NC_001612,False,Picornaviridae Enterovirus A,98.765434,CV-A16,100.0,CV-A16,100.0,B1b,98.0
OP373886,2445,891,3336,NC_001612,False,Picornaviridae Enterovirus A,97.19417,CV-A16,100.0,CV-A16,100.0,B1b,99.0
OP373887,2445,891,3336,NC_001612,False,Picornaviridae Enterovirus A,97.41863,CV-A16,100.0,CV-A16,100.0,B1b,97.0
OP373888,2445,891,3336,NC_001612,False,Picornaviridae Enterovirus A,99.3266,CV-A16,100.0,CV-A16,100.0,B1b,97.0
OP373889,2445,891,3336,NC_001612,False,Picornaviridae Enterovirus A,97.08193,CV-A16,100.0,CV-A16,100.0,B1b,99.0
OP373890,2445,891,3336,NC_001612,False,Picornaviridae Enterovirus A,98.428734,CV-A16,100.0,CV-A16,100.0,B1b,97.0
OP373891,2445,891,3336,NC_001612,False,Picornaviridae Enterovirus A,97.19417,CV-A16,100.0,CV-A16,100.0,B1b,98.0
OP373892,2445,891,3336,NC_001612,False,Picornaviridae Enterovirus A,97.3064,CV-A16,100.0,CV-A16,100.0,B1b,99.0
OP373893,2445,891,3336,NC_001612,False,Picornaviridae Enterovirus A,98.6532,CV-A16,100.0,CV-A16,100.0,B1b,99.0
OP373894,2445,891,3336,NC_001612,False,Picornaviridae Enterovirus A,98.09203,CV-A16,100.0,CV-A16,100.0,B1b,99.0
OP373895,2445,891,3336,NC_001612,False,Picornaviridae Enterovirus A,97.6431,CV-A16,100.0,CV-A16,100.0,B1b,97.0
OP373896,2445,891,3336,NC_001612,False,Picornaviridae Enterovirus A,98.6532,CV-A16,100.0,CV-A16,100.0,B1b,99.0
OP373897,2445,891,3336,NC_001612,False,Picornaviridae Enterovirus A,98.87767,CV-A16,100.0,CV-A16,100.0,B1b,99.0
OP373898,2445,891,3336,NC_001612,False,Picornaviridae Enterovirus A,98.54097,CV-A16,100.0,CV-A16,100.0,B1b,97.0
OP373899,2445,891,3336,NC_001612,False,Picornaviridae Enterovirus A,98.6532,CV-A16,100.0,CV-A16,100.0,B1b,99.0
OP373900,2445,891,3336,NC_001612,False,Picornaviridae Enterovirus A,98.765434,CV-A16,100.0,CV-A16,100.0,B1b,99.0
OP373901,2445,891,3336,NC_001612,False,Picornaviridae Enterovirus A,99.3266,CV-A16,100.0,CV-A16,100.0,B1b,99.0
OP373902,2445,891,3336,NC_001612,False,Picornaviridae Enterovirus A,97.6431,CV-A16,100.0,CV-A16,100.0,B1b,98.0
OP373903,2445,891,3336,NC_001612,False,Picornaviridae Enterovirus A,98.428734,CV-A16,100.0,CV-A16,100.0,B1b,97.0
OP373904,2445,891,3336,NC_001612,False,Picornaviridae Enterovirus A,98.3165,CV-A16,100.0,CV-A16,100.0,B1b,99.0
OP373905,2445,891,3336,NC_001612,False,Picornaviridae Enterovirus A,99.21436,CV-A16,100.0,CV-A16,100.0,B1b,98.0
OP373906,2445,891,3336,NC_001612,False,Picornaviridae Enterovirus A,98.3165,CV-A16,100.0,CV-A16,100.0,B1b,99.0
OP373907,2445,891,3336,NC_001612,False,Picornaviridae Enterovirus A,98.765434,CV-A16,100.0,CV-A16,100.0,B1b,100.0
OP373908,2445,891,3336,NC_001612,False,Picornaviridae Enterovirus A,98.87767,CV-A16,100.0,CV-A16,100.0,B1b,98.0
OP373909,2445,891,3336,NC_001612,False,Picornaviridae Enterovirus A,98.765434,CV-A16,100.0,CV-A16,100.0,B1b,98.0
OP373910,2445,891,3336,NC_001612,False,Picornaviridae Enterovirus A,98.765434,CV-A16,100.0,CV-A16,100.0,B1b,96.0
OP373911,2445,891,3336,NC_001612,False,Picornaviridae Enterovirus A,98.9899,CV-A16,100.0,CV-A16,100.0,B1b,99.0
OP373912,2445,891,3336,NC_001612,False,Picornaviridae Enterovirus A,97.6431,CV-A16,100.0,CV-A16,100.0,B1b,96.0
OP373913,2445,891,3336,NC_001612,False,Picornaviridae Enterovirus A,98.54097,CV-A16,100.0,CV-A16,100.0,B1b,100.0
OP373914,2445,891,3336,NC_001612,False,Picornaviridae Enterovirus A,98.87767,CV-A16,100.0,CV-A16,100.0,B1b,98.0
OP373915,2445,891,3336,NC_001612,False,Picornaviridae Enterovirus A,98.6532,CV-A16,100.0,CV-A16,100.0,B1b,100.0
OP373916,2445,891,3336,NC_001612,False,Picornaviridae Enterovirus A,98.765434,CV-A16,100.0,CV-A16,100.0,B1b,97.0
OP373917,2445,891,3336,NC_001612,False,Picornaviridae Enterovirus A,98.54097,CV-A16,100.0,CV-A16,100.0,B1b,99.0
OP373918,2445,891,3336,NC_001612,False,Picornaviridae Enterovirus A,99.3266,CV-A16,100.0,CV-A16,100.0,B1b,98.0
OP373919,2445,891,3336,NC_001612,False,Picornaviridae Enterovirus A,98.765434,CV-A16,100.0,CV-A16,100.0,B1b,96.0
OP373920,2445,891,3336,NC_001612,False,Picornaviridae Enterovirus A,99.55106,CV-A16,100.0,CV-A16,100.0,B1b,100.0
OP373921,2445,891,3336,NC_001612,False,Picornaviridae Enterovirus A,98.765434,CV-A16,100.0,CV-A16,100.0,B1b,98.0
OP373922,2445,891,3336,NC_001612,False,Picornaviridae Enterovirus A,99.21436,CV-A16,100.0,CV-A16,100.0,B1b,97.0
OP373923,2445,891,3336,NC_001612,False,Picornaviridae Enterovirus A,98.09203,CV-A16,100.0,CV-A16,100.0,B1b,98.0
OP373924,2445,891,3336,NC_001612,False,Picornaviridae Enterovirus A,99.102135,CV-A16,100.0,CV-A16,100.0,B1b,98.0
OP373925,2445,891,3336,NC_001612,False,Picornaviridae Enterovirus A,98.428734,CV-A16,100.0,CV-A16,100.0,B1b,97.0
OP373926,2445,891,3336,NC_001612,False,Picornaviridae Enterovirus A,96.52077,CV-A16,100.0,CV-A16,100.0,B1b,98.0
OP373927,2445,891,3336,NC_001612,False,Picornaviridae Enterovirus A,96.40853,CV-A16,100.0,CV-A16,100.0,B1b,98.0
OP373928,2445,891,3336,NC_001612,False,Picornaviridae Enterovirus A,98.87767,CV-A16,100.0,CV-A16,100.0,B1b,98.0
OP373929,2445,891,3336,NC_001612,False,Picornaviridae Enterovirus A,96.84685,CV-A16,100.0,CV-A16,100.0,B1b,94.0
OP373931,2445,891,3336,NC_001612,False,Picornaviridae Enterovirus A,93.595505,CV-A16,100.0,CV-A16,100.0,B1a,82.0
OP373932,2445,891,3336,NC_001612,False,Picornaviridae Enterovirus A,97.53087,CV-A16,100.0,CV-A16,100.0,B1a,85.0
OP373936,2445,891,3336,NC_001612,False,Picornaviridae Enterovirus A,93.93259,CV-A16,100.0,CV-A16,100.0,B1a,81.0
OP373937,2445,891,3336,NC_001612,False,Picornaviridae Enterovirus A,94.1573,CV-A16,100.0,CV-A16,100.0,B1a,83.0
OP373938,2445,891,3336,NC_001612,False,Picornaviridae Enterovirus A,93.82023,CV-A16,100.0,CV-A16,100.0,B1a,82.0
OP373941,2445,891,3336,NC_001612,False,Picornaviridae Enterovirus A,93.70786,CV-A16,100.0,CV-A16,100.0,B1a,80.0
OP373946,2445,891,3336,NC_001612,False,Picornaviridae Enterovirus A,95.84736,CV-A16,100.0,CV-A16,100.0,B1a,80.0
OP373948,2445,891,3336,NC_001612,False,Picornaviridae Enterovirus A,95.959595,CV-A16,100.0,CV-A16,100.0,B1a,84.0
OP373951,2445,891,3336,NC_001612,False,Picornaviridae Enterovirus A,95.959595,CV-A16,100.0,CV-A16,100.0,B1a,86.0
OP373952,2445,891,3336,NC_001612,False,Picornaviridae Enterovirus A,97.53087,CV-A16,100.0,CV-A16,100.0,B1a,81.0
OP373956,2445,891,3336,NC_001612,False,Picornaviridae Enterovirus A,97.3064,CV-A16,100.0,CV-A16,100.0,B1a,80.0
OP373957,2445,891,3336,NC_001612,False,Picornaviridae Enterovirus A,97.19417,CV-A16,100.0,CV-A16,100.0,B1a,80.0
OP373958,2445,891,3336,NC_001612,False,Picornaviridae Enterovirus A,96.969696,CV-A16,100.0,CV-A16,100.0,B1a,81.0
OP373959,2445,891,3336,NC_001612,False,Picornaviridae Enterovirus A,97.9798,CV-A16,100.0,CV-A16,100.0,B1a,87.0
OP373960,2445,891,3336,NC_001612,False,Picornaviridae Enterovirus A,97.75533,CV-A16,100.0,CV-A16,100.0,B1a,84.0
OP373961,2445,891,3336,NC_001612,False,Picornaviridae Enterovirus A,96.85747,CV-A16,100.0,CV-A16,100.0,B1a,88.0
OP373962,2445,891,3336,NC_001612,False,Picornaviridae Enterovirus A,97.53087,CV-A16,100.0,CV-A16,100.0,B1a,89.0
OP373963,2445,891,3336,NC_001612,False,Picornaviridae Enterovirus A,97.9798,CV-A16,100.0,CV-A16,100.0,B1a,80.0
OP373964,2445,891,3336,NC_001612,False,Picornaviridae Enterovirus A,98.09203,CV-A16,100.0,CV-A16,100.0,B1a,84.0
OP373965,2445,891,3336,NC_001612,False,Picornaviridae Enterovirus A,97.75533,CV-A16,100.0,CV-A16,100.0,B1a,90.0
OP373966,2445,891,3336,NC_001612,False,Picornaviridae Enterovirus A,96.632996,CV-A16,100.0,CV-A16,100.0,B1a,88.0
OP562170,2,7408,7414,NC_001612,False,Picornaviridae Enterovirus A,99.23056,CV-A16,100.0,CV-A16,100.0,B1a,87.0
OP562171,2,7408,7414,NC_001612,False,Picornaviridae Enterovirus A,96.881744,CV-A16,100.0,CV-A16,100.0,B1b,82.0
OP562175,2,7408,7414,NC_001612,False,Picornaviridae Enterovirus A,95.39687,CV-A16,100.0,CV-A16,100.0,B1c,81.0
OP562176,2,7408,7414,NC_001612,False,Picornaviridae Enterovirus A,96.81339,CV-A16,100.0,CV-A16,100.0,B1a,85.0
OP562178,2,7408,7414,NC_001612,False,Picornaviridae Enterovirus A,97.78558,CV-A16,100.0,CV-A16,100.0,B1a,81.0
OP562179,2,7407,7414,NC_001612,False,Picornaviridae Enterovirus A,97.65055,CV-A16,100.0,CV-A16,100.0,B1a,84.0
OP562180,2,7407,7413,NC_001612,False,Picornaviridae Enterovirus A,97.67756,CV-A16,100.0,CV-A16,100.0,B1a,89.0
OP562181,2,7407,7413,NC_001612,False,Picornaviridae Enterovirus A,97.583046,CV-A16,100.0,CV-A16,100.0,B1a,80.0
OP562182,2,7408,7414,NC_001612,False,Picornaviridae Enterovirus A,97.3535,CV-A16,100.0,CV-A16,100.0,B1a,84.0
OP562183,2,7408,7414,NC_001612,False,Picornaviridae Enterovirus A,96.28679,CV-A16,100.0,CV-A16,100.0,B1a,83.0
OP562184,2,7407,7413,NC_001612,False,Picornaviridae Enterovirus A,97.16447,CV-A16,100.0,CV-A16,100.0,B1a,86.0
OP562186,2,7404,7413,NC_001612,False,Picornaviridae Enterovirus A,98.75649,CV-A16,100.0,CV-A16,100.0,B1a,84.0
OP562187,2,7406,7413,NC_001612,False,Picornaviridae Enterovirus A,98.7155,CV-A16,100.0,CV-A16,100.0,B1a,84.0
OP562188,2,7409,7414,NC_001612,False,Picornaviridae Enterovirus A,85.17618,CV-A16,96.0,CV-A16,100.0,B2,84.0
OP562189,2,7408,7414,NC_001612,False,Picornaviridae Enterovirus A,84.92171,CV-A16,96.0,CV-A16,100.0,B2,97.0
OP562190,2,7407,7413,NC_001612,False,Picornaviridae Enterovirus A,85.13769,CV-A16,96.0,CV-A16,100.0,B2,93.0
OP562191,0,7406,7411,NC_001612,False,Picornaviridae Enterovirus A,97.19147,CV-A16,100.0,CV-A16,100.0,B1a,82.0
OP562192,0,7408,7413,NC_001612,False,Picornaviridae Enterovirus A,96.11284,CV-A16,100.0,CV-A16,100.0,B1a,86.0
OP562193,0,7409,7413,NC_001612,False,Picornaviridae Enterovirus A,97.05763,CV-A16,100.0,CV-A16,100.0,B1a,82.0
OP562194,0,7408,7413,NC_001612,False,Picornaviridae Enterovirus A,97.07113,CV-A16,100.0,CV-A16,100.0,B1a,81.0
OP562195,0,7408,7413,NC_001612,False,Picornaviridae Enterovirus A,97.09812,CV-A16,100.0,CV-A16,100.0,B1a,83.0
OP562196,0,7409,7413,NC_001612,False,Picornaviridae Enterovirus A,96.909164,CV-A16,100.0,CV-A16,100.0,B1a,86.0
OP562197,705,6664,7368,NC_001612,False,Picornaviridae Enterovirus A,95.41409,CV-A16,100.0,CV-A16,100.0,B1a,87.0
OP562199,712,6707,7416,NC_001612,False,Picornaviridae Enterovirus A,94.80072,CV-A16,100.0,CV-A16,100.0,B1a,82.0
OP562201,715,6643,7358,NC_001612,False,Picornaviridae Enterovirus A,94.13803,CV-A16,100.0,CV-A16,100.0,B1a,91.0
OP562202,2445,880,3325,NC_001612,False,Picornaviridae Enterovirus A,90.56818,CV-A16,100.0,CV-A16,100.0,B2,82.0
OP562203,2445,880,3325,NC_001612,False,Picornaviridae Enterovirus A,91.02273,CV-A16,100.0,CV-A16,100.0,B2,83.0
OP562205,2445,880,3325,NC_001612,False,Picornaviridae Enterovirus A,90.68182,CV-A16,100.0,CV-A16,100.0,B2,82.0
OP562206,2445,880,3325,NC_001612,False,Picornaviridae Enterovirus A,99.318184,CV-A16,100.0,CV-A16,100.0,B1a,88.0
OP562207,2445,880,3325,NC_001612,False,Picornaviridae Enterovirus A,99.318184,CV-A16,100.0,CV-A16,100.0,B1a,86.0
OP562208,2445,880,3325,NC_001612,False,Picornaviridae Enterovirus A,95.22727,CV-A16,100.0,CV-A16,100.0,B1c,81.0
OP562213,2445,880,3325,NC_001612,False,Picornaviridae Enterovirus A,97.5,CV-A16,100.0,CV-A16,100.0,B1a,84.0
OP562214,2445,880,3325,NC_001612,False,Picornaviridae Enterovirus A,97.61364,CV-A16,100.0,CV-A16,100.0,B1a,91.0
OP562215,2445,880,3325,NC_001612,False,Picornaviridae Enterovirus A,97.61364,CV-A16,100.0,CV-A16,100.0,B1a,84.0
OP562216,2445,880,3325,NC_001612,False,Picornaviridae Enterovirus A,97.045456,CV-A16,100.0,CV-A16,100.0,B1a,88.0
OP562217,2445,880,3325,NC_001612,False,Picornaviridae Enterovirus A,96.93182,CV-A16,100.0,CV-A16,100.0,B1a,90.0
OP562218,2445,880,3325,NC_001612,False,Picornaviridae Enterovirus A,97.5,CV-A16,100.0,CV-A16,100.0,B1a,86.0
OP562219,2428,897,3325,NC_001612,False,Picornaviridae Enterovirus A,97.50284,CV-A16,100.0,CV-A16,100.0,B1a,87.0
OP562220,2445,880,3325,NC_001612,False,Picornaviridae Enterovirus A,98.97727,CV-A16,100.0,CV-A16,100.0,B1a,89.0
OP562221,2445,880,3325,NC_001612,False,Picornaviridae Enterovirus A,98.295456,CV-A16,100.0,CV-A16,100.0,B1a,84.0
OP562222,2445,880,3325,NC_001612,False,Picornaviridae Enterovirus A,97.954544,CV-A16,100.0,CV-A16,100.0,B1a,88.0
OP562223,2445,880,3325,NC_001612,False,Picornaviridae Enterovirus A,97.954544,CV-A16,100.0,CV-A16,100.0,B1a,89.0
OP562225,2445,855,3300,NC_001612,False,Picornaviridae Enterovirus A,96.25731,CV-A16,100.0,CV-A16,100.0,B1a,81.0
OP562226,2445,855,3300,NC_001612,False,Picornaviridae Enterovirus A,96.608185,CV-A16,100.0,CV-A16,100.0,B1a,81.0
OP562227,2428,897,3325,NC_001612,False,Picornaviridae Enterovirus A,98.18388,CV-A16,100.0,CV-A16,100.0,B1a,83.0
OP562228,750,2575,3325,NC_001612,False,Picornaviridae Enterovirus A,96.19417,CV-A16,100.0,CV-A16,100.0,B1a,82.0
OP562229,750,2575,3325,NC_001612,False,Picornaviridae Enterovirus A,95.37865,CV-A16,100.0,CV-A16,100.0,B1a,86.0
OP562230,750,2575,3325,NC_001612,False,Picornaviridae Enterovirus A,95.1068,CV-A16,100.0,CV-A16,100.0,B1a,84.0
OP562233,750,2575,3325,NC_001612,False,Picornaviridae Enterovirus A,93.90291,CV-A16,100.0,CV-A16,100.0,B1a,86.0
OP562234,750,2575,3325,NC_001612,False,Picornaviridae Enterovirus A,93.63107,CV-A16,100.0,CV-A16,100.0,B1a,85.0
OP562235,750,2575,3325,NC_001612,False,Picornaviridae Enterovirus A,93.63107,CV-A16,100.0,CV-A16,100.0,B1a,84.0
OP562236,750,2575,3325,NC_001612,False,Picornaviridae Enterovirus A,93.47573,CV-A16,100.0,CV-A16,100.0,B1a,80.0
OP562237,750,2575,3325,NC_001612,False,Picornaviridae Enterovirus A,93.747574,CV-A16,100.0,CV-A16,100.0,B1a,84.0
OP651899,0,7410,7414,NC_001612,False,Picornaviridae Enterovirus A,94.19703,CV-A16,100.0,CV-A16,100.0,B1c,100.0
OQ607171,747,4890,5637,NC_001612,False,Picornaviridae Enterovirus A,100.0,CV-A16,100.0,CV-A16,100.0,A,100.0
OQ626403,2445,891,3336,NC_001612,False,Picornaviridae Enterovirus A,94.044945,CV-A16,100.0,CV-A16,100.0,B1a,83.0
OQ626404,2445,891,3336,NC_001612,False,Picornaviridae Enterovirus A,93.93259,CV-A16,100.0,CV-A16,100.0,B1a,91.0
OQ626406,2445,891,3336,NC_001612,False,Picornaviridae Enterovirus A,97.08193,CV-A16,100.0,CV-A16,100.0,B1b,100.0
OQ626407,2445,891,3336,NC_001612,False,Picornaviridae Enterovirus A,93.82023,CV-A16,100.0,CV-A16,100.0,B1a,85.0
OQ626408,2445,891,3336,NC_001612,False,Picornaviridae Enterovirus A,93.04153,CV-A16,100.0,CV-A16,100.0,B1b,100.0
OQ626409,2445,891,3336,NC_001612,False,Picornaviridae Enterovirus A,96.296295,CV-A16,100.0,CV-A16,100.0,B1b,99.0
OQ626410,2445,891,3336,NC_001612,False,Picornaviridae Enterovirus A,93.70786,CV-A16,100.0,CV-A16,100.0,B1a,82.0
OQ626411,2445,891,3336,NC_001612,False,Picornaviridae Enterovirus A,94.044945,CV-A16,100.0,CV-A16,100.0,B1a,85.0
OQ626412,2445,891,3336,NC_001612,False,Picornaviridae Enterovirus A,96.74523,CV-A16,100.0,CV-A16,100.0,B1b,96.0
OQ626414,2445,891,3336,NC_001612,False,Picornaviridae Enterovirus A,93.70786,CV-A16,100.0,CV-A16,100.0,B1a,83.0
OQ626415,2445,891,3336,NC_001612,False,Picornaviridae Enterovirus A,96.74523,CV-A16,100.0,CV-A16,100.0,B1b,97.0
OQ626416,2445,891,3336,NC_001612,False,Picornaviridae Enterovirus A,96.40853,CV-A16,100.0,CV-A16,100.0,B1b,100.0
OQ626420,2445,891,3336,NC_001612,False,Picornaviridae Enterovirus A,93.595505,CV-A16,100.0,CV-A16,100.0,B1a,80.0
OQ626422,2445,891,3336,NC_001612,False,Picornaviridae Enterovirus A,94.1573,CV-A16,100.0,CV-A16,100.0,B1a,81.0
OQ626423,2445,891,3336,NC_001612,False,Picornaviridae Enterovirus A,96.07183,CV-A16,100.0,CV-A16,100.0,B1b,99.0
OQ626425,2445,891,3336,NC_001612,False,Picornaviridae Enterovirus A,93.93259,CV-A16,100.0,CV-A16,100.0,B1a,84.0
OQ626428,2445,891,3336,NC_001612,False,Picornaviridae Enterovirus A,96.40853,CV-A16,100.0,CV-A16,100.0,B1b,96.0
OQ626429,2445,891,3336,NC_001612,False,Picornaviridae Enterovirus A,96.07183,CV-A16,100.0,CV-A16,100.0,B1b,99.0
OQ626430,2445,891,3336,NC_001612,False,Picornaviridae Enterovirus A,94.044945,CV-A16,100.0,CV-A16,100.0,B1a,86.0
OQ626431,2445,891,3336,NC_001612,False,Picornaviridae Enterovirus A,96.40853,CV-A16,100.0,CV-A16,100.0,B1b,97.0
OQ626432,2445,891,3336,NC_001612,False,Picornaviridae Enterovirus A,94.1573,CV-A16,100.0,CV-A16,100.0,B1a,81.0
OQ626433,2445,891,3336,NC_001612,False,Picornaviridae Enterovirus A,93.82023,CV-A16,100.0,CV-A16,100.0,B1a,80.0
OQ626434,2445,891,3336,NC_001612,False,Picornaviridae Enterovirus A,96.52077,CV-A16,100.0,CV-A16,100.0,B1b,98.0
OQ626435,2445,891,3336,NC_001612,False,Picornaviridae Enterovirus A,96.296295,CV-A16,100.0,CV-A16,100.0,B1b,97.0
OQ626436,2445,891,3336,NC_001612,False,Picornaviridae Enterovirus A,97.86757,CV-A16,100.0,CV-A16,100.0,B1b,96.0
OQ626438,2445,891,3336,NC_001612,False,Picornaviridae Enterovirus A,96.52077,CV-A16,100.0,CV-A16,100.0,B1b,96.0
OQ626439,2445,891,3336,NC_001612,False,Picornaviridae Enterovirus A,95.959595,CV-A16,100.0,CV-A16,100.0,B1b,100.0
OQ626440,2445,891,3336,NC_001612,False,Picornaviridae Enterovirus A,96.40853,CV-A16,100.0,CV-A16,100.0,B1b,97.0
OQ626441,2445,891,3336,NC_001612,False,Picornaviridae Enterovirus A,97.08193,CV-A16,100.0,CV-A16,100.0,B1b,99.0
OQ626442,2445,891,3336,NC_001612,False,Picornaviridae Enterovirus A,93.93259,CV-A16,100.0,CV-A16,100.0,B1a,86.0
OQ626443,2445,891,3336,NC_001612,False,Picornaviridae Enterovirus A,97.3064,CV-A16,100.0,CV-A16,100.0,B1b,97.0
OQ626444,2445,891,3336,NC_001612,False,Picornaviridae Enterovirus A,94.26966,CV-A16,100.0,CV-A16,100.0,B1a,82.0
OQ626445,2445,891,3336,NC_001612,False,Picornaviridae Enterovirus A,94.38203,CV-A16,100.0,CV-A16,100.0,B1a,87.0
OQ626446,2445,891,3336,NC_001612,False,Picornaviridae Enterovirus A,96.296295,CV-A16,100.0,CV-A16,100.0,B1b,98.0
OQ626448,2445,891,3336,NC_001612,False,Picornaviridae Enterovirus A,96.632996,CV-A16,100.0,CV-A16,100.0,B1b,95.0
OQ626449,2445,891,3336,NC_001612,False,Picornaviridae Enterovirus A,96.18407,CV-A16,100.0,CV-A16,100.0,B1b,96.0
OQ626450,2445,891,3336,NC_001612,False,Picornaviridae Enterovirus A,96.74523,CV-A16,100.0,CV-A16,100.0,B1b,99.0
OQ626451,2445,891,3336,NC_001612,False,Picornaviridae Enterovirus A,96.40853,CV-A16,100.0,CV-A16,100.0,B1b,96.0
OQ626453,2445,891,3336,NC_001612,False,Picornaviridae Enterovirus A,96.52077,CV-A16,100.0,CV-A16,100.0,B1b,98.0
OQ626454,2445,891,3336,NC_001612,False,Picornaviridae Enterovirus A,96.52077,CV-A16,100.0,CV-A16,100.0,B1b,96.0
OQ626455,2445,891,3336,NC_001612,False,Picornaviridae Enterovirus A,97.3064,CV-A16,100.0,CV-A16,100.0,B1b,100.0
OQ626456,2445,891,3336,NC_001612,False,Picornaviridae Enterovirus A,93.93259,CV-A16,100.0,CV-A16,100.0,B1a,80.0
OQ626457,2445,891,3336,NC_001612,False,Picornaviridae Enterovirus A,94.044945,CV-A16,100.0,CV-A16,100.0,B1a,84.0
OQ626458,2445,891,3336,NC_001612,False,Picornaviridae Enterovirus A,97.3064,CV-A16,100.0,CV-A16,100.0,B1b,95.0
OQ626459,2445,891,3336,NC_001612,False,Picornaviridae Enterovirus A,96.18407,CV-A16,100.0,CV-A16,100.0,B1b,98.0
OQ626460,2445,891,3336,NC_001612,False,Picornaviridae Enterovirus A,93.70786,CV-A16,100.0,CV-A16,100.0,B1a,85.0
OQ626461,2445,891,3336,NC_001612,False,Picornaviridae Enterovirus A,96.40853,CV-A16,100.0,CV-A16,100.0,B1b,100.0
OQ626462,2445,891,3336,NC_001612,False,Picornaviridae Enterovirus A,94.1573,CV-A16,100.0,CV-A16,100.0,B1a,81.0
OQ626463,2445,891,3336,NC_001612,False,Picornaviridae Enterovirus A,94.1573,CV-A16,100.0,CV-A16,100.0,B1a,87.0
OQ626464,2445,891,3336,NC_001612,False,Picornaviridae Enterovirus A,94.044945,CV-A16,100.0,CV-A16,100.0,B1a,81.0
OQ626465,2445,891,3336,NC_001612,False,Picornaviridae Enterovirus A,93.93259,CV-A16,100.0,CV-A16,100.0,B1a,80.0
OQ626466,2445,891,3336,NC_001612,False,Picornaviridae Enterovirus A,96.52077,CV-A16,100.0,CV-A16,100.0,B1b,98.0
OQ626467,2445,891,3336,NC_001612,False,Picornaviridae Enterovirus A,94.26966,CV-A16,100.0,CV-A16,100.0,B1a,80.0
OQ626469,2445,891,3336,NC_001612,False,Picornaviridae Enterovirus A,96.74523,CV-A16,100.0,CV-A16,100.0,B1b,100.0
OQ626472,2445,891,3336,NC_001612,False,Picornaviridae Enterovirus A,97.6431,CV-A16,100.0,CV-A16,100.0,B1b,97.0
OQ626478,2445,891,3336,NC_001612,False,Picornaviridae Enterovirus A,94.044945,CV-A16,100.0,CV-A16,100.0,B1a,80.0
OQ626479,2445,891,3336,NC_001612,False,Picornaviridae Enterovirus A,97.19101,CV-A16,100.0,CV-A16,100.0,B1b,98.0
OQ626480,2445,891,3336,NC_001612,False,Picornaviridae Enterovirus A,96.632996,CV-A16,100.0,CV-A16,100.0,B1b,100.0
OQ626481,2445,891,3336,NC_001612,False,Picornaviridae Enterovirus A,93.82023,CV-A16,100.0,CV-A16,100.0,B1a,83.0
OQ626482,2445,891,3336,NC_001612,False,Picornaviridae Enterovirus A,94.26966,CV-A16,100.0,CV-A16,100.0,B1a,85.0
OQ626483,2445,891,3336,NC_001612,False,Picornaviridae Enterovirus A,96.52077,CV-A16,100.0,CV-A16,100.0,B1b,98.0
OQ626484,2445,891,3336,NC_001612,False,Picornaviridae Enterovirus A,96.18407,CV-A16,100.0,CV-A16,100.0,B1b,97.0
OQ626486,2445,891,3336,NC_001612,False,Picornaviridae Enterovirus A,93.70786,CV-A16,100.0,CV-A16,100.0,B1a,91.0
OQ626487,2445,891,3336,NC_001612,False,Picornaviridae Enterovirus A,96.632996,CV-A16,100.0,CV-A16,100.0,B1b,98.0
OQ626489,2445,891,3336,NC_001612,False,Picornaviridae Enterovirus A,96.632996,CV-A16,100.0,CV-A16,100.0,B1b,98.0
OQ626490,2445,891,3336,NC_001612,False,Picornaviridae Enterovirus A,95.959595,CV-A16,100.0,CV-A16,100.0,B1b,97.0
OQ626491,2445,891,3336,NC_001612,False,Picornaviridae Enterovirus A,96.52077,CV-A16,100.0,CV-A16,100.0,B1b,96.0
OQ626492,2445,891,3336,NC_001612,False,Picornaviridae Enterovirus A,96.632996,CV-A16,100.0,CV-A16,100.0,B1b,99.0
OQ626493,2445,891,3336,NC_001612,False,Picornaviridae Enterovirus A,96.632996,CV-A16,100.0,CV-A16,100.0,B1b,99.0
OQ626496,2445,891,3336,NC_001612,False,Picornaviridae Enterovirus A,96.07183,CV-A16,100.0,CV-A16,100.0,B1b,98.0
OQ626498,2445,891,3336,NC_001612,False,Picornaviridae Enterovirus A,94.1573,CV-A16,100.0,CV-A16,100.0,B1a,84.0
OQ626500,2445,891,3336,NC_001612,False,Picornaviridae Enterovirus A,96.296295,CV-A16,100.0,CV-A16,100.0,B1b,99.0
OQ626501,2445,891,3336,NC_001612,False,Picornaviridae Enterovirus A,96.296295,CV-A16,100.0,CV-A16,100.0,B1b,100.0
OQ626502,2445,891,3336,NC_001612,False,Picornaviridae Enterovirus A,93.93259,CV-A16,100.0,CV-A16,100.0,B1a,86.0
OQ626503,2445,891,3336,NC_001612,False,Picornaviridae Enterovirus A,90.89888,CV-A16,100.0,CV-A16,100.0,A,84.0
OQ626504,2445,891,3336,NC_001612,False,Picornaviridae Enterovirus A,90.89888,CV-A16,100.0,CV-A16,100.0,A,91.0
OQ626507,2445,891,3336,NC_001612,False,Picornaviridae Enterovirus A,94.26966,CV-A16,100.0,CV-A16,100.0,B1a,92.0
OQ626508,2445,891,3336,NC_001612,False,Picornaviridae Enterovirus A,96.40853,CV-A16,100.0,CV-A16,100.0,B1b,97.0
OQ626513,2445,891,3336,NC_001612,False,Picornaviridae Enterovirus A,95.17396,CV-A16,100.0,CV-A16,100.0,B1a,86.0
OQ626514,2445,891,3336,NC_001612,False,Picornaviridae Enterovirus A,95.06173,CV-A16,100.0,CV-A16,100.0,B1a,87.0
OQ626516,2445,891,3336,NC_001612,False,Picornaviridae Enterovirus A,94.83726,CV-A16,100.0,CV-A16,100.0,B1a,82.0
OQ626520,2445,891,3336,NC_001612,False,Picornaviridae Enterovirus A,95.84736,CV-A16,100.0,CV-A16,100.0,B1b,96.0
OQ626521,2445,891,3336,NC_001612,False,Picornaviridae Enterovirus A,93.48315,CV-A16,100.0,CV-A16,100.0,B1a,92.0
OQ626524,2445,891,3336,NC_001612,False,Picornaviridae Enterovirus A,94.044945,CV-A16,100.0,CV-A16,100.0,B1a,85.0
OQ626528,2445,891,3336,NC_001612,False,Picornaviridae Enterovirus A,93.93259,CV-A16,100.0,CV-A16,100.0,B1a,84.0
OQ626534,2445,891,3336,NC_001612,False,Picornaviridae Enterovirus A,93.93259,CV-A16,100.0,CV-A16,100.0,B1a,82.0
OQ626536,2445,891,3336,NC_001612,False,Picornaviridae Enterovirus A,93.595505,CV-A16,100.0,CV-A16,100.0,B1a,87.0
OQ696784,2577,341,2918,NC_001612,False,Picornaviridae Enterovirus A,90.909096,CV-A16,100.0,CV-A16,100.0,B1c,86.0
OQ791540,0,7410,7415,NC_001612,False,Picornaviridae Enterovirus A,96.07235,CV-A16,100.0,CV-A16,100.0,B1a,88.0
OR437333,10,7399,7413,NC_001612,False,Picornaviridae Enterovirus A,93.333336,CV-A16,100.0,CV-A16,100.0,B1c,100.0
OR437334,14,7395,7413,NC_001612,False,Picornaviridae Enterovirus A,91.68357,CV-A16,100.0,CV-A16,100.0,B1c,92.0
OR437335,10,7399,7413,NC_001612,False,Picornaviridae Enterovirus A,92.576065,CV-A16,100.0,CV-A16,100.0,B1c,98.0
OR437336,8,7401,7413,NC_001612,False,Picornaviridae Enterovirus A,92.46789,CV-A16,100.0,CV-A16,100.0,B1c,100.0
OR437337,14,7395,7413,NC_001612,False,Picornaviridae Enterovirus A,93.40095,CV-A16,100.0,CV-A16,100.0,B1c,100.0
OR507254,2445,833,3278,NC_001612,False,Picornaviridae Enterovirus A,96.51861,CV-A16,100.0,CV-A16,100.0,B1b,95.0
OR507255,2445,833,3278,NC_001612,False,Picornaviridae Enterovirus A,97.839134,CV-A16,100.0,CV-A16,100.0,B1b,99.0
OR507256,2445,833,3278,NC_001612,False,Picornaviridae Enterovirus A,97.599045,CV-A16,100.0,CV-A16,100.0,B1b,95.0
OR507257,2445,833,3278,NC_001612,False,Picornaviridae Enterovirus A,96.878746,CV-A16,100.0,CV-A16,100.0,B1b,99.0
OR507258,2445,833,3278,NC_001612,False,Picornaviridae Enterovirus A,96.878746,CV-A16,100.0,CV-A16,100.0,B1b,99.0
OR507260,2445,833,3278,NC_001612,False,Picornaviridae Enterovirus A,93.877556,CV-A16,100.0,CV-A16,100.0,B1a,82.0
OR507262,2445,833,3278,NC_001612,False,Picornaviridae Enterovirus A,96.9988,CV-A16,100.0,CV-A16,100.0,B1b,97.0
OR507263,2445,833,3278,NC_001612,False,Picornaviridae Enterovirus A,96.9988,CV-A16,100.0,CV-A16,100.0,B1b,97.0
OR507264,2445,833,3278,NC_001612,False,Picornaviridae Enterovirus A,96.15846,CV-A16,100.0,CV-A16,100.0,B1b,95.0
OR507266,2445,833,3278,NC_001612,False,Picornaviridae Enterovirus A,97.11885,CV-A16,100.0,CV-A16,100.0,B1b,100.0
OR507267,2445,833,3278,NC_001612,False,Picornaviridae Enterovirus A,94.35774,CV-A16,100.0,CV-A16,100.0,B1a,89.0
OR507268,2445,833,3278,NC_001612,False,Picornaviridae Enterovirus A,94.23769,CV-A16,100.0,CV-A16,100.0,B1a,82.0
OR507270,2445,833,3278,NC_001612,False,Picornaviridae Enterovirus A,94.35774,CV-A16,100.0,CV-A16,100.0,B1a,84.0
OR507271,2445,833,3278,NC_001612,False,Picornaviridae Enterovirus A,96.878746,CV-A16,100.0,CV-A16,100.0,B1b,98.0
OR507272,2445,833,3278,NC_001612,False,Picornaviridae Enterovirus A,96.878746,CV-A16,100.0,CV-A16,100.0,B1b,98.0
OR507273,2445,833,3278,NC_001612,False,Picornaviridae Enterovirus A,97.719086,CV-A16,100.0,CV-A16,100.0,B1b,97.0
OR507275,2445,833,3278,NC_001612,False,Picornaviridae Enterovirus A,96.878746,CV-A16,100.0,CV-A16,100.0,B1b,97.0
OR507280,2445,833,3278,NC_001612,False,Picornaviridae Enterovirus A,96.39856,CV-A16,100.0,CV-A16,100.0,B1b,95.0
OR507281,2445,833,3278,NC_001612,False,Picornaviridae Enterovirus A,96.39856,CV-A16,100.0,CV-A16,100.0,B1b,96.0
OR507283,2445,833,3278,NC_001612,False,Picornaviridae Enterovirus A,96.27851,CV-A16,100.0,CV-A16,100.0,B1b,99.0
OR507284,2445,833,3278,NC_001612,False,Picornaviridae Enterovirus A,96.39856,CV-A16,100.0,CV-A16,100.0,B1b,95.0
OR507285,2445,833,3278,NC_001612,False,Picornaviridae Enterovirus A,96.39856,CV-A16,100.0,CV-A16,100.0,B1b,96.0
OR507286,2445,833,3278,NC_001612,False,Picornaviridae Enterovirus A,96.27851,CV-A16,100.0,CV-A16,100.0,B1b,100.0
OR507287,2445,833,3278,NC_001612,False,Picornaviridae Enterovirus A,95.79832,CV-A16,100.0,CV-A16,100.0,B1b,89.0
OR507288,2445,833,3278,NC_001612,False,Picornaviridae Enterovirus A,95.918365,CV-A16,100.0,CV-A16,100.0,B1b,94.0
OR507289,2445,833,3278,NC_001612,False,Picornaviridae Enterovirus A,96.038414,CV-A16,100.0,CV-A16,100.0,B1b,97.0
OR507290,2445,833,3278,NC_001612,False,Picornaviridae Enterovirus A,96.038414,CV-A16,100.0,CV-A16,100.0,B1b,95.0
OR507291,2445,833,3278,NC_001612,False,Picornaviridae Enterovirus A,96.39856,CV-A16,100.0,CV-A16,100.0,B1b,99.0
OR507292,2445,833,3278,NC_001612,False,Picornaviridae Enterovirus A,96.27851,CV-A16,100.0,CV-A16,100.0,B1b,94.0
OR507293,2445,833,3278,NC_001612,False,Picornaviridae Enterovirus A,96.27851,CV-A16,100.0,CV-A16,100.0,B1b,98.0
OR507294,2445,833,3278,NC_001612,False,Picornaviridae Enterovirus A,96.15846,CV-A16,100.0,CV-A16,100.0,B1b,98.0
OR507297,2445,833,3278,NC_001612,False,Picornaviridae Enterovirus A,95.67827,CV-A16,100.0,CV-A16,100.0,B1b,97.0
OR507298,2445,833,3278,NC_001612,False,Picornaviridae Enterovirus A,93.157265,CV-A16,100.0,CV-A16,100.0,B1a,83.0
OR507299,2445,833,3278,NC_001612,False,Picornaviridae Enterovirus A,93.5174,CV-A16,100.0,CV-A16,100.0,B1a,81.0
OR507300,2445,833,3278,NC_001612,False,Picornaviridae Enterovirus A,96.038414,CV-A16,100.0,CV-A16,100.0,B1b,98.0
OR507301,2445,833,3278,NC_001612,False,Picornaviridae Enterovirus A,95.79832,CV-A16,100.0,CV-A16,100.0,B1b,99.0
OR507302,2445,833,3278,NC_001612,False,Picornaviridae Enterovirus A,96.038414,CV-A16,100.0,CV-A16,100.0,B1b,94.0
OR507303,2445,833,3278,NC_001612,False,Picornaviridae Enterovirus A,96.038414,CV-A16,100.0,CV-A16,100.0,B1b,95.0
OR507304,2445,833,3278,NC_001612,False,Picornaviridae Enterovirus A,96.038414,CV-A16,100.0,CV-A16,100.0,B1b,91.0
OR507305,2445,833,3278,NC_001612,False,Picornaviridae Enterovirus A,95.918365,CV-A16,100.0,CV-A16,100.0,B1b,97.0
OR507306,2445,833,3278,NC_001612,False,Picornaviridae Enterovirus A,96.038414,CV-A16,100.0,CV-A16,100.0,B1b,91.0
OR507307,2445,833,3278,NC_001612,False,Picornaviridae Enterovirus A,95.918365,CV-A16,100.0,CV-A16,100.0,B1b,93.0
OR507314,2445,833,3278,NC_001612,False,Picornaviridae Enterovirus A,96.15846,CV-A16,100.0,CV-A16,100.0,B1b,94.0
OR507321,2445,833,3278,NC_001612,False,Picornaviridae Enterovirus A,96.39856,CV-A16,100.0,CV-A16,100.0,B1b,94.0
OR507322,2445,833,3278,NC_001612,False,Picornaviridae Enterovirus A,95.55823,CV-A16,100.0,CV-A16,100.0,B1b,96.0
OR507323,2445,833,3278,NC_001612,False,Picornaviridae Enterovirus A,96.038414,CV-A16,100.0,CV-A16,100.0,B1b,91.0
OR507324,2445,833,3278,NC_001612,False,Picornaviridae Enterovirus A,96.038414,CV-A16,100.0,CV-A16,100.0,B1b,97.0
OR507325,2445,833,3278,NC_001612,False,Picornaviridae Enterovirus A,93.27731,CV-A16,100.0,CV-A16,100.0,B1a,85.0
OR507326,2445,833,3278,NC_001612,False,Picornaviridae Enterovirus A,93.27731,CV-A16,100.0,CV-A16,100.0,B1a,81.0
OR507327,2445,833,3278,NC_001612,False,Picornaviridae Enterovirus A,96.038414,CV-A16,100.0,CV-A16,100.0,B1b,98.0
OR507328,2445,833,3278,NC_001612,False,Picornaviridae Enterovirus A,96.038414,CV-A16,100.0,CV-A16,100.0,B1b,94.0
OR507329,2445,833,3278,NC_001612,False,Picornaviridae Enterovirus A,93.39736,CV-A16,100.0,CV-A16,100.0,B1a,84.0
OR507330,2445,833,3278,NC_001612,False,Picornaviridae Enterovirus A,95.79832,CV-A16,100.0,CV-A16,100.0,B1b,95.0
OR507331,2445,833,3278,NC_001612,False,Picornaviridae Enterovirus A,95.67827,CV-A16,100.0,CV-A16,100.0,B1b,93.0
OR507332,2445,833,3278,NC_001612,False,Picornaviridae Enterovirus A,93.39736,CV-A16,100.0,CV-A16,100.0,B1a,83.0
OR507333,2445,833,3278,NC_001612,False,Picornaviridae Enterovirus A,95.67827,CV-A16,100.0,CV-A16,100.0,B1b,93.0
OR507334,2445,833,3278,NC_001612,False,Picornaviridae Enterovirus A,95.918365,CV-A16,100.0,CV-A16,100.0,B1b,97.0
OR507335,2445,833,3278,NC_001612,False,Picornaviridae Enterovirus A,95.67827,CV-A16,100.0,CV-A16,100.0,B1b,97.0
OR507336,2445,833,3278,NC_001612,False,Picornaviridae Enterovirus A,95.67827,CV-A16,100.0,CV-A16,100.0,B1b,98.0
OR507337,2445,833,3278,NC_001612,False,Picornaviridae Enterovirus A,95.67827,CV-A16,100.0,CV-A16,100.0,B1b,100.0
OR507338,2445,833,3278,NC_001612,False,Picornaviridae Enterovirus A,95.67827,CV-A16,100.0,CV-A16,100.0,B1b,97.0
OR507340,2445,833,3278,NC_001612,False,Picornaviridae Enterovirus A,95.79832,CV-A16,100.0,CV-A16,100.0,B1b,94.0
OR507344,2445,833,3278,NC_001612,False,Picornaviridae Enterovirus A,96.27851,CV-A16,100.0,CV-A16,100.0,B1b,95.0
OR507345,2445,833,3278,NC_001612,False,Picornaviridae Enterovirus A,96.27851,CV-A16,100.0,CV-A16,100.0,B1b,97.0
OR507346,2445,833,3278,NC_001612,False,Picornaviridae Enterovirus A,96.15846,CV-A16,100.0,CV-A16,100.0,B1b,96.0
OR507347,2445,833,3278,NC_001612,False,Picornaviridae Enterovirus A,96.15846,CV-A16,100.0,CV-A16,100.0,B1b,97.0
OR507349,2445,833,3278,NC_001612,False,Picornaviridae Enterovirus A,96.27851,CV-A16,100.0,CV-A16,100.0,B1b,93.0
OR507350,2445,833,3278,NC_001612,False,Picornaviridae Enterovirus A,96.27851,CV-A16,100.0,CV-A16,100.0,B1b,99.0
OR507351,2445,833,3278,NC_001612,False,Picornaviridae Enterovirus A,96.39856,CV-A16,100.0,CV-A16,100.0,B1b,99.0
OR507352,2445,833,3278,NC_001612,False,Picornaviridae Enterovirus A,96.15846,CV-A16,100.0,CV-A16,100.0,B1b,96.0
OR507353,2445,833,3278,NC_001612,False,Picornaviridae Enterovirus A,96.15846,CV-A16,100.0,CV-A16,100.0,B1b,93.0
OR507354,2445,833,3278,NC_001612,False,Picornaviridae Enterovirus A,95.79832,CV-A16,100.0,CV-A16,100.0,B1b,98.0
OR507355,2445,833,3278,NC_001612,False,Picornaviridae Enterovirus A,96.27851,CV-A16,100.0,CV-A16,100.0,B1b,98.0
OR507356,2445,833,3278,NC_001612,False,Picornaviridae Enterovirus A,96.15846,CV-A16,100.0,CV-A16,100.0,B1b,97.0
OR507357,2445,833,3278,NC_001612,False,Picornaviridae Enterovirus A,96.27851,CV-A16,100.0,CV-A16,100.0,B1b,98.0
OR507358,2445,833,3278,NC_001612,False,Picornaviridae Enterovirus A,96.27851,CV-A16,100.0,CV-A16,100.0,B1b,97.0
OR507359,2445,833,3278,NC_001612,False,Picornaviridae Enterovirus A,95.918365,CV-A16,100.0,CV-A16,100.0,B1b,94.0
OR507360,2445,833,3278,NC_001612,False,Picornaviridae Enterovirus A,96.038414,CV-A16,100.0,CV-A16,100.0,B1b,99.0
OR507361,2445,833,3278,NC_001612,False,Picornaviridae Enterovirus A,96.27851,CV-A16,100.0,CV-A16,100.0,B1b,94.0
OR507362,2445,833,3278,NC_001612,False,Picornaviridae Enterovirus A,96.27851,CV-A16,100.0,CV-A16,100.0,B1b,95.0
OR507363,2445,833,3278,NC_001612,False,Picornaviridae Enterovirus A,96.15846,CV-A16,100.0,CV-A16,100.0,B1b,94.0
OR507364,2445,833,3278,NC_001612,False,Picornaviridae Enterovirus A,96.038414,CV-A16,100.0,CV-A16,100.0,B1b,100.0
OR507366,2445,833,3278,NC_001612,False,Picornaviridae Enterovirus A,96.27851,CV-A16,100.0,CV-A16,100.0,B1b,91.0
OR507367,2445,833,3278,NC_001612,False,Picornaviridae Enterovirus A,95.55823,CV-A16,100.0,CV-A16,100.0,B1b,93.0
OR507368,2445,833,3278,NC_001612,False,Picornaviridae Enterovirus A,96.27851,CV-A16,100.0,CV-A16,100.0,B1b,94.0
OR507369,2445,833,3278,NC_001612,False,Picornaviridae Enterovirus A,95.43818,CV-A16,100.0,CV-A16,100.0,B1b,98.0
OR507370,2445,833,3278,NC_001612,False,Picornaviridae Enterovirus A,96.27851,CV-A16,100.0,CV-A16,100.0,B1b,93.0
OR507371,2445,833,3278,NC_001612,False,Picornaviridae Enterovirus A,96.27851,CV-A16,100.0,CV-A16,100.0,B1b,96.0
OR507372,2445,833,3278,NC_001612,False,Picornaviridae Enterovirus A,96.27851,CV-A16,100.0,CV-A16,100.0,B1b,96.0
OR507373,2445,833,3278,NC_001612,False,Picornaviridae Enterovirus A,96.27851,CV-A16,100.0,CV-A16,100.0,B1b,97.0
OR507374,2445,833,3278,NC_001612,False,Picornaviridae Enterovirus A,97.35894,CV-A16,100.0,CV-A16,100.0,B1b,98.0
OR507376,2445,833,3278,NC_001612,False,Picornaviridae Enterovirus A,96.9988,CV-A16,100.0,CV-A16,100.0,B1b,94.0
OR507378,2445,833,3278,NC_001612,False,Picornaviridae Enterovirus A,96.758705,CV-A16,100.0,CV-A16,100.0,B1b,99.0
OR507379,2445,833,3278,NC_001612,False,Picornaviridae Enterovirus A,97.2389,CV-A16,100.0,CV-A16,100.0,B1b,99.0
OR507380,2445,833,3278,NC_001612,False,Picornaviridae Enterovirus A,96.758705,CV-A16,100.0,CV-A16,100.0,B1b,98.0
OR507381,2445,833,3278,NC_001612,False,Picornaviridae Enterovirus A,97.719086,CV-A16,100.0,CV-A16,100.0,B1b,97.0
OR507382,2445,833,3278,NC_001612,False,Picornaviridae Enterovirus A,97.35894,CV-A16,100.0,CV-A16,100.0,B1b,99.0
OR507383,2445,833,3278,NC_001612,False,Picornaviridae Enterovirus A,96.758705,CV-A16,100.0,CV-A16,100.0,B1b,99.0
OR507384,2445,833,3278,NC_001612,False,Picornaviridae Enterovirus A,97.35894,CV-A16,100.0,CV-A16,100.0,B1b,100.0
OR507386,2445,833,3278,NC_001612,False,Picornaviridae Enterovirus A,97.11885,CV-A16,100.0,CV-A16,100.0,B1b,97.0
OR507388,2445,833,3278,NC_001612,False,Picornaviridae Enterovirus A,96.878746,CV-A16,100.0,CV-A16,100.0,B1b,97.0
OR507389,2445,833,3278,NC_001612,False,Picornaviridae Enterovirus A,97.11885,CV-A16,100.0,CV-A16,100.0,B1b,96.0
OR507391,2445,833,3278,NC_001612,False,Picornaviridae Enterovirus A,97.11885,CV-A16,100.0,CV-A16,100.0,B1b,94.0
OR507394,2445,833,3278,NC_001612,False,Picornaviridae Enterovirus A,97.35894,CV-A16,100.0,CV-A16,100.0,B1b,94.0
OR507395,2445,833,3278,NC_001612,False,Picornaviridae Enterovirus A,96.51861,CV-A16,100.0,CV-A16,100.0,B1b,96.0
OR507396,2445,833,3278,NC_001612,False,Picornaviridae Enterovirus A,97.35894,CV-A16,100.0,CV-A16,100.0,B1b,100.0
OR507397,2445,833,3278,NC_001612,False,Picornaviridae Enterovirus A,96.038414,CV-A16,100.0,CV-A16,100.0,B1b,84.0
PP333115,2445,891,3336,NC_001612,False,Picornaviridae Enterovirus A,96.18407,CV-A16,100.0,CV-A16,100.0,B1b,94.0
PP333116,2445,891,3336,NC_001612,False,Picornaviridae Enterovirus A,96.07183,CV-A16,100.0,CV-A16,100.0,B1b,95.0
PP333117,2445,891,3336,NC_001612,False,Picornaviridae Enterovirus A,96.07183,CV-A16,100.0,CV-A16,100.0,B1b,97.0
PP333118,2445,891,3336,NC_001612,False,Picornaviridae Enterovirus A,96.18407,CV-A16,100.0,CV-A16,100.0,B1b,94.0
PP333119,2445,891,3336,NC_001612,False,Picornaviridae Enterovirus A,95.622894,CV-A16,100.0,CV-A16,100.0,B1b,94.0
PP333120,2445,891,3336,NC_001612,False,Picornaviridae Enterovirus A,95.959595,CV-A16,100.0,CV-A16,100.0,B1b,96.0
PP333133,2445,891,3336,NC_001612,False,Picornaviridae Enterovirus A,91.13356,CV-A16,100.0,CV-A16,100.0,A,83.0
PP482041,2445,891,3336,NC_001612,False,Picornaviridae Enterovirus A,96.632996,CV-A16,100.0,CV-A16,100.0,B1b,93.0
PP482043,2445,891,3336,NC_001612,False,Picornaviridae Enterovirus A,96.52077,CV-A16,100.0,CV-A16,100.0,B1b,95.0
PP482044,2445,891,3336,NC_001612,False,Picornaviridae Enterovirus A,95.73513,CV-A16,100.0,CV-A16,100.0,B1b,96.0
PP482045,2445,891,3336,NC_001612,False,Picornaviridae Enterovirus A,96.632996,CV-A16,100.0,CV-A16,100.0,B1b,97.0
PP482047,2445,891,3336,NC_001612,False,Picornaviridae Enterovirus A,96.52077,CV-A16,100.0,CV-A16,100.0,B1b,99.0
PP482048,2445,891,3336,NC_001612,False,Picornaviridae Enterovirus A,93.595505,CV-A16,100.0,CV-A16,100.0,B1a,85.0
PP482051,2445,891,3336,NC_001612,False,Picornaviridae Enterovirus A,96.40853,CV-A16,100.0,CV-A16,100.0,B1b,94.0
PP482052,2445,891,3336,NC_001612,False,Picornaviridae Enterovirus A,97.9798,CV-A16,100.0,CV-A16,100.0,B1b,97.0
PP869720,2622,287,2909,NC_001612,False,Picornaviridae Enterovirus A,96.15385,CV-A16,100.0,CV-A16,100.0,B1b,86.0
PP869722,2628,282,2910,NC_001612,False,Picornaviridae Enterovirus A,97.1223,CV-A16,100.0,CV-A16,100.0,B1b,89.0
PP869724,2640,266,2906,NC_001612,False,Picornaviridae Enterovirus A,96.99248,CV-A16,100.0,CV-A16,100.0,B1b,87.0
PP869725,2640,269,2909,NC_001612,False,Picornaviridae Enterovirus A,97.769516,CV-A16,100.0,CV-A16,100.0,B1b,86.0
PP869727,2640,269,2909,NC_001612,False,Picornaviridae Enterovirus A,98.141266,CV-A16,100.0,CV-A16,100.0,B1b,88.0
U05876,0,7413,7413,NC_001612,False,Picornaviridae Enterovirus A,100.0,CV-A16,100.0,CV-A16,100.0,A,100.0
AB114124,2636,711,3347,NC_001612,False,Picornaviridae Enterovirus A,97.74965,CV-A16,100.0,CV-A16,100.0,B1a,96.0
AB114125,2636,711,3347,NC_001612,False,Picornaviridae Enterovirus A,97.8903,CV-A16,100.0,CV-A16,100.0,B1a,96.0
AB465366,2445,891,3336,NC_001612,False,Picornaviridae Enterovirus A,93.827156,CV-A16,100.0,CV-A16,100.0,B2,82.0
AB465367,2445,891,3336,NC_001612,False,Picornaviridae Enterovirus A,92.59259,CV-A16,100.0,CV-A16,100.0,B2,89.0
AB465368,2445,891,3336,NC_001612,False,Picornaviridae Enterovirus A,92.368126,CV-A16,100.0,CV-A16,100.0,B2,83.0
AB465370,2445,891,3336,NC_001612,False,Picornaviridae Enterovirus A,90.79686,CV-A16,100.0,CV-A16,100.0,B2,81.0
AB465385,2445,891,3336,NC_001612,False,Picornaviridae Enterovirus A,96.969696,CV-A16,100.0,CV-A16,100.0,B1a,88.0
AB465386,2445,891,3336,NC_001612,False,Picornaviridae Enterovirus A,96.85747,CV-A16,100.0,CV-A16,100.0,B1a,83.0
AB465388,2445,891,3336,NC_001612,False,Picornaviridae Enterovirus A,96.969696,CV-A16,100.0,CV-A16,100.0,B1a,87.0
AB465390,2445,891,3336,NC_001612,False,Picornaviridae Enterovirus A,96.969696,CV-A16,100.0,CV-A16,100.0,B1a,86.0
AB465391,2445,891,3336,NC_001612,False,Picornaviridae Enterovirus A,96.969696,CV-A16,100.0,CV-A16,100.0,B1a,87.0
AB465392,2445,891,3336,NC_001612,False,Picornaviridae Enterovirus A,96.85747,CV-A16,100.0,CV-A16,100.0,B1a,85.0
AB465394,2445,891,3336,NC_001612,False,Picornaviridae Enterovirus A,96.74523,CV-A16,100.0,CV-A16,100.0,B1a,88.0
AB465395,2445,891,3336,NC_001612,False,Picornaviridae Enterovirus A,96.969696,CV-A16,100.0,CV-A16,100.0,B1a,81.0
AB465400,2445,891,3336,NC_001612,False,Picornaviridae Enterovirus A,96.18407,CV-A16,100.0,CV-A16,100.0,B1b,90.0
AB465401,2445,891,3336,NC_001612,False,Picornaviridae Enterovirus A,98.54097,CV-A16,100.0,CV-A16,100.0,B1a,87.0
AB465402,2445,891,3336,NC_001612,False,Picornaviridae Enterovirus A,98.3165,CV-A16,100.0,CV-A16,100.0,B1a,88.0
AB465403,2445,891,3336,NC_001612,False,Picornaviridae Enterovirus A,98.3165,CV-A16,100.0,CV-A16,100.0,B1a,86.0
AB465405,2445,891,3336,NC_001612,False,Picornaviridae Enterovirus A,95.84736,CV-A16,100.0,CV-A16,100.0,B1a,80.0
AB542199,2614,665,3279,NC_001612,False,Picornaviridae Enterovirus A,91.8797,CV-A16,100.0,CV-A16,100.0,B2,84.0
AB542200,2614,665,3279,NC_001612,False,Picornaviridae Enterovirus A,99.548874,CV-A16,100.0,CV-A16,100.0,B1a,86.0
AB542201,2614,665,3279,NC_001612,False,Picornaviridae Enterovirus A,99.548874,CV-A16,100.0,CV-A16,100.0,B1a,88.0
AB542202,2614,665,3279,NC_001612,False,Picornaviridae Enterovirus A,98.94737,CV-A16,100.0,CV-A16,100.0,B1a,87.0
AB542204,2614,665,3279,NC_001612,False,Picornaviridae Enterovirus A,99.24812,CV-A16,100.0,CV-A16,100.0,B1a,91.0
AB542205,2614,665,3279,NC_001612,False,Picornaviridae Enterovirus A,99.39849,CV-A16,100.0,CV-A16,100.0,B1a,89.0
AB542213,2614,665,3279,NC_001612,False,Picornaviridae Enterovirus A,97.293236,CV-A16,100.0,CV-A16,100.0,B1a,86.0
AB542214,2614,665,3279,NC_001612,False,Picornaviridae Enterovirus A,97.89474,CV-A16,100.0,CV-A16,100.0,B1a,90.0
AB542215,2614,665,3279,NC_001612,False,Picornaviridae Enterovirus A,98.34586,CV-A16,100.0,CV-A16,100.0,B1a,88.0
AB542216,2614,665,3279,NC_001612,False,Picornaviridae Enterovirus A,97.89474,CV-A16,100.0,CV-A16,100.0,B1a,89.0
AB542217,2614,665,3279,NC_001612,False,Picornaviridae Enterovirus A,98.19549,CV-A16,100.0,CV-A16,100.0,B1a,89.0
AB542219,2614,665,3279,NC_001612,False,Picornaviridae Enterovirus A,98.04511,CV-A16,100.0,CV-A16,100.0,B1a,94.0
AB542220,2614,665,3279,NC_001612,False,Picornaviridae Enterovirus A,98.19549,CV-A16,100.0,CV-A16,100.0,B1a,83.0
AB542221,2614,665,3279,NC_001612,False,Picornaviridae Enterovirus A,98.19549,CV-A16,100.0,CV-A16,100.0,B1a,84.0
AB569427,2614,665,3279,NC_001612,False,Picornaviridae Enterovirus A,97.89474,CV-A16,100.0,CV-A16,100.0,B1a,92.0
AB569428,2614,665,3279,NC_001612,False,Picornaviridae Enterovirus A,99.09775,CV-A16,100.0,CV-A16,100.0,B1a,84.0
AB634286,2445,891,3336,NC_001612,False,Picornaviridae Enterovirus A,92.368126,CV-A16,100.0,CV-A16,100.0,B2,87.0
AB634287,2445,891,3336,NC_001612,False,Picornaviridae Enterovirus A,91.358025,CV-A16,100.0,CV-A16,100.0,B2,86.0
AB634289,2445,891,3336,NC_001612,False,Picornaviridae Enterovirus A,91.24579,CV-A16,100.0,CV-A16,100.0,B2,84.0
AB634290,2445,891,3336,NC_001612,False,Picornaviridae Enterovirus A,91.13356,CV-A16,100.0,CV-A16,100.0,B2,84.0
AB634291,2445,891,3336,NC_001612,False,Picornaviridae Enterovirus A,91.13356,CV-A16,100.0,CV-A16,100.0,B2,86.0
AB634292,2445,891,3336,NC_001612,False,Picornaviridae Enterovirus A,91.358025,CV-A16,100.0,CV-A16,100.0,B2,85.0
AB634293,2445,891,3336,NC_001612,False,Picornaviridae Enterovirus A,91.47026,CV-A16,100.0,CV-A16,100.0,B2,89.0
AB634295,2445,891,3336,NC_001612,False,Picornaviridae Enterovirus A,98.20427,CV-A16,100.0,CV-A16,100.0,B1a,89.0
AB634296,2445,891,3336,NC_001612,False,Picornaviridae Enterovirus A,98.20427,CV-A16,100.0,CV-A16,100.0,B1a,81.0
AB634297,2445,891,3336,NC_001612,False,Picornaviridae Enterovirus A,97.9798,CV-A16,100.0,CV-A16,100.0,B1a,86.0
AB634298,2445,891,3336,NC_001612,False,Picornaviridae Enterovirus A,97.86757,CV-A16,100.0,CV-A16,100.0,B1a,86.0
AB634299,2445,891,3336,NC_001612,False,Picornaviridae Enterovirus A,97.9798,CV-A16,100.0,CV-A16,100.0,B1a,89.0
AB634300,2445,891,3336,NC_001612,False,Picornaviridae Enterovirus A,97.9798,CV-A16,100.0,CV-A16,100.0,B1a,84.0
AB634301,2445,891,3336,NC_001612,False,Picornaviridae Enterovirus A,97.75533,CV-A16,100.0,CV-A16,100.0,B1a,86.0
AB634302,2445,891,3336,NC_001612,False,Picornaviridae Enterovirus A,99.3266,CV-A16,100.0,CV-A16,100.0,B1a,84.0
AB634303,2445,891,3336,NC_001612,False,Picornaviridae Enterovirus A,97.9798,CV-A16,100.0,CV-A16,100.0,B1a,89.0
AB634305,2445,891,3336,NC_001612,False,Picornaviridae Enterovirus A,98.09203,CV-A16,100.0,CV-A16,100.0,B1a,89.0
AB634306,2445,891,3336,NC_001612,False,Picornaviridae Enterovirus A,97.9798,CV-A16,100.0,CV-A16,100.0,B1a,81.0
AB634307,2445,891,3336,NC_001612,False,Picornaviridae Enterovirus A,98.09203,CV-A16,100.0,CV-A16,100.0,B1a,83.0
AB634308,2445,891,3336,NC_001612,False,Picornaviridae Enterovirus A,98.09203,CV-A16,100.0,CV-A16,100.0,B1a,85.0
AB634309,2445,891,3336,NC_001612,False,Picornaviridae Enterovirus A,98.3165,CV-A16,100.0,CV-A16,100.0,B1a,83.0
AB634310,2445,891,3336,NC_001612,False,Picornaviridae Enterovirus A,98.3165,CV-A16,100.0,CV-A16,100.0,B1a,83.0
AB634311,2445,891,3336,NC_001612,False,Picornaviridae Enterovirus A,97.86757,CV-A16,100.0,CV-A16,100.0,B1a,84.0
AB634312,2445,891,3336,NC_001612,False,Picornaviridae Enterovirus A,98.9899,CV-A16,100.0,CV-A16,100.0,B1a,84.0
AB634313,2445,891,3336,NC_001612,False,Picornaviridae Enterovirus A,98.9899,CV-A16,100.0,CV-A16,100.0,B1a,85.0
AB634314,2445,891,3336,NC_001612,False,Picornaviridae Enterovirus A,98.765434,CV-A16,100.0,CV-A16,100.0,B1a,91.0
AB634315,2445,891,3336,NC_001612,False,Picornaviridae Enterovirus A,98.9899,CV-A16,100.0,CV-A16,100.0,B1a,85.0
AB634316,2445,891,3336,NC_001612,False,Picornaviridae Enterovirus A,98.9899,CV-A16,100.0,CV-A16,100.0,B1a,89.0
AB634317,2445,891,3336,NC_001612,False,Picornaviridae Enterovirus A,98.87767,CV-A16,100.0,CV-A16,100.0,B1a,85.0
AB634318,2445,891,3336,NC_001612,False,Picornaviridae Enterovirus A,98.9899,CV-A16,100.0,CV-A16,100.0,B1a,83.0
AB634319,2445,891,3336,NC_001612,False,Picornaviridae Enterovirus A,98.87767,CV-A16,100.0,CV-A16,100.0,B1a,86.0
AB634320,2445,891,3336,NC_001612,False,Picornaviridae Enterovirus A,89.96618,CV-A16,100.0,CV-A16,100.0,B2,92.0
AB634322,2445,891,3336,NC_001612,False,Picornaviridae Enterovirus A,90.0,CV-A16,100.0,CV-A16,100.0,B2,86.0
AB634323,2445,891,3336,NC_001612,False,Picornaviridae Enterovirus A,89.898994,CV-A16,100.0,CV-A16,100.0,B2,87.0
AB634326,2445,891,3336,NC_001612,False,Picornaviridae Enterovirus A,97.3064,CV-A16,100.0,CV-A16,100.0,B1a,84.0
AB634327,2445,891,3336,NC_001612,False,Picornaviridae Enterovirus A,97.3064,CV-A16,100.0,CV-A16,100.0,B1a,85.0
AB634328,2445,891,3336,NC_001612,False,Picornaviridae Enterovirus A,97.3064,CV-A16,100.0,CV-A16,100.0,B1a,88.0
AB634329,2445,891,3336,NC_001612,False,Picornaviridae Enterovirus A,97.3064,CV-A16,100.0,CV-A16,100.0,B1a,86.0
AB634330,2445,891,3336,NC_001612,False,Picornaviridae Enterovirus A,97.3064,CV-A16,100.0,CV-A16,100.0,B1a,87.0
AB634331,2445,891,3336,NC_001612,False,Picornaviridae Enterovirus A,97.3064,CV-A16,100.0,CV-A16,100.0,B1a,86.0
AB634333,2445,891,3336,NC_001612,False,Picornaviridae Enterovirus A,97.3064,CV-A16,100.0,CV-A16,100.0,B1a,91.0
AB634334,2445,891,3336,NC_001612,False,Picornaviridae Enterovirus A,97.3064,CV-A16,100.0,CV-A16,100.0,B1a,90.0
AB634335,2445,891,3336,NC_001612,False,Picornaviridae Enterovirus A,97.3064,CV-A16,100.0,CV-A16,100.0,B1a,90.0
AB634336,2445,891,3336,NC_001612,False,Picornaviridae Enterovirus A,97.3064,CV-A16,100.0,CV-A16,100.0,B1a,80.0
AB634337,2445,891,3336,NC_001612,False,Picornaviridae Enterovirus A,97.3064,CV-A16,100.0,CV-A16,100.0,B1a,85.0
AB634338,2445,891,3336,NC_001612,False,Picornaviridae Enterovirus A,97.19417,CV-A16,100.0,CV-A16,100.0,B1a,90.0
AB634339,2445,891,3336,NC_001612,False,Picornaviridae Enterovirus A,97.08193,CV-A16,100.0,CV-A16,100.0,B1a,86.0
AB634340,2445,891,3336,NC_001612,False,Picornaviridae Enterovirus A,96.969696,CV-A16,100.0,CV-A16,100.0,B1a,85.0
AB634341,2445,891,3336,NC_001612,False,Picornaviridae Enterovirus A,97.08193,CV-A16,100.0,CV-A16,100.0,B1a,82.0
AB634342,2445,891,3336,NC_001612,False,Picornaviridae Enterovirus A,97.19417,CV-A16,100.0,CV-A16,100.0,B1a,89.0
AB634343,2445,891,3336,NC_001612,False,Picornaviridae Enterovirus A,97.19417,CV-A16,100.0,CV-A16,100.0,B1a,90.0
AB634344,2445,891,3336,NC_001612,False,Picornaviridae Enterovirus A,97.19417,CV-A16,100.0,CV-A16,100.0,B1a,83.0
AB634345,2445,891,3336,NC_001612,False,Picornaviridae Enterovirus A,97.19417,CV-A16,100.0,CV-A16,100.0,B1a,82.0
AB634346,2445,891,3336,NC_001612,False,Picornaviridae Enterovirus A,97.19417,CV-A16,100.0,CV-A16,100.0,B1a,87.0
AB634347,2445,891,3336,NC_001612,False,Picornaviridae Enterovirus A,97.19417,CV-A16,100.0,CV-A16,100.0,B1a,80.0
AB634348,2445,891,3336,NC_001612,False,Picornaviridae Enterovirus A,97.19417,CV-A16,100.0,CV-A16,100.0,B1a,83.0
AB634349,2445,891,3336,NC_001612,False,Picornaviridae Enterovirus A,97.19417,CV-A16,100.0,CV-A16,100.0,B1a,81.0
AB634350,2445,891,3336,NC_001612,False,Picornaviridae Enterovirus A,97.3064,CV-A16,100.0,CV-A16,100.0,B1a,82.0
AB634351,2445,891,3336,NC_001612,False,Picornaviridae Enterovirus A,97.3064,CV-A16,100.0,CV-A16,100.0,B1a,89.0
AB634352,2445,891,3336,NC_001612,False,Picornaviridae Enterovirus A,96.969696,CV-A16,100.0,CV-A16,100.0,B1a,93.0
AB634353,2445,891,3336,NC_001612,False,Picornaviridae Enterovirus A,96.85747,CV-A16,100.0,CV-A16,100.0,B1a,90.0
AB634354,2445,891,3336,NC_001612,False,Picornaviridae Enterovirus A,97.08193,CV-A16,100.0,CV-A16,100.0,B1a,84.0
AB634355,2445,891,3336,NC_001612,False,Picornaviridae Enterovirus A,97.08193,CV-A16,100.0,CV-A16,100.0,B1a,82.0
AB634356,2445,891,3336,NC_001612,False,Picornaviridae Enterovirus A,97.08193,CV-A16,100.0,CV-A16,100.0,B1a,85.0
AB634357,2445,891,3336,NC_001612,False,Picornaviridae Enterovirus A,96.969696,CV-A16,100.0,CV-A16,100.0,B1a,87.0
AB634358,2445,891,3336,NC_001612,False,Picornaviridae Enterovirus A,96.85747,CV-A16,100.0,CV-A16,100.0,B1a,86.0
AB634359,2445,891,3336,NC_001612,False,Picornaviridae Enterovirus A,96.85747,CV-A16,100.0,CV-A16,100.0,B1a,90.0
AB634360,2445,891,3336,NC_001612,False,Picornaviridae Enterovirus A,97.08193,CV-A16,100.0,CV-A16,100.0,B1a,87.0
AB634361,2445,891,3336,NC_001612,False,Picornaviridae Enterovirus A,97.08193,CV-A16,100.0,CV-A16,100.0,B1a,85.0
AB634362,2445,891,3336,NC_001612,False,Picornaviridae Enterovirus A,96.632996,CV-A16,100.0,CV-A16,100.0,B1a,83.0
AB634363,2445,891,3336,NC_001612,False,Picornaviridae Enterovirus A,97.08193,CV-A16,100.0,CV-A16,100.0,B1a,86.0
AB634364,2445,891,3336,NC_001612,False,Picornaviridae Enterovirus A,97.08193,CV-A16,100.0,CV-A16,100.0,B1a,80.0
AB634365,2445,891,3336,NC_001612,False,Picornaviridae Enterovirus A,97.08193,CV-A16,100.0,CV-A16,100.0,B1a,86.0
AB634366,2445,891,3336,NC_001612,False,Picornaviridae Enterovirus A,97.08193,CV-A16,100.0,CV-A16,100.0,B1a,85.0
AB634369,2445,891,3336,NC_001612,False,Picornaviridae Enterovirus A,96.632996,CV-A16,100.0,CV-A16,100.0,B1a,84.0
AB634370,2445,891,3336,NC_001612,False,Picornaviridae Enterovirus A,97.3064,CV-A16,100.0,CV-A16,100.0,B1a,91.0
AB634371,2445,891,3336,NC_001612,False,Picornaviridae Enterovirus A,97.3064,CV-A16,100.0,CV-A16,100.0,B1a,88.0
AB634372,2445,891,3336,NC_001612,False,Picornaviridae Enterovirus A,97.41863,CV-A16,100.0,CV-A16,100.0,B1a,80.0
AB634373,2445,891,3336,NC_001612,False,Picornaviridae Enterovirus A,96.969696,CV-A16,100.0,CV-A16,100.0,B1a,84.0
AB634375,2445,891,3336,NC_001612,False,Picornaviridae Enterovirus A,97.08193,CV-A16,100.0,CV-A16,100.0,B1a,84.0
AB634376,2445,891,3336,NC_001612,False,Picornaviridae Enterovirus A,96.40853,CV-A16,100.0,CV-A16,100.0,B1a,85.0
AB634377,2445,891,3336,NC_001612,False,Picornaviridae Enterovirus A,96.40853,CV-A16,100.0,CV-A16,100.0,B1a,88.0
AB634378,2445,891,3336,NC_001612,False,Picornaviridae Enterovirus A,96.40853,CV-A16,100.0,CV-A16,100.0,B1a,83.0
AB634380,2445,891,3336,NC_001612,False,Picornaviridae Enterovirus A,96.52077,CV-A16,100.0,CV-A16,100.0,B1a,87.0
AB634381,2445,891,3336,NC_001612,False,Picornaviridae Enterovirus A,96.52077,CV-A16,100.0,CV-A16,100.0,B1a,91.0
AB634382,2445,891,3336,NC_001612,False,Picornaviridae Enterovirus A,96.296295,CV-A16,100.0,CV-A16,100.0,B1a,85.0
AB634384,2445,891,3336,NC_001612,False,Picornaviridae Enterovirus A,96.40853,CV-A16,100.0,CV-A16,100.0,B1a,89.0
AB634385,2445,891,3336,NC_001612,False,Picornaviridae Enterovirus A,96.40853,CV-A16,100.0,CV-A16,100.0,B1a,90.0
AB634386,2445,891,3336,NC_001612,False,Picornaviridae Enterovirus A,96.40853,CV-A16,100.0,CV-A16,100.0,B1a,82.0
AB634387,2445,891,3336,NC_001612,False,Picornaviridae Enterovirus A,96.18407,CV-A16,100.0,CV-A16,100.0,B1a,82.0
AB634388,2445,891,3336,NC_001612,False,Picornaviridae Enterovirus A,96.969696,CV-A16,100.0,CV-A16,100.0,B1a,87.0
AB634389,2445,891,3336,NC_001612,False,Picornaviridae Enterovirus A,96.632996,CV-A16,100.0,CV-A16,100.0,B1a,83.0
AB634390,2445,891,3336,NC_001612,False,Picornaviridae Enterovirus A,96.85747,CV-A16,100.0,CV-A16,100.0,B1a,85.0
AB634391,2445,891,3336,NC_001612,False,Picornaviridae Enterovirus A,97.19417,CV-A16,100.0,CV-A16,100.0,B1a,84.0
AB634392,2445,891,3336,NC_001612,False,Picornaviridae Enterovirus A,98.09203,CV-A16,100.0,CV-A16,100.0,B1a,87.0
AB634393,2445,891,3336,NC_001612,False,Picornaviridae Enterovirus A,98.20427,CV-A16,100.0,CV-A16,100.0,B1a,89.0
AB634394,2445,891,3336,NC_001612,False,Picornaviridae Enterovirus A,96.85747,CV-A16,100.0,CV-A16,100.0,B1a,88.0
AB634395,2445,891,3336,NC_001612,False,Picornaviridae Enterovirus A,98.54097,CV-A16,100.0,CV-A16,100.0,B1a,85.0
AB634396,2445,891,3336,NC_001612,False,Picornaviridae Enterovirus A,98.54097,CV-A16,100.0,CV-A16,100.0,B1a,86.0
AB634397,2445,891,3336,NC_001612,False,Picornaviridae Enterovirus A,98.765434,CV-A16,100.0,CV-A16,100.0,B1a,88.0
AB634398,2445,891,3336,NC_001612,False,Picornaviridae Enterovirus A,98.09203,CV-A16,100.0,CV-A16,100.0,B1a,87.0
AB634399,2445,891,3336,NC_001612,False,Picornaviridae Enterovirus A,98.09203,CV-A16,100.0,CV-A16,100.0,B1a,81.0
AB634401,2445,891,3336,NC_001612,False,Picornaviridae Enterovirus A,96.07183,CV-A16,100.0,CV-A16,100.0,B1a,80.0
AB634402,2445,891,3336,NC_001612,False,Picornaviridae Enterovirus A,95.959595,CV-A16,100.0,CV-A16,100.0,B1a,82.0
AB634403,2445,891,3336,NC_001612,False,Picornaviridae Enterovirus A,98.428734,CV-A16,100.0,CV-A16,100.0,B1a,92.0
AB634404,2445,891,3336,NC_001612,False,Picornaviridae Enterovirus A,98.428734,CV-A16,100.0,CV-A16,100.0,B1a,90.0
AB634405,2445,891,3336,NC_001612,False,Picornaviridae Enterovirus A,98.20427,CV-A16,100.0,CV-A16,100.0,B1a,91.0
AB634406,2445,891,3336,NC_001612,False,Picornaviridae Enterovirus A,97.75533,CV-A16,100.0,CV-A16,100.0,B1a,83.0
AB634407,2445,891,3336,NC_001612,False,Picornaviridae Enterovirus A,98.3165,CV-A16,100.0,CV-A16,100.0,B1a,84.0
AB634408,2445,891,3336,NC_001612,False,Picornaviridae Enterovirus A,96.296295,CV-A16,100.0,CV-A16,100.0,B1a,84.0
AB634409,2445,891,3336,NC_001612,False,Picornaviridae Enterovirus A,98.3165,CV-A16,100.0,CV-A16,100.0,B1a,89.0
AB634410,2445,891,3336,NC_001612,False,Picornaviridae Enterovirus A,98.3165,CV-A16,100.0,CV-A16,100.0,B1a,87.0
AB634411,2445,891,3336,NC_001612,False,Picornaviridae Enterovirus A,98.3165,CV-A16,100.0,CV-A16,100.0,B1a,90.0
AB634412,2445,891,3336,NC_001612,False,Picornaviridae Enterovirus A,98.20427,CV-A16,100.0,CV-A16,100.0,B1a,87.0
AB634413,2445,891,3336,NC_001612,False,Picornaviridae Enterovirus A,98.20427,CV-A16,100.0,CV-A16,100.0,B1a,90.0
AB634414,2445,891,3336,NC_001612,False,Picornaviridae Enterovirus A,98.20427,CV-A16,100.0,CV-A16,100.0,B1a,89.0
AB634415,2445,891,3336,NC_001612,False,Picornaviridae Enterovirus A,98.20427,CV-A16,100.0,CV-A16,100.0,B1a,81.0
AB634416,2445,891,3336,NC_001612,False,Picornaviridae Enterovirus A,98.20427,CV-A16,100.0,CV-A16,100.0,B1a,84.0
AB634417,2445,891,3336,NC_001612,False,Picornaviridae Enterovirus A,98.20427,CV-A16,100.0,CV-A16,100.0,B1a,83.0
AB634418,2445,891,3336,NC_001612,False,Picornaviridae Enterovirus A,98.09203,CV-A16,100.0,CV-A16,100.0,B1a,86.0
AB634419,2445,891,3336,NC_001612,False,Picornaviridae Enterovirus A,97.9798,CV-A16,100.0,CV-A16,100.0,B1a,86.0
AB634420,2445,891,3336,NC_001612,False,Picornaviridae Enterovirus A,98.09203,CV-A16,100.0,CV-A16,100.0,B1a,85.0
AB634424,2445,891,3336,NC_001612,False,Picornaviridae Enterovirus A,98.09203,CV-A16,100.0,CV-A16,100.0,B1b,98.0
AB634425,2445,891,3336,NC_001612,False,Picornaviridae Enterovirus A,98.09203,CV-A16,100.0,CV-A16,100.0,B1a,83.0
AB634426,2445,891,3336,NC_001612,False,Picornaviridae Enterovirus A,98.09203,CV-A16,100.0,CV-A16,100.0,B1a,90.0
AB634427,2445,891,3336,NC_001612,False,Picornaviridae Enterovirus A,97.9798,CV-A16,100.0,CV-A16,100.0,B1a,83.0
AB634428,2445,891,3336,NC_001612,False,Picornaviridae Enterovirus A,97.9798,CV-A16,100.0,CV-A16,100.0,B1a,85.0
AB634429,2445,891,3336,NC_001612,False,Picornaviridae Enterovirus A,97.6431,CV-A16,100.0,CV-A16,100.0,B1a,88.0
AB634430,2445,891,3336,NC_001612,False,Picornaviridae Enterovirus A,97.19101,CV-A16,100.0,CV-A16,100.0,B1a,86.0
AB634431,2445,891,3336,NC_001612,False,Picornaviridae Enterovirus A,97.19101,CV-A16,100.0,CV-A16,100.0,B1a,91.0
AB634432,2445,891,3336,NC_001612,False,Picornaviridae Enterovirus A,97.19101,CV-A16,100.0,CV-A16,100.0,B1a,84.0
AB634433,2445,891,3336,NC_001612,False,Picornaviridae Enterovirus A,97.19101,CV-A16,100.0,CV-A16,100.0,B1a,87.0
AB634434,2445,891,3336,NC_001612,False,Picornaviridae Enterovirus A,97.19101,CV-A16,100.0,CV-A16,100.0,B1a,88.0
AB634436,2445,891,3336,NC_001612,False,Picornaviridae Enterovirus A,97.19101,CV-A16,100.0,CV-A16,100.0,B1a,85.0
AB634437,2445,891,3336,NC_001612,False,Picornaviridae Enterovirus A,97.07865,CV-A16,100.0,CV-A16,100.0,B1a,82.0
AB634438,2445,891,3336,NC_001612,False,Picornaviridae Enterovirus A,97.07865,CV-A16,100.0,CV-A16,100.0,B1a,90.0
AB634439,2445,891,3336,NC_001612,False,Picornaviridae Enterovirus A,97.07865,CV-A16,100.0,CV-A16,100.0,B1a,84.0
AB634440,2445,891,3336,NC_001612,False,Picornaviridae Enterovirus A,97.07865,CV-A16,100.0,CV-A16,100.0,B1a,83.0
AB634441,2445,891,3336,NC_001612,False,Picornaviridae Enterovirus A,97.07865,CV-A16,100.0,CV-A16,100.0,B1a,81.0
AB634442,2445,891,3336,NC_001612,False,Picornaviridae Enterovirus A,97.07865,CV-A16,100.0,CV-A16,100.0,B1a,83.0
AB634443,2445,891,3336,NC_001612,False,Picornaviridae Enterovirus A,97.07865,CV-A16,100.0,CV-A16,100.0,B1a,86.0
AB634444,2445,891,3336,NC_001612,False,Picornaviridae Enterovirus A,97.07865,CV-A16,100.0,CV-A16,100.0,B1a,82.0
AB634445,2445,891,3336,NC_001612,False,Picornaviridae Enterovirus A,97.07865,CV-A16,100.0,CV-A16,100.0,B1a,90.0
AB634447,2445,891,3336,NC_001612,False,Picornaviridae Enterovirus A,97.07865,CV-A16,100.0,CV-A16,100.0,B1a,88.0
AB634448,2445,891,3336,NC_001612,False,Picornaviridae Enterovirus A,96.85393,CV-A16,100.0,CV-A16,100.0,B1a,89.0
AB634449,2445,891,3336,NC_001612,False,Picornaviridae Enterovirus A,96.96629,CV-A16,100.0,CV-A16,100.0,B1a,81.0
AB634450,2445,891,3336,NC_001612,False,Picornaviridae Enterovirus A,97.07865,CV-A16,100.0,CV-A16,100.0,B1a,84.0
AB634451,2445,891,3336,NC_001612,False,Picornaviridae Enterovirus A,97.07865,CV-A16,100.0,CV-A16,100.0,B1a,80.0
AB634452,2445,891,3336,NC_001612,False,Picornaviridae Enterovirus A,97.07865,CV-A16,100.0,CV-A16,100.0,B1a,90.0
AB649226,2585,337,2922,NC_001612,False,Picornaviridae Enterovirus A,91.59159,CV-A16,100.0,CV-A16,100.0,B1c,97.0
AB649227,2585,337,2922,NC_001612,False,Picornaviridae Enterovirus A,90.99099,CV-A16,100.0,CV-A16,100.0,B1c,95.0
AB649228,2585,337,2922,NC_001612,False,Picornaviridae Enterovirus A,90.71856,CV-A16,100.0,CV-A16,100.0,B1c,97.0
AB649229,2585,337,2922,NC_001612,False,Picornaviridae Enterovirus A,91.01796,CV-A16,100.0,CV-A16,100.0,B1c,98.0
AB649230,2585,337,2922,NC_001612,False,Picornaviridae Enterovirus A,91.31737,CV-A16,100.0,CV-A16,100.0,B1c,95.0
AB649232,2585,337,2922,NC_001612,False,Picornaviridae Enterovirus A,91.29129,CV-A16,100.0,CV-A16,100.0,B1c,96.0
AB649233,2585,337,2922,NC_001612,False,Picornaviridae Enterovirus A,90.99099,CV-A16,100.0,CV-A16,100.0,B1c,96.0
AB649234,2585,337,2922,NC_001612,False,Picornaviridae Enterovirus A,91.29129,CV-A16,100.0,CV-A16,100.0,B1c,95.0
AB649235,2585,337,2922,NC_001612,False,Picornaviridae Enterovirus A,91.29129,CV-A16,100.0,CV-A16,100.0,B1c,99.0
AB649236,2585,337,2922,NC_001612,False,Picornaviridae Enterovirus A,91.29129,CV-A16,100.0,CV-A16,100.0,B1c,96.0
AB649237,2585,337,2922,NC_001612,False,Picornaviridae Enterovirus A,91.29129,CV-A16,100.0,CV-A16,100.0,B1c,97.0
AB649238,2585,336,2921,NC_001612,False,Picornaviridae Enterovirus A,91.59159,CV-A16,100.0,CV-A16,100.0,B1c,99.0
AB649239,2585,337,2922,NC_001612,False,Picornaviridae Enterovirus A,91.61677,CV-A16,100.0,CV-A16,100.0,B1c,95.0
AB649240,2585,337,2922,NC_001612,False,Picornaviridae Enterovirus A,91.91617,CV-A16,100.0,CV-A16,100.0,B1c,97.0
AB771956,2445,891,3336,NC_001612,False,Picornaviridae Enterovirus A,99.102135,CV-A16,100.0,CV-A16,100.0,B1b,97.0
AB771957,2445,891,3336,NC_001612,False,Picornaviridae Enterovirus A,99.102135,CV-A16,100.0,CV-A16,100.0,B1b,100.0
AB771958,2445,891,3336,NC_001612,False,Picornaviridae Enterovirus A,99.102135,CV-A16,100.0,CV-A16,100.0,B1b,99.0
AB771959,2445,891,3336,NC_001612,False,Picornaviridae Enterovirus A,99.102135,CV-A16,100.0,CV-A16,100.0,B1b,99.0
AB771960,2445,891,3336,NC_001612,False,Picornaviridae Enterovirus A,99.102135,CV-A16,100.0,CV-A16,100.0,B1b,98.0
AB771961,2445,891,3336,NC_001612,False,Picornaviridae Enterovirus A,98.9899,CV-A16,100.0,CV-A16,100.0,B1b,99.0
AB771962,2445,891,3336,NC_001612,False,Picornaviridae Enterovirus A,98.87767,CV-A16,100.0,CV-A16,100.0,B1b,99.0
AB771963,2445,891,3336,NC_001612,False,Picornaviridae Enterovirus A,99.102135,CV-A16,100.0,CV-A16,100.0,B1b,100.0
AB771964,2445,891,3336,NC_001612,False,Picornaviridae Enterovirus A,99.102135,CV-A16,100.0,CV-A16,100.0,B1b,100.0
AB771965,2445,891,3336,NC_001612,False,Picornaviridae Enterovirus A,98.9899,CV-A16,100.0,CV-A16,100.0,B1b,95.0
AB771966,2445,891,3336,NC_001612,False,Picornaviridae Enterovirus A,98.9899,CV-A16,100.0,CV-A16,100.0,B1b,100.0
AB771967,2445,891,3336,NC_001612,False,Picornaviridae Enterovirus A,99.102135,CV-A16,100.0,CV-A16,100.0,B1b,99.0
AB771968,2445,891,3336,NC_001612,False,Picornaviridae Enterovirus A,99.102135,CV-A16,100.0,CV-A16,100.0,B1b,99.0
AB771969,2445,891,3336,NC_001612,False,Picornaviridae Enterovirus A,99.102135,CV-A16,100.0,CV-A16,100.0,B1b,100.0
AB771970,2445,891,3336,NC_001612,False,Picornaviridae Enterovirus A,99.102135,CV-A16,100.0,CV-A16,100.0,B1b,99.0
AB771971,2445,891,3336,NC_001612,False,Picornaviridae Enterovirus A,98.9899,CV-A16,100.0,CV-A16,100.0,B1b,99.0
AB771972,2445,891,3336,NC_001612,False,Picornaviridae Enterovirus A,99.102135,CV-A16,100.0,CV-A16,100.0,B1b,99.0
AB771973,2445,891,3336,NC_001612,False,Picornaviridae Enterovirus A,93.04153,CV-A16,100.0,CV-A16,100.0,B1c,100.0
AB771974,2445,891,3336,NC_001612,False,Picornaviridae Enterovirus A,98.9899,CV-A16,100.0,CV-A16,100.0,B1b,98.0
AB771975,2445,891,3336,NC_001612,False,Picornaviridae Enterovirus A,98.9899,CV-A16,100.0,CV-A16,100.0,B1b,98.0
AB771976,2445,891,3336,NC_001612,False,Picornaviridae Enterovirus A,98.87767,CV-A16,100.0,CV-A16,100.0,B1b,100.0
AB771977,2445,891,3336,NC_001612,False,Picornaviridae Enterovirus A,99.102135,CV-A16,100.0,CV-A16,100.0,B1b,98.0
AB771978,2445,891,3336,NC_001612,False,Picornaviridae Enterovirus A,99.102135,CV-A16,100.0,CV-A16,100.0,B1b,99.0
AB771979,2445,891,3336,NC_001612,False,Picornaviridae Enterovirus A,99.102135,CV-A16,100.0,CV-A16,100.0,B1b,97.0
AB771980,2445,891,3336,NC_001612,False,Picornaviridae Enterovirus A,98.9899,CV-A16,100.0,CV-A16,100.0,B1b,99.0
AB771981,2445,891,3336,NC_001612,False,Picornaviridae Enterovirus A,99.102135,CV-A16,100.0,CV-A16,100.0,B1b,95.0
AB771982,2445,891,3336,NC_001612,False,Picornaviridae Enterovirus A,99.102135,CV-A16,100.0,CV-A16,100.0,B1b,100.0
AB771983,2445,891,3336,NC_001612,False,Picornaviridae Enterovirus A,99.102135,CV-A16,100.0,CV-A16,100.0,B1b,97.0
AB771984,2445,891,3336,NC_001612,False,Picornaviridae Enterovirus A,93.04153,CV-A16,100.0,CV-A16,100.0,B1c,100.0
AB771985,2445,891,3336,NC_001612,False,Picornaviridae Enterovirus A,93.04153,CV-A16,100.0,CV-A16,100.0,B1c,99.0
AB771986,2445,891,3336,NC_001612,False,Picornaviridae Enterovirus A,98.765434,CV-A16,100.0,CV-A16,100.0,B1b,99.0
AB771987,2445,891,3336,NC_001612,False,Picornaviridae Enterovirus A,99.102135,CV-A16,100.0,CV-A16,100.0,B1b,96.0
AB771988,2445,891,3336,NC_001612,False,Picornaviridae Enterovirus A,99.102135,CV-A16,100.0,CV-A16,100.0,B1b,99.0
AB771989,2445,891,3336,NC_001612,False,Picornaviridae Enterovirus A,98.428734,CV-A16,100.0,CV-A16,100.0,B1b,99.0
AB771990,2445,891,3336,NC_001612,False,Picornaviridae Enterovirus A,98.428734,CV-A16,100.0,CV-A16,100.0,B1b,99.0
AB771991,2445,891,3336,NC_001612,False,Picornaviridae Enterovirus A,99.102135,CV-A16,100.0,CV-A16,100.0,B1b,99.0
AB771992,2445,891,3336,NC_001612,False,Picornaviridae Enterovirus A,98.87767,CV-A16,100.0,CV-A16,100.0,B1b,98.0
AB771993,2445,891,3336,NC_001612,False,Picornaviridae Enterovirus A,99.102135,CV-A16,100.0,CV-A16,100.0,B1b,99.0
AB771994,2445,891,3336,NC_001612,False,Picornaviridae Enterovirus A,99.102135,CV-A16,100.0,CV-A16,100.0,B1b,99.0
AB771995,2445,891,3336,NC_001612,False,Picornaviridae Enterovirus A,98.9899,CV-A16,100.0,CV-A16,100.0,B1b,96.0
AB771996,2445,891,3336,NC_001612,False,Picornaviridae Enterovirus A,98.9899,CV-A16,100.0,CV-A16,100.0,B1b,98.0
AB771997,2445,891,3336,NC_001612,False,Picornaviridae Enterovirus A,98.87767,CV-A16,100.0,CV-A16,100.0,B1b,99.0
AB771998,2445,891,3336,NC_001612,False,Picornaviridae Enterovirus A,93.04153,CV-A16,100.0,CV-A16,100.0,B1c,99.0
AB771999,2445,891,3336,NC_001612,False,Picornaviridae Enterovirus A,93.04153,CV-A16,100.0,CV-A16,100.0,B1c,100.0
AB772000,2445,891,3336,NC_001612,False,Picornaviridae Enterovirus A,98.9899,CV-A16,100.0,CV-A16,100.0,B1b,98.0
AB772001,2445,891,3336,NC_001612,False,Picornaviridae Enterovirus A,99.102135,CV-A16,100.0,CV-A16,100.0,B1b,98.0
AB772002,2445,891,3336,NC_001612,False,Picornaviridae Enterovirus A,98.9899,CV-A16,100.0,CV-A16,100.0,B1b,97.0
AB772003,2445,891,3336,NC_001612,False,Picornaviridae Enterovirus A,92.81706,CV-A16,100.0,CV-A16,100.0,B1c,96.0
AB772004,2445,891,3336,NC_001612,False,Picornaviridae Enterovirus A,98.87767,CV-A16,100.0,CV-A16,100.0,B1b,96.0
AB772005,2445,891,3336,NC_001612,False,Picornaviridae Enterovirus A,98.9899,CV-A16,100.0,CV-A16,100.0,B1b,99.0
AB772006,2445,891,3336,NC_001612,False,Picornaviridae Enterovirus A,98.765434,CV-A16,100.0,CV-A16,100.0,B1b,99.0
AB772007,2445,891,3336,NC_001612,False,Picornaviridae Enterovirus A,92.70483,CV-A16,100.0,CV-A16,100.0,B1c,92.0
AB902818,2184,678,2862,NC_001612,False,Picornaviridae Enterovirus A,98.52507,CV-A16,100.0,CV-A16,100.0,B1b,82.0
AB935236,2586,776,3362,NC_001612,False,Picornaviridae Enterovirus A,93.81443,CV-A16,100.0,CV-A16,100.0,B1a,83.0
AB935239,2607,709,3316,NC_001612,False,Picornaviridae Enterovirus A,93.229904,CV-A16,100.0,CV-A16,100.0,B1c,100.0
AB935240,2637,653,3290,NC_001612,False,Picornaviridae Enterovirus A,98.16233,CV-A16,100.0,CV-A16,100.0,B1b,98.0
AB935241,2634,656,3290,NC_001612,False,Picornaviridae Enterovirus A,96.34146,CV-A16,100.0,CV-A16,100.0,B1a,89.0
AB935244,2604,742,3346,NC_001612,False,Picornaviridae Enterovirus A,95.41779,CV-A16,100.0,CV-A16,100.0,B1a,99.0
AB935514,2604,686,3290,NC_001612,False,Picornaviridae Enterovirus A,97.81341,CV-A16,100.0,CV-A16,100.0,B1b,100.0
AF081636,2925,411,3336,NC_001612,False,Picornaviridae Enterovirus A,90.41769,CV-A16,100.0,CV-A16,100.0,B2,81.0
AF152288,2924,418,3342,NC_001612,False,Picornaviridae Enterovirus A,90.909096,CV-A16,100.0,CV-A16,100.0,B2,84.0
AF152293,2924,418,3342,NC_001612,False,Picornaviridae Enterovirus A,92.10526,CV-A16,100.0,CV-A16,100.0,B2,83.0
AF177911,0,7410,7414,NC_001612,False,Picornaviridae Enterovirus A,100.0,CV-A16,100.0,CV-A16,100.0,B1a,91.0
AF290902,2925,408,3333,NC_001612,False,Picornaviridae Enterovirus A,87.5,CV-A16,100.0,CV-A16,100.0,A,100.0
AM292433,2445,891,3336,NC_001612,False,Picornaviridae Enterovirus A,97.75533,CV-A16,100.0,CV-A16,100.0,B1a,87.0
AM292434,2445,891,3336,NC_001612,False,Picornaviridae Enterovirus A,96.52077,CV-A16,100.0,CV-A16,100.0,B1a,87.0
AM292435,2445,891,3336,NC_001612,False,Picornaviridae Enterovirus A,96.296295,CV-A16,100.0,CV-A16,100.0,B1a,86.0
AM292436,2445,891,3336,NC_001612,False,Picornaviridae Enterovirus A,96.85747,CV-A16,100.0,CV-A16,100.0,B1a,84.0
AM292437,2445,891,3336,NC_001612,False,Picornaviridae Enterovirus A,96.969696,CV-A16,100.0,CV-A16,100.0,B1a,84.0
AM292438,2445,891,3336,NC_001612,False,Picornaviridae Enterovirus A,97.08193,CV-A16,100.0,CV-A16,100.0,B1a,81.0
AM292440,2445,891,3336,NC_001612,False,Picornaviridae Enterovirus A,97.3064,CV-A16,100.0,CV-A16,100.0,B1a,87.0
AM292441,2445,891,3336,NC_001612,False,Picornaviridae Enterovirus A,97.9798,CV-A16,100.0,CV-A16,100.0,B1a,92.0
AM292444,2445,891,3336,NC_001612,False,Picornaviridae Enterovirus A,96.52077,CV-A16,100.0,CV-A16,100.0,B1a,83.0
AM292446,2445,891,3336,NC_001612,False,Picornaviridae Enterovirus A,97.3064,CV-A16,100.0,CV-A16,100.0,B1a,82.0
AM292447,2445,891,3336,NC_001612,False,Picornaviridae Enterovirus A,97.19417,CV-A16,100.0,CV-A16,100.0,B1a,83.0
AM292448,2445,891,3336,NC_001612,False,Picornaviridae Enterovirus A,97.41863,CV-A16,100.0,CV-A16,100.0,B1a,91.0
AM292449,2445,891,3336,NC_001612,False,Picornaviridae Enterovirus A,97.3064,CV-A16,100.0,CV-A16,100.0,B1a,93.0
AM292452,2445,891,3336,NC_001612,False,Picornaviridae Enterovirus A,96.52077,CV-A16,100.0,CV-A16,100.0,B1a,84.0
AM292453,2445,891,3336,NC_001612,False,Picornaviridae Enterovirus A,96.85747,CV-A16,100.0,CV-A16,100.0,B1a,86.0
AM292454,2445,891,3336,NC_001612,False,Picornaviridae Enterovirus A,97.08193,CV-A16,100.0,CV-A16,100.0,B1a,88.0
AM292455,2445,891,3336,NC_001612,False,Picornaviridae Enterovirus A,89.898994,CV-A16,100.0,CV-A16,100.0,B2,82.0
AM292456,2445,891,3336,NC_001612,False,Picornaviridae Enterovirus A,96.52077,CV-A16,100.0,CV-A16,100.0,B1a,96.0
AM292457,2445,891,3336,NC_001612,False,Picornaviridae Enterovirus A,96.40853,CV-A16,100.0,CV-A16,100.0,B1a,84.0
AM292459,2445,891,3336,NC_001612,False,Picornaviridae Enterovirus A,97.19417,CV-A16,100.0,CV-A16,100.0,B1a,85.0
AM292460,2445,891,3336,NC_001612,False,Picornaviridae Enterovirus A,96.18407,CV-A16,100.0,CV-A16,100.0,B1a,89.0
AM292461,2445,891,3336,NC_001612,False,Picornaviridae Enterovirus A,90.01122,CV-A16,100.0,CV-A16,100.0,B2,93.0
AM292463,2445,891,3336,NC_001612,False,Picornaviridae Enterovirus A,95.286194,CV-A16,100.0,CV-A16,100.0,B1a,86.0
AM292464,2445,891,3336,NC_001612,False,Picornaviridae Enterovirus A,95.17396,CV-A16,100.0,CV-A16,100.0,B1a,86.0
AM292465,2445,891,3336,NC_001612,False,Picornaviridae Enterovirus A,90.34792,CV-A16,100.0,CV-A16,100.0,B2,87.0
AM292466,2445,891,3336,NC_001612,False,Picornaviridae Enterovirus A,97.41863,CV-A16,100.0,CV-A16,100.0,B1a,90.0
AM292467,2445,891,3336,NC_001612,False,Picornaviridae Enterovirus A,97.41863,CV-A16,100.0,CV-A16,100.0,B1a,88.0
AM292468,2445,891,3336,NC_001612,False,Picornaviridae Enterovirus A,90.01122,CV-A16,100.0,CV-A16,100.0,B2,88.0
AM292469,2445,891,3336,NC_001612,False,Picornaviridae Enterovirus A,97.41863,CV-A16,100.0,CV-A16,100.0,B1a,84.0
AM292470,2445,891,3336,NC_001612,False,Picornaviridae Enterovirus A,96.296295,CV-A16,100.0,CV-A16,100.0,B1a,91.0
AM292471,2445,891,3336,NC_001612,False,Picornaviridae Enterovirus A,96.296295,CV-A16,100.0,CV-A16,100.0,B1a,83.0
AM292473,2445,891,3336,NC_001612,False,Picornaviridae Enterovirus A,95.959595,CV-A16,100.0,CV-A16,100.0,B1a,84.0
AM292474,2445,891,3336,NC_001612,False,Picornaviridae Enterovirus A,96.18407,CV-A16,100.0,CV-A16,100.0,B1a,87.0
AM292475,2445,891,3336,NC_001612,False,Picornaviridae Enterovirus A,96.296295,CV-A16,100.0,CV-A16,100.0,B1a,87.0
AM292476,2445,891,3336,NC_001612,False,Picornaviridae Enterovirus A,94.83726,CV-A16,100.0,CV-A16,100.0,B1c,100.0
AM292477,2445,891,3336,NC_001612,False,Picornaviridae Enterovirus A,96.296295,CV-A16,100.0,CV-A16,100.0,B1a,84.0
AM292478,2445,891,3336,NC_001612,False,Picornaviridae Enterovirus A,97.6431,CV-A16,100.0,CV-A16,100.0,B1a,88.0
AM292479,2445,891,3336,NC_001612,False,Picornaviridae Enterovirus A,97.75533,CV-A16,100.0,CV-A16,100.0,B1a,84.0
AM292480,2445,891,3336,NC_001612,False,Picornaviridae Enterovirus A,97.41863,CV-A16,100.0,CV-A16,100.0,B1a,89.0
AM292481,2445,891,3336,NC_001612,False,Picornaviridae Enterovirus A,97.86757,CV-A16,100.0,CV-A16,100.0,B1a,84.0
AM292482,2445,891,3336,NC_001612,False,Picornaviridae Enterovirus A,97.3064,CV-A16,100.0,CV-A16,100.0,B1a,83.0
AM292483,2445,891,3336,NC_001612,False,Picornaviridae Enterovirus A,96.52077,CV-A16,100.0,CV-A16,100.0,B1a,89.0
AM292484,2445,891,3336,NC_001612,False,Picornaviridae Enterovirus A,97.19417,CV-A16,100.0,CV-A16,100.0,B1a,83.0
AY208085,2408,1214,3619,NC_001612,False,Picornaviridae Enterovirus A,95.59068,CV-A16,100.0,CV-A16,100.0,B1a,88.0
AY208088,2424,557,2981,NC_001612,False,Picornaviridae Enterovirus A,95.29837,CV-A16,100.0,CV-A16,100.0,B1a,86.0
AY821794,108,3257,3370,NC_001612,False,Picornaviridae Enterovirus A,97.758675,CV-A16,100.0,CV-A16,100.0,B1a,91.0
AY821795,108,3231,3344,NC_001612,False,Picornaviridae Enterovirus A,96.90498,CV-A16,100.0,CV-A16,100.0,B1b,87.0
AY821796,130,3193,3327,NC_001612,False,Picornaviridae Enterovirus A,96.241776,CV-A16,100.0,CV-A16,100.0,B1a,91.0
AY821797,101,3248,3355,NC_001612,False,Picornaviridae Enterovirus A,98.86119,CV-A16,100.0,CV-A16,100.0,B1a,89.0
AY821798,1125,2219,3344,NC_001612,False,Picornaviridae Enterovirus A,97.20595,CV-A16,100.0,CV-A16,100.0,B1b,99.0
AY895093,108,3244,3358,NC_001612,False,Picornaviridae Enterovirus A,97.50385,CV-A16,100.0,CV-A16,100.0,B1a,89.0
AY895094,108,3242,3355,NC_001612,False,Picornaviridae Enterovirus A,97.686615,CV-A16,100.0,CV-A16,100.0,B1a,85.0
AY895095,108,3242,3355,NC_001612,False,Picornaviridae Enterovirus A,97.84084,CV-A16,100.0,CV-A16,100.0,B1a,83.0
AY895096,108,3242,3355,NC_001612,False,Picornaviridae Enterovirus A,98.24182,CV-A16,100.0,CV-A16,100.0,B1a,80.0
AY895097,110,3241,3355,NC_001612,False,Picornaviridae Enterovirus A,97.80594,CV-A16,100.0,CV-A16,100.0,B1a,85.0
AY895098,108,3242,3355,NC_001612,False,Picornaviridae Enterovirus A,97.87169,CV-A16,100.0,CV-A16,100.0,B1a,89.0
AY895100,108,3242,3355,NC_001612,False,Picornaviridae Enterovirus A,98.02591,CV-A16,100.0,CV-A16,100.0,B1a,86.0
AY895101,109,3242,3355,NC_001612,False,Picornaviridae Enterovirus A,98.426895,CV-A16,100.0,CV-A16,100.0,B1a,88.0
AY895103,108,3242,3355,NC_001612,False,Picornaviridae Enterovirus A,97.71746,CV-A16,100.0,CV-A16,100.0,B1a,83.0
AY895104,108,3241,3355,NC_001612,False,Picornaviridae Enterovirus A,98.149284,CV-A16,100.0,CV-A16,100.0,B1a,90.0
AY895105,108,3241,3355,NC_001612,False,Picornaviridae Enterovirus A,98.24182,CV-A16,100.0,CV-A16,100.0,B1a,89.0
AY895106,108,3242,3355,NC_001612,False,Picornaviridae Enterovirus A,97.56323,CV-A16,100.0,CV-A16,100.0,B1a,82.0
AY895107,108,3242,3355,NC_001612,False,Picornaviridae Enterovirus A,98.0876,CV-A16,100.0,CV-A16,100.0,B1a,81.0
AY895108,108,3242,3355,NC_001612,False,Picornaviridae Enterovirus A,97.84084,CV-A16,100.0,CV-A16,100.0,B1a,85.0
AY895109,108,3242,3355,NC_001612,False,Picornaviridae Enterovirus A,98.24182,CV-A16,100.0,CV-A16,100.0,B1a,87.0
AY895111,108,3241,3355,NC_001612,False,Picornaviridae Enterovirus A,98.149284,CV-A16,100.0,CV-A16,100.0,B1a,85.0
AY895112,131,3144,3279,NC_001612,False,Picornaviridae Enterovirus A,99.0458,CV-A16,100.0,CV-A16,100.0,B1a,80.0
AY895113,131,3144,3279,NC_001612,False,Picornaviridae Enterovirus A,99.10942,CV-A16,100.0,CV-A16,100.0,B1a,81.0
AY895114,131,3144,3279,NC_001612,False,Picornaviridae Enterovirus A,97.80534,CV-A16,100.0,CV-A16,100.0,B1a,85.0
AY895115,131,3144,3279,NC_001612,False,Picornaviridae Enterovirus A,91.92112,CV-A16,100.0,CV-A16,100.0,B2,82.0
AY895116,131,3143,3279,NC_001612,False,Picornaviridae Enterovirus A,91.857506,CV-A16,100.0,CV-A16,100.0,B2,84.0
AY895117,131,3144,3279,NC_001612,False,Picornaviridae Enterovirus A,97.455475,CV-A16,100.0,CV-A16,100.0,B1a,80.0
AY895118,131,3143,3279,NC_001612,False,Picornaviridae Enterovirus A,97.550896,CV-A16,100.0,CV-A16,100.0,B1a,84.0
AY895119,131,3143,3279,NC_001612,False,Picornaviridae Enterovirus A,97.550896,CV-A16,100.0,CV-A16,100.0,B1a,81.0
AY895120,131,3143,3279,NC_001612,False,Picornaviridae Enterovirus A,97.70992,CV-A16,100.0,CV-A16,100.0,B1a,83.0
AY895121,131,3143,3279,NC_001612,False,Picornaviridae Enterovirus A,97.678116,CV-A16,100.0,CV-A16,100.0,B1a,84.0
AY895123,131,3144,3279,NC_001612,False,Picornaviridae Enterovirus A,96.596695,CV-A16,100.0,CV-A16,100.0,B1b,81.0
AY895124,131,3143,3279,NC_001612,False,Picornaviridae Enterovirus A,97.678116,CV-A16,100.0,CV-A16,100.0,B1a,81.0
AY895128,131,3144,3279,NC_001612,False,Picornaviridae Enterovirus A,90.8715,CV-A16,100.0,CV-A16,100.0,B2,88.0
AY919494,2445,376,2818,NC_001612,False,Picornaviridae Enterovirus A,81.914894,CV-A16,100.0,CV-A16,100.0,A,100.0
AY919503,2927,415,3342,NC_001612,False,Picornaviridae Enterovirus A,84.09638,CV-A16,100.0,CV-A16,100.0,A,100.0
EU072141,2604,273,2877,NC_001612,False,Picornaviridae Enterovirus A,98.161766,CV-A16,100.0,CV-A16,100.0,B1a,80.0
EU812514,0,7414,7413,NC_001612,False,Picornaviridae Enterovirus A,100.0,CV-A16,100.0,CV-A16,100.0,A,100.0
EU908092,2637,615,3252,NC_001612,False,Picornaviridae Enterovirus A,96.74796,CV-A16,100.0,CV-A16,100.0,B1a,90.0
EU908093,2637,615,3252,NC_001612,False,Picornaviridae Enterovirus A,98.04878,CV-A16,100.0,CV-A16,100.0,B1a,84.0
EU908096,2637,615,3252,NC_001612,False,Picornaviridae Enterovirus A,98.21138,CV-A16,100.0,CV-A16,100.0,B1a,85.0
EU908097,2637,615,3252,NC_001612,False,Picornaviridae Enterovirus A,98.04878,CV-A16,100.0,CV-A16,100.0,B1a,85.0
EU908098,2637,615,3252,NC_001612,False,Picornaviridae Enterovirus A,98.373985,CV-A16,100.0,CV-A16,100.0,B1a,80.0
EU908099,2637,615,3252,NC_001612,False,Picornaviridae Enterovirus A,98.04878,CV-A16,100.0,CV-A16,100.0,B1a,85.0
EU908100,2637,615,3252,NC_001612,False,Picornaviridae Enterovirus A,96.91057,CV-A16,100.0,CV-A16,100.0,B1a,85.0
EU908101,2637,615,3252,NC_001612,False,Picornaviridae Enterovirus A,98.21138,CV-A16,100.0,CV-A16,100.0,B1a,86.0
EU908102,2637,615,3252,NC_001612,False,Picornaviridae Enterovirus A,99.187,CV-A16,100.0,CV-A16,100.0,B1b,99.0
EU908103,2637,615,3252,NC_001612,False,Picornaviridae Enterovirus A,97.72358,CV-A16,100.0,CV-A16,100.0,B1a,82.0
EU908104,2637,615,3252,NC_001612,False,Picornaviridae Enterovirus A,97.560974,CV-A16,100.0,CV-A16,100.0,B1a,85.0
EU908105,2637,615,3252,NC_001612,False,Picornaviridae Enterovirus A,99.51219,CV-A16,100.0,CV-A16,100.0,B1a,80.0
EU908106,2637,615,3252,NC_001612,False,Picornaviridae Enterovirus A,99.51219,CV-A16,100.0,CV-A16,100.0,B1a,82.0
EU908107,2637,615,3252,NC_001612,False,Picornaviridae Enterovirus A,99.51219,CV-A16,100.0,CV-A16,100.0,B1a,88.0
EU908108,2637,615,3252,NC_001612,False,Picornaviridae Enterovirus A,97.72358,CV-A16,100.0,CV-A16,100.0,B1a,83.0
EU908109,2637,615,3252,NC_001612,False,Picornaviridae Enterovirus A,97.72358,CV-A16,100.0,CV-A16,100.0,B1a,84.0
EU908110,2637,615,3252,NC_001612,False,Picornaviridae Enterovirus A,99.02439,CV-A16,100.0,CV-A16,100.0,B1a,87.0
EU908111,2637,615,3252,NC_001612,False,Picornaviridae Enterovirus A,97.72358,CV-A16,100.0,CV-A16,100.0,B1a,85.0
EU908112,2637,615,3252,NC_001612,False,Picornaviridae Enterovirus A,97.72358,CV-A16,100.0,CV-A16,100.0,B1a,85.0
EU908113,2637,615,3252,NC_001612,False,Picornaviridae Enterovirus A,99.51219,CV-A16,100.0,CV-A16,100.0,B1a,89.0
EU908115,2637,615,3252,NC_001612,False,Picornaviridae Enterovirus A,97.72358,CV-A16,100.0,CV-A16,100.0,B1a,88.0
EU908116,2637,615,3252,NC_001612,False,Picornaviridae Enterovirus A,99.349594,CV-A16,100.0,CV-A16,100.0,B1a,85.0
EU908117,2637,615,3252,NC_001612,False,Picornaviridae Enterovirus A,97.07317,CV-A16,100.0,CV-A16,100.0,B1a,89.0
EU908118,2637,615,3252,NC_001612,False,Picornaviridae Enterovirus A,98.69919,CV-A16,100.0,CV-A16,100.0,B1a,90.0
EU908119,2637,615,3252,NC_001612,False,Picornaviridae Enterovirus A,96.91057,CV-A16,100.0,CV-A16,100.0,B1a,86.0
EU908120,2637,615,3252,NC_001612,False,Picornaviridae Enterovirus A,97.23578,CV-A16,100.0,CV-A16,100.0,B1a,90.0
FJ868280,2445,891,3336,NC_001612,False,Picornaviridae Enterovirus A,97.6431,CV-A16,100.0,CV-A16,100.0,B1a,83.0
FR798001,2192,1150,3342,NC_001612,False,Picornaviridae Enterovirus A,98.2548,CV-A16,100.0,CV-A16,100.0,B1a,86.0
GQ184129,2445,891,3336,NC_001612,False,Picornaviridae Enterovirus A,96.296295,CV-A16,100.0,CV-A16,100.0,B1a,84.0
GQ184130,2445,891,3336,NC_001612,False,Picornaviridae Enterovirus A,96.969696,CV-A16,100.0,CV-A16,100.0,B1a,92.0
GQ184132,2445,891,3336,NC_001612,False,Picornaviridae Enterovirus A,96.85747,CV-A16,100.0,CV-A16,100.0,B1a,86.0
GQ184133,2445,891,3336,NC_001612,False,Picornaviridae Enterovirus A,97.08193,CV-A16,100.0,CV-A16,100.0,B1a,88.0
GQ184134,2445,891,3336,NC_001612,False,Picornaviridae Enterovirus A,96.969696,CV-A16,100.0,CV-A16,100.0,B1a,89.0
GQ184135,2445,891,3336,NC_001612,False,Picornaviridae Enterovirus A,96.632996,CV-A16,100.0,CV-A16,100.0,B1a,82.0
GQ184137,2445,891,3336,NC_001612,False,Picornaviridae Enterovirus A,96.52077,CV-A16,100.0,CV-A16,100.0,B1a,83.0
GQ184138,2445,891,3336,NC_001612,False,Picornaviridae Enterovirus A,96.40853,CV-A16,100.0,CV-A16,100.0,B1a,84.0
GQ184139,2445,891,3336,NC_001612,False,Picornaviridae Enterovirus A,96.40853,CV-A16,100.0,CV-A16,100.0,B1a,84.0
GQ184140,2445,891,3336,NC_001612,False,Picornaviridae Enterovirus A,96.74523,CV-A16,100.0,CV-A16,100.0,B1a,89.0
GQ253380,2445,891,3336,NC_001612,False,Picornaviridae Enterovirus A,97.3064,CV-A16,100.0,CV-A16,100.0,B1b,98.0
GQ253381,2445,891,3336,NC_001612,False,Picornaviridae Enterovirus A,97.6431,CV-A16,100.0,CV-A16,100.0,B1b,97.0
GQ253382,2445,891,3336,NC_001612,False,Picornaviridae Enterovirus A,98.3165,CV-A16,100.0,CV-A16,100.0,B1a,91.0
GQ253383,2445,891,3336,NC_001612,False,Picornaviridae Enterovirus A,97.41863,CV-A16,100.0,CV-A16,100.0,B1b,99.0
GQ253384,2445,891,3336,NC_001612,False,Picornaviridae Enterovirus A,96.969696,CV-A16,100.0,CV-A16,100.0,B1b,99.0
GQ253385,2445,891,3336,NC_001612,False,Picornaviridae Enterovirus A,97.6431,CV-A16,100.0,CV-A16,100.0,B1b,97.0
GQ253386,2445,891,3336,NC_001612,False,Picornaviridae Enterovirus A,97.9798,CV-A16,100.0,CV-A16,100.0,B1a,86.0
GQ253387,2445,891,3336,NC_001612,False,Picornaviridae Enterovirus A,97.9798,CV-A16,100.0,CV-A16,100.0,B1a,91.0
GQ253388,2445,891,3336,NC_001612,False,Picornaviridae Enterovirus A,97.53087,CV-A16,100.0,CV-A16,100.0,B1a,85.0
GQ253389,2445,891,3336,NC_001612,False,Picornaviridae Enterovirus A,97.19417,CV-A16,100.0,CV-A16,100.0,B1a,85.0
GQ253390,2445,891,3336,NC_001612,False,Picornaviridae Enterovirus A,97.6431,CV-A16,100.0,CV-A16,100.0,B1a,85.0
GQ279368,0,7409,7413,NC_001612,False,Picornaviridae Enterovirus A,100.0,CV-A16,100.0,CV-A16,100.0,B1a,90.0
GQ279371,0,7409,7413,NC_001612,False,Picornaviridae Enterovirus A,100.0,CV-A16,100.0,CV-A16,100.0,B1b,100.0
GQ406339,750,2586,3336,NC_001612,False,Picornaviridae Enterovirus A,99.84532,CV-A16,100.0,CV-A16,100.0,B1b,98.0
GQ429220,2445,891,3336,NC_001612,False,Picornaviridae Enterovirus A,98.6532,CV-A16,100.0,CV-A16,100.0,B1a,87.0
GQ429221,2445,891,3336,NC_001612,False,Picornaviridae Enterovirus A,97.19101,CV-A16,100.0,CV-A16,100.0,B1b,98.0
GQ429222,2445,891,3336,NC_001612,False,Picornaviridae Enterovirus A,96.96629,CV-A16,100.0,CV-A16,100.0,B1b,100.0
GQ429223,2445,891,3336,NC_001612,False,Picornaviridae Enterovirus A,98.3165,CV-A16,100.0,CV-A16,100.0,B1a,90.0
GQ429224,2445,891,3336,NC_001612,False,Picornaviridae Enterovirus A,98.3165,CV-A16,100.0,CV-A16,100.0,B1a,86.0
GQ429225,2445,891,3336,NC_001612,False,Picornaviridae Enterovirus A,97.86757,CV-A16,100.0,CV-A16,100.0,B1b,99.0
GQ429226,2445,891,3336,NC_001612,False,Picornaviridae Enterovirus A,96.07183,CV-A16,100.0,CV-A16,100.0,B1b,88.0
GQ429227,2445,891,3336,NC_001612,False,Picornaviridae Enterovirus A,96.07183,CV-A16,100.0,CV-A16,100.0,B1b,93.0
GQ429228,2445,891,3336,NC_001612,False,Picornaviridae Enterovirus A,95.84736,CV-A16,100.0,CV-A16,100.0,B1b,91.0
GQ429229,2445,891,3336,NC_001612,False,Picornaviridae Enterovirus A,96.07183,CV-A16,100.0,CV-A16,100.0,B1b,90.0
GQ429230,2445,891,3336,NC_001612,False,Picornaviridae Enterovirus A,98.3165,CV-A16,100.0,CV-A16,100.0,B1a,86.0
GQ429231,2445,891,3336,NC_001612,False,Picornaviridae Enterovirus A,98.3165,CV-A16,100.0,CV-A16,100.0,B1a,84.0
GQ429232,2445,891,3336,NC_001612,False,Picornaviridae Enterovirus A,98.3165,CV-A16,100.0,CV-A16,100.0,B1a,80.0
GQ429233,2445,891,3336,NC_001612,False,Picornaviridae Enterovirus A,98.3165,CV-A16,100.0,CV-A16,100.0,B1a,86.0
GQ429234,2445,891,3336,NC_001612,False,Picornaviridae Enterovirus A,98.3165,CV-A16,100.0,CV-A16,100.0,B1a,82.0
GQ429235,2445,891,3336,NC_001612,False,Picornaviridae Enterovirus A,98.20427,CV-A16,100.0,CV-A16,100.0,B1a,86.0
GQ429236,2445,891,3336,NC_001612,False,Picornaviridae Enterovirus A,98.54097,CV-A16,100.0,CV-A16,100.0,B1a,86.0
GQ429237,2445,891,3336,NC_001612,False,Picornaviridae Enterovirus A,97.3064,CV-A16,100.0,CV-A16,100.0,B1b,100.0
GQ429238,2445,891,3336,NC_001612,False,Picornaviridae Enterovirus A,97.3064,CV-A16,100.0,CV-A16,100.0,B1b,100.0
GQ429239,2445,891,3336,NC_001612,False,Picornaviridae Enterovirus A,96.969696,CV-A16,100.0,CV-A16,100.0,B1b,98.0
GQ429240,2445,891,3336,NC_001612,False,Picornaviridae Enterovirus A,97.08193,CV-A16,100.0,CV-A16,100.0,B1b,99.0
GQ429241,2445,891,3336,NC_001612,False,Picornaviridae Enterovirus A,98.428734,CV-A16,100.0,CV-A16,100.0,B1a,85.0
GQ429242,2445,891,3336,NC_001612,False,Picornaviridae Enterovirus A,97.9798,CV-A16,100.0,CV-A16,100.0,B1a,88.0
GQ429243,2445,891,3336,NC_001612,False,Picornaviridae Enterovirus A,96.40853,CV-A16,100.0,CV-A16,100.0,B1b,99.0
GQ429244,2445,891,3336,NC_001612,False,Picornaviridae Enterovirus A,98.09203,CV-A16,100.0,CV-A16,100.0,B1a,82.0
GQ429245,2445,891,3336,NC_001612,False,Picornaviridae Enterovirus A,97.9798,CV-A16,100.0,CV-A16,100.0,B1a,87.0
GQ429246,2445,891,3336,NC_001612,False,Picornaviridae Enterovirus A,98.428734,CV-A16,100.0,CV-A16,100.0,B1a,84.0
GQ429247,2445,891,3336,NC_001612,False,Picornaviridae Enterovirus A,98.428734,CV-A16,100.0,CV-A16,100.0,B1a,83.0
GQ429248,2445,891,3336,NC_001612,False,Picornaviridae Enterovirus A,97.53087,CV-A16,100.0,CV-A16,100.0,B1b,99.0
GQ429249,2445,891,3336,NC_001612,False,Picornaviridae Enterovirus A,97.86757,CV-A16,100.0,CV-A16,100.0,B1a,84.0
GQ429250,2445,891,3336,NC_001612,False,Picornaviridae Enterovirus A,96.969696,CV-A16,100.0,CV-A16,100.0,B1b,99.0
GQ429251,2445,891,3336,NC_001612,False,Picornaviridae Enterovirus A,96.85747,CV-A16,100.0,CV-A16,100.0,B1b,99.0
GQ429252,2445,891,3336,NC_001612,False,Picornaviridae Enterovirus A,97.08193,CV-A16,100.0,CV-A16,100.0,B1b,99.0
GQ429253,2445,891,3336,NC_001612,False,Picornaviridae Enterovirus A,97.08193,CV-A16,100.0,CV-A16,100.0,B1b,100.0
GQ429254,2445,891,3336,NC_001612,False,Picornaviridae Enterovirus A,96.969696,CV-A16,100.0,CV-A16,100.0,B1b,99.0
GQ429255,2445,891,3336,NC_001612,False,Picornaviridae Enterovirus A,97.9798,CV-A16,100.0,CV-A16,100.0,B1a,84.0
GQ429256,2445,891,3336,NC_001612,False,Picornaviridae Enterovirus A,97.08193,CV-A16,100.0,CV-A16,100.0,B1b,100.0
GQ429257,2445,891,3336,NC_001612,False,Picornaviridae Enterovirus A,96.969696,CV-A16,100.0,CV-A16,100.0,B1b,100.0
GQ429258,2445,891,3336,NC_001612,False,Picornaviridae Enterovirus A,98.09203,CV-A16,100.0,CV-A16,100.0,B1a,89.0
GQ429259,2445,891,3336,NC_001612,False,Picornaviridae Enterovirus A,97.08193,CV-A16,100.0,CV-A16,100.0,B1b,99.0
GQ429260,2445,891,3336,NC_001612,False,Picornaviridae Enterovirus A,97.53087,CV-A16,100.0,CV-A16,100.0,B1b,100.0
GQ429261,2445,891,3336,NC_001612,False,Picornaviridae Enterovirus A,96.85747,CV-A16,100.0,CV-A16,100.0,B1b,100.0
GQ429262,2445,891,3336,NC_001612,False,Picornaviridae Enterovirus A,97.9798,CV-A16,100.0,CV-A16,100.0,B1a,86.0
GQ429263,2445,891,3336,NC_001612,False,Picornaviridae Enterovirus A,98.09203,CV-A16,100.0,CV-A16,100.0,B1a,87.0
GQ429264,2445,891,3336,NC_001612,False,Picornaviridae Enterovirus A,96.52077,CV-A16,100.0,CV-A16,100.0,B1b,99.0
GQ429265,2445,891,3336,NC_001612,False,Picornaviridae Enterovirus A,96.52077,CV-A16,100.0,CV-A16,100.0,B1b,100.0
GQ429266,2445,891,3336,NC_001612,False,Picornaviridae Enterovirus A,98.765434,CV-A16,100.0,CV-A16,100.0,B1a,81.0
GQ429267,2445,891,3336,NC_001612,False,Picornaviridae Enterovirus A,96.52077,CV-A16,100.0,CV-A16,100.0,B1b,97.0
GQ429268,2445,891,3336,NC_001612,False,Picornaviridae Enterovirus A,96.74523,CV-A16,100.0,CV-A16,100.0,B1b,98.0
GQ429269,2445,891,3336,NC_001612,False,Picornaviridae Enterovirus A,98.20427,CV-A16,100.0,CV-A16,100.0,B1b,100.0
GQ429270,2445,891,3336,NC_001612,False,Picornaviridae Enterovirus A,96.85747,CV-A16,100.0,CV-A16,100.0,B1b,100.0
GQ429271,2445,891,3336,NC_001612,False,Picornaviridae Enterovirus A,96.85747,CV-A16,100.0,CV-A16,100.0,B1b,100.0
GQ429272,2445,891,3336,NC_001612,False,Picornaviridae Enterovirus A,97.19417,CV-A16,100.0,CV-A16,100.0,B1b,99.0
GQ429273,2445,891,3336,NC_001612,False,Picornaviridae Enterovirus A,97.08193,CV-A16,100.0,CV-A16,100.0,B1b,100.0
GQ429274,2445,891,3336,NC_001612,False,Picornaviridae Enterovirus A,98.3165,CV-A16,100.0,CV-A16,100.0,B1b,98.0
GQ429275,2445,891,3336,NC_001612,False,Picornaviridae Enterovirus A,95.73513,CV-A16,100.0,CV-A16,100.0,B1b,96.0
GQ429276,2445,891,3336,NC_001612,False,Picornaviridae Enterovirus A,97.08193,CV-A16,100.0,CV-A16,100.0,B1b,100.0
GQ429277,2445,891,3336,NC_001612,False,Picornaviridae Enterovirus A,96.40853,CV-A16,100.0,CV-A16,100.0,B1b,100.0
GU142869,2445,891,3336,NC_001612,False,Picornaviridae Enterovirus A,96.632996,CV-A16,100.0,CV-A16,100.0,B1a,88.0
HE572993,2445,891,3336,NC_001612,False,Picornaviridae Enterovirus A,94.50056,CV-A16,100.0,CV-A16,100.0,B1a,82.0
HE572994,2445,891,3336,NC_001612,False,Picornaviridae Enterovirus A,92.031425,CV-A16,100.0,CV-A16,100.0,B1c,89.0
HE572995,2445,891,3336,NC_001612,False,Picornaviridae Enterovirus A,92.14366,CV-A16,100.0,CV-A16,100.0,B1c,90.0
HE572996,2445,891,3336,NC_001612,False,Picornaviridae Enterovirus A,92.031425,CV-A16,100.0,CV-A16,100.0,B1c,87.0
HE572997,2445,891,3336,NC_001612,False,Picornaviridae Enterovirus A,92.14366,CV-A16,100.0,CV-A16,100.0,B1c,84.0
HE572998,2445,891,3336,NC_001612,False,Picornaviridae Enterovirus A,91.694725,CV-A16,100.0,CV-A16,100.0,B1c,84.0
HE572999,2445,891,3336,NC_001612,False,Picornaviridae Enterovirus A,92.14366,CV-A16,100.0,CV-A16,100.0,B1c,91.0
HE573000,2445,891,3336,NC_001612,False,Picornaviridae Enterovirus A,92.031425,CV-A16,100.0,CV-A16,100.0,B1c,91.0
HE573002,2445,891,3336,NC_001612,False,Picornaviridae Enterovirus A,91.91919,CV-A16,100.0,CV-A16,100.0,B1c,86.0
HE573003,2445,891,3336,NC_001612,False,Picornaviridae Enterovirus A,91.91919,CV-A16,100.0,CV-A16,100.0,B1c,82.0
HE573004,2445,891,3336,NC_001612,False,Picornaviridae Enterovirus A,91.91919,CV-A16,100.0,CV-A16,100.0,B1c,87.0
HE573005,2445,891,3336,NC_001612,False,Picornaviridae Enterovirus A,91.80696,CV-A16,100.0,CV-A16,100.0,B1c,85.0
HE573007,2445,891,3336,NC_001612,False,Picornaviridae Enterovirus A,92.031425,CV-A16,100.0,CV-A16,100.0,B1c,87.0
HM190289,2488,138,2626,AF177911,False,Picornaviridae Enterovirus A,91.9708,CV-A16,85.0,CV-A16,91.0,B1c,83.0
HM190292,2486,138,2624,AB204852,False,Picornaviridae Enterovirus A,93.43066,CV-A16,87.0,CV-A16,90.0,B1c,98.0
HM190293,2486,138,2624,AB204852,False,Picornaviridae Enterovirus A,93.43066,CV-A16,91.0,CV-A16,91.0,B1c,98.0
HM190294,2486,138,2624,AB204852,False,Picornaviridae Enterovirus A,93.43066,,90.0,CV-A16,90.0,B1c,97.0
HM190295,2486,138,2624,AB204852,False,Picornaviridae Enterovirus A,93.43066,CV-A16,87.0,CV-A16,91.0,B1c,95.0
HM190296,2486,138,2624,AB204852,False,Picornaviridae Enterovirus A,93.43066,,91.0,CV-A16,91.0,B1c,94.0
HM190297,2486,138,2624,AB204852,False,Picornaviridae Enterovirus A,93.43066,,86.0,CV-A16,86.0,B1c,97.0
HM190298,2486,138,2624,AB204852,False,Picornaviridae Enterovirus A,93.43066,CV-A16,84.0,CV-A16,90.0,B1c,98.0
HM459721,2603,304,2907,NC_001612,False,Picornaviridae Enterovirus A,97.368416,CV-A16,100.0,CV-A16,100.0,B1b,83.0
HM459728,2603,304,2907,NC_001612,False,Picornaviridae Enterovirus A,96.710526,CV-A16,100.0,CV-A16,100.0,B1b,84.0
HM459749,2603,304,2907,NC_001612,False,Picornaviridae Enterovirus A,98.02631,CV-A16,100.0,CV-A16,100.0,B1b,84.0
HM459755,2603,304,2907,NC_001612,False,Picornaviridae Enterovirus A,100.0,CV-A16,100.0,CV-A16,100.0,B1b,87.0
HM459766,2603,304,2907,NC_001612,False,Picornaviridae Enterovirus A,98.68421,CV-A16,100.0,CV-A16,100.0,B1b,86.0
HM459774,2603,304,2907,NC_001612,False,Picornaviridae Enterovirus A,98.35526,CV-A16,100.0,CV-A16,100.0,B1b,86.0
HM459787,2603,304,2907,NC_001612,False,Picornaviridae Enterovirus A,98.35526,CV-A16,100.0,CV-A16,100.0,B1b,88.0
HM459788,2603,304,2907,NC_001612,False,Picornaviridae Enterovirus A,97.368416,CV-A16,100.0,CV-A16,100.0,B1b,87.0
HM459792,2603,304,2907,NC_001612,False,Picornaviridae Enterovirus A,98.35526,CV-A16,100.0,CV-A16,100.0,B1b,85.0
HM459799,2603,304,2907,NC_001612,False,Picornaviridae Enterovirus A,98.02631,CV-A16,100.0,CV-A16,100.0,B1b,91.0
HM459808,2603,304,2907,NC_001612,False,Picornaviridae Enterovirus A,95.39474,CV-A16,100.0,CV-A16,100.0,B1b,80.0
HM776219,2400,944,3344,NC_001612,False,Picornaviridae Enterovirus A,97.245766,CV-A16,100.0,CV-A16,100.0,B1a,90.0
HM776221,2400,944,3344,NC_001612,False,Picornaviridae Enterovirus A,97.56356,CV-A16,100.0,CV-A16,100.0,B1b,99.0
HM776223,2400,944,3344,NC_001612,False,Picornaviridae Enterovirus A,97.0339,CV-A16,100.0,CV-A16,100.0,B1a,84.0
HM776224,2400,944,3344,NC_001612,False,Picornaviridae Enterovirus A,96.818665,CV-A16,100.0,CV-A16,100.0,B1a,83.0
HM776225,2400,944,3344,NC_001612,False,Picornaviridae Enterovirus A,97.77542,CV-A16,100.0,CV-A16,100.0,B1b,100.0
HM776226,2400,944,3344,NC_001612,False,Picornaviridae Enterovirus A,96.92796,CV-A16,100.0,CV-A16,100.0,B1a,86.0
HM776227,2400,944,3344,NC_001612,False,Picornaviridae Enterovirus A,96.92796,CV-A16,100.0,CV-A16,100.0,B1a,81.0
HM776228,2400,944,3344,NC_001612,False,Picornaviridae Enterovirus A,96.92796,CV-A16,100.0,CV-A16,100.0,B1b,98.0
HM776229,2400,944,3344,NC_001612,False,Picornaviridae Enterovirus A,97.45763,CV-A16,100.0,CV-A16,100.0,B1b,98.0
HM776230,2400,944,3344,NC_001612,False,Picornaviridae Enterovirus A,95.868645,CV-A16,100.0,CV-A16,100.0,B1a,86.0
HM776233,2400,944,3344,NC_001612,False,Picornaviridae Enterovirus A,96.504234,CV-A16,100.0,CV-A16,100.0,B1a,83.0
HM776235,2400,944,3344,NC_001612,False,Picornaviridae Enterovirus A,98.83475,CV-A16,100.0,CV-A16,100.0,B1b,98.0
HM776236,2400,944,3344,NC_001612,False,Picornaviridae Enterovirus A,95.546135,CV-A16,100.0,CV-A16,100.0,B1a,83.0
HM776238,2400,944,3344,NC_001612,False,Picornaviridae Enterovirus A,98.41102,CV-A16,100.0,CV-A16,100.0,B1a,87.0
HM776239,2400,944,3344,NC_001612,False,Picornaviridae Enterovirus A,95.868645,CV-A16,100.0,CV-A16,100.0,B1a,82.0
HM776240,2400,944,3344,NC_001612,False,Picornaviridae Enterovirus A,98.516945,CV-A16,100.0,CV-A16,100.0,B1a,87.0
HM776241,2400,944,3344,NC_001612,False,Picornaviridae Enterovirus A,98.41102,CV-A16,100.0,CV-A16,100.0,B1a,87.0
HM776242,2400,944,3344,NC_001612,False,Picornaviridae Enterovirus A,98.093216,CV-A16,100.0,CV-A16,100.0,B1a,83.0
HM776243,2400,944,3344,NC_001612,False,Picornaviridae Enterovirus A,98.41102,CV-A16,100.0,CV-A16,100.0,B1b,100.0
HM776245,2400,944,3344,NC_001612,False,Picornaviridae Enterovirus A,98.516945,CV-A16,100.0,CV-A16,100.0,B1b,100.0
HM776246,2400,944,3344,NC_001612,False,Picornaviridae Enterovirus A,98.41102,CV-A16,100.0,CV-A16,100.0,B1a,86.0
HM776247,2400,944,3344,NC_001612,False,Picornaviridae Enterovirus A,98.19915,CV-A16,100.0,CV-A16,100.0,B1a,85.0
HM776248,2400,944,3344,NC_001612,False,Picornaviridae Enterovirus A,98.19915,CV-A16,100.0,CV-A16,100.0,B1a,83.0
HM776249,2400,944,3344,NC_001612,False,Picornaviridae Enterovirus A,97.98729,CV-A16,100.0,CV-A16,100.0,B1b,98.0
HM776250,2400,944,3344,NC_001612,False,Picornaviridae Enterovirus A,98.19915,CV-A16,100.0,CV-A16,100.0,B1a,88.0
HM776251,2400,944,3344,NC_001612,False,Picornaviridae Enterovirus A,97.245766,CV-A16,100.0,CV-A16,100.0,B1b,100.0
HM776252,2400,944,3344,NC_001612,False,Picornaviridae Enterovirus A,98.19915,CV-A16,100.0,CV-A16,100.0,B1a,86.0
HM776253,2400,944,3344,NC_001612,False,Picornaviridae Enterovirus A,97.98729,CV-A16,100.0,CV-A16,100.0,B1a,89.0
HM776254,2400,944,3344,NC_001612,False,Picornaviridae Enterovirus A,96.39831,CV-A16,100.0,CV-A16,100.0,B1b,99.0
HM776255,2400,944,3344,NC_001612,False,Picornaviridae Enterovirus A,97.98729,CV-A16,100.0,CV-A16,100.0,B1b,98.0
HM776256,2400,944,3344,NC_001612,False,Picornaviridae Enterovirus A,99.25848,CV-A16,100.0,CV-A16,100.0,B1a,85.0
HM776257,2400,944,3344,NC_001612,False,Picornaviridae Enterovirus A,96.61017,CV-A16,100.0,CV-A16,100.0,B1b,100.0
HM776258,2400,944,3344,NC_001612,False,Picornaviridae Enterovirus A,99.15254,CV-A16,100.0,CV-A16,100.0,B1a,86.0
HM776259,2400,944,3344,NC_001612,False,Picornaviridae Enterovirus A,100.0,CV-A16,100.0,CV-A16,100.0,B1b,98.0
HM776260,2400,944,3344,NC_001612,False,Picornaviridae Enterovirus A,99.89407,CV-A16,100.0,CV-A16,100.0,B1a,82.0
HM776261,2400,944,3344,NC_001612,False,Picornaviridae Enterovirus A,97.881355,CV-A16,100.0,CV-A16,100.0,B1a,83.0
HM776262,2400,944,3344,NC_001612,False,Picornaviridae Enterovirus A,97.98729,CV-A16,100.0,CV-A16,100.0,B1a,80.0
HM776263,2400,944,3344,NC_001612,False,Picornaviridae Enterovirus A,98.19915,CV-A16,100.0,CV-A16,100.0,B1a,90.0
HM776264,2400,944,3344,NC_001612,False,Picornaviridae Enterovirus A,97.77542,CV-A16,100.0,CV-A16,100.0,B1a,84.0
HM776265,2400,944,3344,NC_001612,False,Picornaviridae Enterovirus A,97.881355,CV-A16,100.0,CV-A16,100.0,B1a,86.0
HM776266,2400,944,3344,NC_001612,False,Picornaviridae Enterovirus A,98.093216,CV-A16,100.0,CV-A16,100.0,B1a,90.0
HM776267,2400,944,3344,NC_001612,False,Picornaviridae Enterovirus A,97.77542,CV-A16,100.0,CV-A16,100.0,B1a,80.0
HM776268,2400,944,3344,NC_001612,False,Picornaviridae Enterovirus A,97.881355,CV-A16,100.0,CV-A16,100.0,B1a,84.0
HM776269,2400,944,3344,NC_001612,False,Picornaviridae Enterovirus A,97.881355,CV-A16,100.0,CV-A16,100.0,B1a,90.0
HM776270,2400,944,3344,NC_001612,False,Picornaviridae Enterovirus A,98.091194,CV-A16,100.0,CV-A16,100.0,B1a,86.0
HM776271,2400,944,3344,NC_001612,False,Picornaviridae Enterovirus A,99.046616,CV-A16,100.0,CV-A16,100.0,B1b,98.0
HM776272,2400,944,3344,NC_001612,False,Picornaviridae Enterovirus A,97.66702,CV-A16,100.0,CV-A16,100.0,B1a,88.0
HM776273,2400,944,3344,NC_001612,False,Picornaviridae Enterovirus A,97.66702,CV-A16,100.0,CV-A16,100.0,B1a,89.0
HM776274,2400,944,3344,NC_001612,False,Picornaviridae Enterovirus A,98.72881,CV-A16,100.0,CV-A16,100.0,B1a,90.0
HM776275,2400,944,3344,NC_001612,False,Picornaviridae Enterovirus A,98.19915,CV-A16,100.0,CV-A16,100.0,B1a,84.0
HM776276,2400,944,3344,NC_001612,False,Picornaviridae Enterovirus A,98.19915,CV-A16,100.0,CV-A16,100.0,B1a,84.0
HM776277,2400,944,3344,NC_001612,False,Picornaviridae Enterovirus A,98.19915,CV-A16,100.0,CV-A16,100.0,B1a,82.0
HM776278,2400,944,3344,NC_001612,False,Picornaviridae Enterovirus A,98.19915,CV-A16,100.0,CV-A16,100.0,B1a,85.0
HM776279,2400,944,3344,NC_001612,False,Picornaviridae Enterovirus A,98.305084,CV-A16,100.0,CV-A16,100.0,B1b,98.0
HM776280,2400,944,3344,NC_001612,False,Picornaviridae Enterovirus A,97.56356,CV-A16,100.0,CV-A16,100.0,B1b,98.0
HM776281,2400,944,3344,NC_001612,False,Picornaviridae Enterovirus A,98.305084,CV-A16,100.0,CV-A16,100.0,B1b,98.0
HM776282,2400,944,3344,NC_001612,False,Picornaviridae Enterovirus A,98.305084,CV-A16,100.0,CV-A16,100.0,B1b,99.0
HM776283,2400,944,3344,NC_001612,False,Picornaviridae Enterovirus A,99.14984,CV-A16,100.0,CV-A16,100.0,B1b,98.0
HM776284,2400,944,3344,NC_001612,False,Picornaviridae Enterovirus A,97.24284,CV-A16,100.0,CV-A16,100.0,B1a,85.0
HM776285,2400,944,3344,NC_001612,False,Picornaviridae Enterovirus A,97.245766,CV-A16,100.0,CV-A16,100.0,B1a,85.0
HM776286,2400,944,3344,NC_001612,False,Picornaviridae Enterovirus A,97.77542,CV-A16,100.0,CV-A16,100.0,B1b,100.0
HM776287,2400,944,3344,NC_001612,False,Picornaviridae Enterovirus A,97.45763,CV-A16,100.0,CV-A16,100.0,B1b,99.0
HQ122413,2613,247,2860,NC_001612,False,Picornaviridae Enterovirus A,93.927124,CV-A16,100.0,CV-A16,100.0,B1c,87.0
HQ122414,2646,214,2860,NC_001612,False,Picornaviridae Enterovirus A,93.92523,CV-A16,100.0,CV-A16,100.0,B1c,87.0
HQ269389,0,7435,7438,NC_001612,False,Picornaviridae Enterovirus A,100.0,CV-A16,100.0,CV-A16,100.0,B1b,99.0
HQ283786,1810,2724,4535,NC_001612,False,Picornaviridae Enterovirus A,98.9899,CV-A16,100.0,CV-A16,100.0,B1a,89.0
HQ283792,1798,2737,4535,NC_001612,False,Picornaviridae Enterovirus A,99.21436,CV-A16,100.0,CV-A16,100.0,B1a,89.0
HQ283855,1798,2737,4535,NC_001612,False,Picornaviridae Enterovirus A,99.3266,CV-A16,100.0,CV-A16,100.0,B1a,84.0
HQ423141,0,7409,7413,NC_001612,False,Picornaviridae Enterovirus A,100.0,CV-A16,100.0,CV-A16,100.0,B1a,83.0
HQ450559,3109,1022,4131,NC_001612,False,Picornaviridae Enterovirus A,97.945206,CV-A16,100.0,CV-A16,100.0,B1b,92.0
HQ450560,3109,1022,4131,NC_001612,False,Picornaviridae Enterovirus A,98.33659,CV-A16,100.0,CV-A16,100.0,B1b,81.0
HQ450566,3109,1022,4131,NC_001612,False,Picornaviridae Enterovirus A,98.23875,CV-A16,100.0,CV-A16,100.0,B1b,96.0
HQ450567,3109,1022,4131,NC_001612,False,Picornaviridae Enterovirus A,98.72798,CV-A16,99.0,CV-A16,100.0,B1b,91.0
HQ450568,3109,1022,4131,NC_001612,False,Picornaviridae Enterovirus A,98.82583,CV-A16,99.0,CV-A16,100.0,B1b,93.0
HQ450569,3109,1022,4131,NC_001612,False,Picornaviridae Enterovirus A,98.23875,CV-A16,100.0,CV-A16,100.0,B1b,91.0
HQ450570,3109,1022,4131,NC_001612,False,Picornaviridae Enterovirus A,98.23875,CV-A16,99.0,CV-A16,100.0,B1b,91.0
HQ450571,3109,1022,4131,NC_001612,False,Picornaviridae Enterovirus A,98.23875,CV-A16,100.0,CV-A16,100.0,B1b,98.0
HQ450573,3109,1022,4131,NC_001612,False,Picornaviridae Enterovirus A,98.23875,CV-A16,99.0,CV-A16,100.0,B1b,95.0
HQ450574,3109,1022,4131,NC_001612,False,Picornaviridae Enterovirus A,98.43444,CV-A16,99.0,CV-A16,100.0,B1b,92.0
HQ450575,3109,1022,4131,NC_001612,False,Picornaviridae Enterovirus A,97.945206,CV-A16,99.0,CV-A16,100.0,B1b,94.0
HQ450577,3109,1022,4131,NC_001612,False,Picornaviridae Enterovirus A,98.23875,CV-A16,100.0,CV-A16,100.0,B1b,95.0
HQ450578,3109,1022,4131,NC_001612,False,Picornaviridae Enterovirus A,99.02152,CV-A16,98.0,CV-A16,100.0,B1b,89.0
HQ450579,3109,1022,4131,NC_001612,False,Picornaviridae Enterovirus A,99.02152,CV-A16,100.0,CV-A16,99.0,B1b,86.0
HQ450580,3109,1022,4131,NC_001612,False,Picornaviridae Enterovirus A,98.1409,CV-A16,100.0,CV-A16,100.0,B1b,88.0
HQ450581,3109,1022,4131,NC_001612,False,Picornaviridae Enterovirus A,98.82583,CV-A16,100.0,CV-A16,100.0,B1b,90.0
HQ450582,3109,1022,4131,NC_001612,False,Picornaviridae Enterovirus A,98.33659,CV-A16,100.0,CV-A16,100.0,B1b,97.0
JF317960,2445,891,3336,NC_001612,False,Picornaviridae Enterovirus A,96.85747,CV-A16,100.0,CV-A16,100.0,B1b,100.0
JF317961,2445,891,3336,NC_001612,False,Picornaviridae Enterovirus A,97.19101,CV-A16,100.0,CV-A16,100.0,B1b,99.0
JF317962,2445,891,3336,NC_001612,False,Picornaviridae Enterovirus A,97.53087,CV-A16,100.0,CV-A16,100.0,B1b,100.0
JF317963,2445,891,3336,NC_001612,False,Picornaviridae Enterovirus A,97.53087,CV-A16,100.0,CV-A16,100.0,B1b,97.0
JF317964,2445,891,3336,NC_001612,False,Picornaviridae Enterovirus A,97.08193,CV-A16,100.0,CV-A16,100.0,B1b,98.0
JF317965,2445,891,3336,NC_001612,False,Picornaviridae Enterovirus A,97.6431,CV-A16,100.0,CV-A16,100.0,B1b,97.0
JF317966,2445,891,3336,NC_001612,False,Picornaviridae Enterovirus A,97.86757,CV-A16,100.0,CV-A16,100.0,B1a,82.0
JF317967,2445,891,3336,NC_001612,False,Picornaviridae Enterovirus A,97.53087,CV-A16,100.0,CV-A16,100.0,B1b,95.0
JF317968,2445,891,3336,NC_001612,False,Picornaviridae Enterovirus A,97.53087,CV-A16,100.0,CV-A16,100.0,B1b,98.0
JF317969,2445,891,3336,NC_001612,False,Picornaviridae Enterovirus A,96.632996,CV-A16,100.0,CV-A16,100.0,B1b,100.0
JF317970,2445,891,3336,NC_001612,False,Picornaviridae Enterovirus A,97.41863,CV-A16,100.0,CV-A16,100.0,B1a,85.0
JF317971,2445,891,3336,NC_001612,False,Picornaviridae Enterovirus A,96.29213,CV-A16,100.0,CV-A16,100.0,B1b,100.0
JF317972,2445,891,3336,NC_001612,False,Picornaviridae Enterovirus A,97.75533,CV-A16,100.0,CV-A16,100.0,B1a,85.0
JF317973,2445,891,3336,NC_001612,False,Picornaviridae Enterovirus A,97.86757,CV-A16,100.0,CV-A16,100.0,B1a,88.0
JF420555,2445,891,3336,NC_001612,False,Picornaviridae Enterovirus A,98.3165,CV-A16,100.0,CV-A16,100.0,B1b,100.0
JF420556,2445,876,3321,NC_001612,False,Picornaviridae Enterovirus A,96.91781,CV-A16,100.0,CV-A16,100.0,B1a,85.0
JF420557,2451,870,3321,NC_001612,False,Picornaviridae Enterovirus A,97.0115,CV-A16,100.0,CV-A16,100.0,B1a,85.0
JF508448,727,2628,3355,NC_001612,False,Picornaviridae Enterovirus A,98.59209,CV-A16,100.0,CV-A16,100.0,B1a,91.0
JF695003,2445,891,3336,NC_001612,False,Picornaviridae Enterovirus A,97.08193,CV-A16,100.0,CV-A16,100.0,B1a,88.0
JF695004,2445,891,3336,NC_001612,False,Picornaviridae Enterovirus A,98.09203,CV-A16,100.0,CV-A16,100.0,B1a,81.0
JF695006,2445,891,3336,NC_001612,False,Picornaviridae Enterovirus A,99.3266,CV-A16,100.0,CV-A16,100.0,B1b,97.0
JF695007,2445,891,3336,NC_001612,False,Picornaviridae Enterovirus A,99.21436,CV-A16,100.0,CV-A16,100.0,B1b,98.0
JF695009,2445,891,3336,NC_001612,False,Picornaviridae Enterovirus A,100.0,CV-A16,100.0,CV-A16,100.0,B1b,99.0
JF695010,2445,891,3336,NC_001612,False,Picornaviridae Enterovirus A,96.85747,CV-A16,100.0,CV-A16,100.0,B1b,99.0
JF695011,2445,891,3336,NC_001612,False,Picornaviridae Enterovirus A,96.632996,CV-A16,100.0,CV-A16,100.0,B1b,96.0
JF738003,89,7278,7371,NC_001612,False,Picornaviridae Enterovirus A,96.07035,CV-A16,100.0,CV-A16,100.0,B1a,86.0
JF738004,79,7304,7387,NC_001612,False,Picornaviridae Enterovirus A,97.384995,CV-A16,100.0,CV-A16,100.0,B1a,82.0
JF773172,2592,335,2927,NC_001612,False,Picornaviridae Enterovirus A,96.0961,CV-A16,100.0,CV-A16,100.0,B1b,87.0
JF773173,2589,338,2927,NC_001612,False,Picornaviridae Enterovirus A,95.56213,CV-A16,100.0,CV-A16,100.0,B1b,83.0
JF773174,2589,338,2927,NC_001612,False,Picornaviridae Enterovirus A,95.56213,CV-A16,100.0,CV-A16,100.0,B1b,80.0
JF773175,2589,338,2927,NC_001612,False,Picornaviridae Enterovirus A,94.97041,CV-A16,100.0,CV-A16,100.0,B1b,86.0
JF773176,2589,337,2926,NC_001612,False,Picornaviridae Enterovirus A,95.8209,CV-A16,100.0,CV-A16,100.0,B1b,88.0
JF773181,2589,338,2927,NC_001612,False,Picornaviridae Enterovirus A,95.26627,CV-A16,100.0,CV-A16,100.0,B1b,84.0
JF773183,2589,295,2884,NC_001612,False,Picornaviridae Enterovirus A,96.27119,CV-A16,100.0,CV-A16,100.0,B1b,86.0
JF773185,2589,323,2912,NC_001612,False,Picornaviridae Enterovirus A,96.59443,CV-A16,100.0,CV-A16,100.0,B1b,86.0
JF773187,2613,296,2909,NC_001612,False,Picornaviridae Enterovirus A,95.945946,CV-A16,100.0,CV-A16,100.0,B1b,92.0
JF773188,2601,308,2909,NC_001612,False,Picornaviridae Enterovirus A,95.77922,CV-A16,100.0,CV-A16,100.0,B1b,90.0
JF773189,2613,269,2882,NC_001612,False,Picornaviridae Enterovirus A,96.254684,CV-A16,100.0,CV-A16,100.0,B1b,92.0
JN097819,2757,439,3196,NC_001612,False,Picornaviridae Enterovirus A,97.716896,CV-A16,100.0,CV-A16,100.0,B1a,83.0
JN097822,2757,430,3187,NC_001612,False,Picornaviridae Enterovirus A,97.209305,CV-A16,100.0,CV-A16,100.0,B1a,80.0
JN097823,2757,428,3185,NC_001612,False,Picornaviridae Enterovirus A,96.962616,CV-A16,100.0,CV-A16,100.0,B1a,81.0
JN097824,2757,433,3190,NC_001612,False,Picornaviridae Enterovirus A,99.30716,CV-A16,100.0,CV-A16,100.0,B1b,92.0
JN097827,2757,438,3195,NC_001612,False,Picornaviridae Enterovirus A,97.03196,CV-A16,100.0,CV-A16,100.0,B1a,80.0
JN097829,2757,433,3190,NC_001612,False,Picornaviridae Enterovirus A,99.30716,CV-A16,100.0,CV-A16,100.0,B1b,90.0
JN097830,2757,426,3183,NC_001612,False,Picornaviridae Enterovirus A,97.41785,CV-A16,100.0,CV-A16,100.0,B1a,82.0
JN097832,2757,426,3183,NC_001612,False,Picornaviridae Enterovirus A,97.41785,CV-A16,100.0,CV-A16,100.0,B1a,82.0
JN097833,2757,429,3186,NC_001612,False,Picornaviridae Enterovirus A,97.4359,CV-A16,100.0,CV-A16,100.0,B1a,89.0
JN097834,2757,430,3187,NC_001612,False,Picornaviridae Enterovirus A,97.674416,CV-A16,100.0,CV-A16,100.0,B1a,85.0
JN097835,2757,430,3187,NC_001612,False,Picornaviridae Enterovirus A,98.37209,CV-A16,100.0,CV-A16,100.0,B1a,85.0
JN097836,2757,439,3196,NC_001612,False,Picornaviridae Enterovirus A,97.48858,CV-A16,100.0,CV-A16,100.0,B1a,80.0
JN097838,2757,439,3196,NC_001612,False,Picornaviridae Enterovirus A,97.72209,CV-A16,100.0,CV-A16,100.0,B1a,86.0
JN203542,2445,786,3231,NC_001612,False,Picornaviridae Enterovirus A,93.50318,CV-A16,100.0,CV-A16,100.0,B1c,100.0
JN203543,2445,786,3231,NC_001612,False,Picornaviridae Enterovirus A,93.248405,CV-A16,100.0,CV-A16,100.0,B1c,100.0
JN203544,2445,786,3231,NC_001612,False,Picornaviridae Enterovirus A,91.32653,CV-A16,100.0,CV-A16,100.0,B1c,100.0
JN248387,2445,891,3336,NC_001612,False,Picornaviridae Enterovirus A,96.18407,CV-A16,100.0,CV-A16,100.0,B1a,91.0
JN248388,2445,891,3336,NC_001612,False,Picornaviridae Enterovirus A,96.296295,CV-A16,100.0,CV-A16,100.0,B1a,87.0
JN248390,2445,891,3336,NC_001612,False,Picornaviridae Enterovirus A,96.52077,CV-A16,100.0,CV-A16,100.0,B1a,87.0
JN248391,2445,891,3336,NC_001612,False,Picornaviridae Enterovirus A,96.969696,CV-A16,100.0,CV-A16,100.0,B1a,85.0
JN248392,2445,891,3336,NC_001612,False,Picornaviridae Enterovirus A,97.3064,CV-A16,100.0,CV-A16,100.0,B1a,82.0
JN248393,2445,891,3336,NC_001612,False,Picornaviridae Enterovirus A,96.40853,CV-A16,100.0,CV-A16,100.0,B1a,83.0
JN248394,2445,891,3336,NC_001612,False,Picornaviridae Enterovirus A,96.18407,CV-A16,100.0,CV-A16,100.0,B1a,81.0
JN248395,2445,891,3336,NC_001612,False,Picornaviridae Enterovirus A,96.62543,CV-A16,100.0,CV-A16,100.0,B1a,85.0
JN248396,2445,891,3336,NC_001612,False,Picornaviridae Enterovirus A,97.86757,CV-A16,100.0,CV-A16,100.0,B1a,83.0
JN248397,2445,891,3336,NC_001612,False,Picornaviridae Enterovirus A,97.75281,CV-A16,100.0,CV-A16,100.0,B1a,85.0
JN248398,2445,891,3336,NC_001612,False,Picornaviridae Enterovirus A,97.86757,CV-A16,100.0,CV-A16,100.0,B1a,83.0
JN248399,2445,891,3336,NC_001612,False,Picornaviridae Enterovirus A,97.19417,CV-A16,100.0,CV-A16,100.0,B1a,88.0
JN248400,2445,891,3336,NC_001612,False,Picornaviridae Enterovirus A,97.07865,CV-A16,100.0,CV-A16,100.0,B1a,86.0
JN248401,2445,891,3336,NC_001612,False,Picornaviridae Enterovirus A,97.53087,CV-A16,100.0,CV-A16,100.0,B1a,83.0
JN248402,2445,891,3336,NC_001612,False,Picornaviridae Enterovirus A,97.53087,CV-A16,100.0,CV-A16,100.0,B1a,85.0
JN248403,2445,891,3336,NC_001612,False,Picornaviridae Enterovirus A,97.41863,CV-A16,100.0,CV-A16,100.0,B1a,86.0
JN248404,2445,891,3336,NC_001612,False,Picornaviridae Enterovirus A,97.75533,CV-A16,100.0,CV-A16,100.0,B1a,91.0
JN248405,2445,891,3336,NC_001612,False,Picornaviridae Enterovirus A,97.9798,CV-A16,100.0,CV-A16,100.0,B1a,83.0
JN248406,2445,891,3336,NC_001612,False,Picornaviridae Enterovirus A,97.97753,CV-A16,100.0,CV-A16,100.0,B1a,90.0
JN248407,2445,891,3336,NC_001612,False,Picornaviridae Enterovirus A,97.75533,CV-A16,100.0,CV-A16,100.0,B1a,87.0
JN248408,2445,891,3336,NC_001612,False,Picornaviridae Enterovirus A,97.6431,CV-A16,100.0,CV-A16,100.0,B1a,87.0
JN248409,2445,891,3336,NC_001612,False,Picornaviridae Enterovirus A,98.20427,CV-A16,100.0,CV-A16,100.0,B1a,84.0
JN248410,2445,891,3336,NC_001612,False,Picornaviridae Enterovirus A,98.20427,CV-A16,100.0,CV-A16,100.0,B1a,89.0
JN248411,2445,891,3336,NC_001612,False,Picornaviridae Enterovirus A,96.52077,CV-A16,100.0,CV-A16,100.0,B1a,80.0
JN248412,2445,891,3336,NC_001612,False,Picornaviridae Enterovirus A,96.74523,CV-A16,100.0,CV-A16,100.0,B1a,91.0
JN248413,2445,891,3336,NC_001612,False,Picornaviridae Enterovirus A,97.75281,CV-A16,100.0,CV-A16,100.0,B1a,87.0
JN248414,2445,891,3336,NC_001612,False,Picornaviridae Enterovirus A,95.959595,CV-A16,100.0,CV-A16,100.0,B1a,87.0
JN248415,2445,891,3336,NC_001612,False,Picornaviridae Enterovirus A,96.969696,CV-A16,100.0,CV-A16,100.0,B1a,86.0
JN248417,2445,891,3336,NC_001612,False,Picornaviridae Enterovirus A,93.93939,CV-A16,100.0,CV-A16,100.0,B1c,100.0
JN248418,2445,891,3336,NC_001612,False,Picornaviridae Enterovirus A,93.490456,CV-A16,100.0,CV-A16,100.0,B1c,100.0
JN248419,2445,891,3336,NC_001612,False,Picornaviridae Enterovirus A,93.71493,CV-A16,100.0,CV-A16,100.0,B1c,100.0
JN248420,2445,891,3336,NC_001612,False,Picornaviridae Enterovirus A,93.827156,CV-A16,100.0,CV-A16,100.0,B1c,100.0
JN248421,2445,891,3336,NC_001612,False,Picornaviridae Enterovirus A,94.05163,CV-A16,100.0,CV-A16,100.0,B1c,100.0
JN248422,2445,891,3336,NC_001612,False,Picornaviridae Enterovirus A,93.827156,CV-A16,100.0,CV-A16,100.0,B1c,100.0
JN582179,2334,1110,3444,NC_001612,False,Picornaviridae Enterovirus A,96.666664,CV-A16,100.0,CV-A16,100.0,B1b,92.0
JN590244,0,7410,7413,NC_001612,False,Picornaviridae Enterovirus A,98.47504,CV-A16,100.0,CV-A16,100.0,B1b,100.0
JN674176,0,7411,7414,NC_001612,False,Picornaviridae Enterovirus A,100.0,CV-A16,100.0,CV-A16,100.0,B1b,97.0
JQ034149,0,7409,7413,NC_001612,False,Picornaviridae Enterovirus A,100.0,CV-A16,100.0,CV-A16,100.0,B1b,98.0
JQ180468,750,2586,3336,NC_001612,False,Picornaviridae Enterovirus A,96.2045,CV-A16,100.0,CV-A16,100.0,B1b,100.0
JQ315094,2445,891,3336,NC_001612,False,Picornaviridae Enterovirus A,100.0,CV-A16,100.0,CV-A16,100.0,A,100.0
JQ315095,2445,891,3336,NC_001612,False,Picornaviridae Enterovirus A,98.20427,CV-A16,100.0,CV-A16,100.0,B1a,83.0
JQ315096,2445,891,3336,NC_001612,False,Picornaviridae Enterovirus A,98.9899,CV-A16,100.0,CV-A16,100.0,B1a,81.0
JQ315097,2445,891,3336,NC_001612,False,Picornaviridae Enterovirus A,96.84329,CV-A16,100.0,CV-A16,100.0,B1a,81.0
JQ315098,2445,891,3336,NC_001612,False,Picornaviridae Enterovirus A,99.21436,CV-A16,100.0,CV-A16,100.0,B1b,100.0
JQ315099,2445,891,3336,NC_001612,False,Picornaviridae Enterovirus A,98.872604,CV-A16,100.0,CV-A16,100.0,B1a,81.0
JQ315100,2445,891,3336,NC_001612,False,Picornaviridae Enterovirus A,97.75533,CV-A16,100.0,CV-A16,100.0,B1b,99.0
JQ315101,2445,891,3336,NC_001612,False,Picornaviridae Enterovirus A,99.102135,CV-A16,100.0,CV-A16,100.0,B1b,96.0
JQ315102,2445,891,3336,NC_001612,False,Picornaviridae Enterovirus A,98.54097,CV-A16,100.0,CV-A16,100.0,B1b,100.0
JQ315103,2445,891,3336,NC_001612,False,Picornaviridae Enterovirus A,98.54097,CV-A16,100.0,CV-A16,100.0,B1b,98.0
JQ315104,2445,891,3336,NC_001612,False,Picornaviridae Enterovirus A,98.20427,CV-A16,100.0,CV-A16,100.0,B1b,99.0
JQ315105,2445,891,3336,NC_001612,False,Picornaviridae Enterovirus A,96.85747,CV-A16,100.0,CV-A16,100.0,B1b,96.0
JQ315106,2445,891,3336,NC_001612,False,Picornaviridae Enterovirus A,96.85747,CV-A16,100.0,CV-A16,100.0,B1b,97.0
JQ315107,2445,891,3336,NC_001612,False,Picornaviridae Enterovirus A,98.54097,CV-A16,100.0,CV-A16,100.0,B1b,99.0
JQ315108,2445,891,3336,NC_001612,False,Picornaviridae Enterovirus A,99.55106,CV-A16,100.0,CV-A16,100.0,B1b,99.0
JQ315109,2445,891,3336,NC_001612,False,Picornaviridae Enterovirus A,99.102135,CV-A16,100.0,CV-A16,100.0,B1b,100.0
JQ315110,2445,891,3336,NC_001612,False,Picornaviridae Enterovirus A,98.54097,CV-A16,100.0,CV-A16,100.0,B1b,96.0
JQ315111,2445,891,3336,NC_001612,False,Picornaviridae Enterovirus A,98.765434,CV-A16,100.0,CV-A16,100.0,B1b,98.0
JQ315112,2445,891,3336,NC_001612,False,Picornaviridae Enterovirus A,97.9798,CV-A16,100.0,CV-A16,100.0,B1a,80.0
JQ315113,2445,891,3336,NC_001612,False,Picornaviridae Enterovirus A,98.6532,CV-A16,100.0,CV-A16,100.0,B1b,100.0
JQ315114,2445,891,3336,NC_001612,False,Picornaviridae Enterovirus A,98.87767,CV-A16,100.0,CV-A16,100.0,B1b,98.0
JQ315115,2445,891,3336,NC_001612,False,Picornaviridae Enterovirus A,95.84736,CV-A16,100.0,CV-A16,100.0,B1b,98.0
JQ316639,89,7321,7414,NC_001612,False,Picornaviridae Enterovirus A,100.0,CV-A16,100.0,CV-A16,100.0,B1a,80.0
JQ320230,2463,858,3321,NC_001612,False,Picornaviridae Enterovirus A,100.0,CV-A16,100.0,CV-A16,100.0,B1b,96.0
JQ320233,2460,876,3336,NC_001612,False,Picornaviridae Enterovirus A,98.2659,CV-A16,100.0,CV-A16,100.0,B1a,81.0
JQ320243,2442,894,3336,NC_001612,False,Picornaviridae Enterovirus A,99.76906,CV-A16,100.0,CV-A16,100.0,B1b,99.0
JQ320244,2445,888,3332,NC_001612,False,Picornaviridae Enterovirus A,98.059364,CV-A16,100.0,CV-A16,100.0,B1a,86.0
JQ320245,2454,870,3324,NC_001612,False,Picornaviridae Enterovirus A,99.42263,CV-A16,100.0,CV-A16,100.0,B1b,98.0
JQ320246,2466,867,3334,NC_001612,False,Picornaviridae Enterovirus A,98.59485,CV-A16,100.0,CV-A16,100.0,B1b,97.0
JQ320247,2457,471,2928,NC_001612,False,Picornaviridae Enterovirus A,100.0,CV-A16,100.0,CV-A16,100.0,B1b,93.0
JQ320249,2454,867,3321,NC_001612,False,Picornaviridae Enterovirus A,98.71645,CV-A16,100.0,CV-A16,100.0,B1b,96.0
JQ320251,2460,873,3333,NC_001612,False,Picornaviridae Enterovirus A,99.883446,CV-A16,100.0,CV-A16,100.0,B1b,97.0
JQ320253,2448,885,3333,NC_001612,False,Picornaviridae Enterovirus A,98.4,CV-A16,100.0,CV-A16,100.0,B1b,98.0
JQ320254,2460,876,3336,NC_001612,False,Picornaviridae Enterovirus A,98.2659,CV-A16,100.0,CV-A16,100.0,B1a,83.0
JQ320255,2454,855,3309,NC_001612,False,Picornaviridae Enterovirus A,99.0555,CV-A16,100.0,CV-A16,100.0,B1b,97.0
JQ320256,2472,810,3282,NC_001612,False,Picornaviridae Enterovirus A,99.62686,CV-A16,100.0,CV-A16,100.0,B1b,99.0
JQ320257,2448,885,3333,NC_001612,False,Picornaviridae Enterovirus A,98.2659,CV-A16,100.0,CV-A16,100.0,B1a,86.0
JQ320259,2448,876,3324,NC_001612,False,Picornaviridae Enterovirus A,98.156685,CV-A16,100.0,CV-A16,100.0,B1b,96.0
JQ320260,2445,888,3333,NC_001612,False,Picornaviridae Enterovirus A,98.75847,CV-A16,100.0,CV-A16,100.0,B1b,96.0
JQ320261,2448,879,3327,NC_001612,False,Picornaviridae Enterovirus A,98.17768,CV-A16,100.0,CV-A16,100.0,B1a,83.0
JQ320262,2454,864,3318,NC_001612,False,Picornaviridae Enterovirus A,99.88318,CV-A16,100.0,CV-A16,100.0,B1b,95.0
JQ320263,2460,876,3336,NC_001612,False,Picornaviridae Enterovirus A,98.38337,CV-A16,100.0,CV-A16,100.0,B1b,100.0
JQ320264,2656,678,3333,NC_001612,False,Picornaviridae Enterovirus A,99.550224,CV-A16,100.0,CV-A16,100.0,B1b,99.0
JQ320265,2445,888,3333,NC_001612,False,Picornaviridae Enterovirus A,97.94755,CV-A16,100.0,CV-A16,100.0,B1b,99.0
JQ320266,2307,984,3291,NC_001612,False,Picornaviridae Enterovirus A,99.796745,CV-A16,100.0,CV-A16,100.0,B1b,98.0
JQ320267,2304,984,3288,NC_001612,False,Picornaviridae Enterovirus A,99.79613,CV-A16,100.0,CV-A16,100.0,B1b,99.0
JQ320268,2454,867,3321,NC_001612,False,Picornaviridae Enterovirus A,99.7669,CV-A16,100.0,CV-A16,100.0,B1b,98.0
JQ320269,2454,868,3322,NC_001612,False,Picornaviridae Enterovirus A,99.41792,CV-A16,100.0,CV-A16,100.0,B1b,97.0
JQ320270,2442,882,3324,NC_001612,False,Picornaviridae Enterovirus A,99.653175,CV-A16,100.0,CV-A16,100.0,B1b,98.0
JQ320271,2445,891,3336,NC_001612,False,Picornaviridae Enterovirus A,98.27784,CV-A16,100.0,CV-A16,100.0,B1b,97.0
JQ344096,2603,304,2907,NC_001612,False,Picornaviridae Enterovirus A,98.02631,CV-A16,100.0,CV-A16,100.0,B1b,87.0
JQ344097,2603,304,2907,NC_001612,False,Picornaviridae Enterovirus A,97.231834,CV-A16,100.0,CV-A16,100.0,B1b,86.0
JQ344101,2603,304,2907,NC_001612,False,Picornaviridae Enterovirus A,97.368416,CV-A16,100.0,CV-A16,100.0,B1b,82.0
JQ344102,2603,304,2907,NC_001612,False,Picornaviridae Enterovirus A,99.34211,CV-A16,100.0,CV-A16,100.0,B1b,81.0
JQ344109,2603,304,2907,NC_001612,False,Picornaviridae Enterovirus A,98.02631,CV-A16,100.0,CV-A16,100.0,B1b,97.0
JQ344110,2603,304,2907,NC_001612,False,Picornaviridae Enterovirus A,97.368416,CV-A16,100.0,CV-A16,100.0,B1b,81.0
JQ354992,0,7409,7413,NC_001612,False,Picornaviridae Enterovirus A,97.50304,CV-A16,100.0,CV-A16,100.0,B1a,84.0
JQ409496,2445,891,3336,NC_001612,False,Picornaviridae Enterovirus A,98.9899,CV-A16,100.0,CV-A16,100.0,B1b,99.0
JQ409497,2445,891,3336,NC_001612,False,Picornaviridae Enterovirus A,98.87767,CV-A16,100.0,CV-A16,100.0,B1b,96.0
JQ409498,2445,891,3336,NC_001612,False,Picornaviridae Enterovirus A,97.75533,CV-A16,100.0,CV-A16,100.0,B1b,98.0
JQ409499,2445,891,3336,NC_001612,False,Picornaviridae Enterovirus A,98.87767,CV-A16,100.0,CV-A16,100.0,B1b,99.0
JQ670920,750,2586,3336,NC_001612,False,Picornaviridae Enterovirus A,97.40913,CV-A16,100.0,CV-A16,100.0,B1b,97.0
JQ687095,2601,333,2934,NC_001612,False,Picornaviridae Enterovirus A,97.20497,CV-A16,100.0,CV-A16,100.0,B1b,91.0
JQ687097,2601,333,2934,NC_001612,False,Picornaviridae Enterovirus A,98.447205,CV-A16,100.0,CV-A16,100.0,B1b,88.0
JQ713870,2619,318,2937,NC_001612,False,Picornaviridae Enterovirus A,97.651,CV-A16,100.0,CV-A16,100.0,B1b,81.0
JQ713875,2622,320,2942,NC_001612,False,Picornaviridae Enterovirus A,97.945206,CV-A16,100.0,CV-A16,100.0,B1b,90.0
JQ713877,2613,321,2934,NC_001612,False,Picornaviridae Enterovirus A,97.6431,CV-A16,100.0,CV-A16,100.0,B1b,82.0
JQ713879,2622,313,2935,NC_001612,False,Picornaviridae Enterovirus A,96.979866,CV-A16,100.0,CV-A16,100.0,B1b,91.0
JQ746659,11,7391,7402,NC_001612,False,Picornaviridae Enterovirus A,99.715904,CV-A16,100.0,CV-A16,100.0,A,100.0
JQ746660,8,7403,7414,NC_001612,False,Picornaviridae Enterovirus A,94.67279,CV-A16,100.0,CV-A16,100.0,B1a,82.0
JQ746662,0,7395,7399,NC_001612,False,Picornaviridae Enterovirus A,96.55172,CV-A16,100.0,CV-A16,100.0,B1a,83.0
JQ746663,0,7400,7404,NC_001612,False,Picornaviridae Enterovirus A,97.35135,CV-A16,100.0,CV-A16,100.0,B1a,86.0
JQ746664,10,7388,7402,NC_001612,False,Picornaviridae Enterovirus A,96.69735,CV-A16,100.0,CV-A16,100.0,B1a,86.0
JQ746665,0,7400,7404,NC_001612,False,Picornaviridae Enterovirus A,97.27027,CV-A16,100.0,CV-A16,100.0,B1a,87.0
JQ746666,12,7396,7412,NC_001612,False,Picornaviridae Enterovirus A,96.430504,CV-A16,100.0,CV-A16,100.0,B1a,84.0
JQ746667,0,7393,7398,NC_001612,False,Picornaviridae Enterovirus A,96.429535,CV-A16,100.0,CV-A16,100.0,B1a,82.0
JQ746668,7,7355,7366,NC_001612,False,Picornaviridae Enterovirus A,94.3032,CV-A16,100.0,CV-A16,100.0,B1c,100.0
JQ746669,11,7386,7401,NC_001612,False,Picornaviridae Enterovirus A,96.980774,CV-A16,100.0,CV-A16,100.0,B1a,86.0
JQ746670,2,7395,7401,NC_001612,False,Picornaviridae Enterovirus A,96.957405,CV-A16,100.0,CV-A16,100.0,B1a,87.0
JQ746671,0,7401,7404,NC_001612,False,Picornaviridae Enterovirus A,94.6899,CV-A16,100.0,CV-A16,100.0,B1a,85.0
JQ746672,10,7387,7401,NC_001612,False,Picornaviridae Enterovirus A,94.12481,CV-A16,100.0,CV-A16,100.0,B1c,100.0
JQ746673,10,7400,7414,NC_001612,False,Picornaviridae Enterovirus A,95.78378,CV-A16,100.0,CV-A16,100.0,B1a,82.0
JQ746674,3,7407,7414,NC_001612,False,Picornaviridae Enterovirus A,95.841774,CV-A16,100.0,CV-A16,100.0,B1a,80.0
JQ746675,10,7399,7413,NC_001612,False,Picornaviridae Enterovirus A,95.71564,CV-A16,100.0,CV-A16,100.0,B1a,86.0
JQ746676,10,7401,7415,NC_001612,False,Picornaviridae Enterovirus A,94.198784,CV-A16,100.0,CV-A16,100.0,B1c,100.0
JQ746677,10,7387,7401,NC_001612,False,Picornaviridae Enterovirus A,94.625694,CV-A16,100.0,CV-A16,100.0,B1a,83.0
JQ746678,10,7387,7401,NC_001612,False,Picornaviridae Enterovirus A,94.31434,CV-A16,100.0,CV-A16,100.0,B1c,100.0
JX068827,0,7411,7415,NC_001612,False,Picornaviridae Enterovirus A,100.0,CV-A16,100.0,CV-A16,100.0,B1b,99.0
JX068828,0,7412,7415,NC_001612,False,Picornaviridae Enterovirus A,100.0,CV-A16,100.0,CV-A16,100.0,B1b,97.0
JX068829,0,7411,7415,NC_001612,False,Picornaviridae Enterovirus A,100.0,CV-A16,100.0,CV-A16,100.0,B1a,88.0
JX068830,0,7411,7415,NC_001612,False,Picornaviridae Enterovirus A,100.0,CV-A16,100.0,CV-A16,100.0,B1b,99.0
JX068831,0,7411,7415,NC_001612,False,Picornaviridae Enterovirus A,100.0,CV-A16,100.0,CV-A16,100.0,B1a,88.0
JX068832,0,7411,7415,NC_001612,False,Picornaviridae Enterovirus A,100.0,CV-A16,100.0,CV-A16,100.0,B1b,98.0
JX068833,0,7410,7415,NC_001612,False,Picornaviridae Enterovirus A,100.0,CV-A16,100.0,CV-A16,100.0,B1b,100.0
JX127255,750,2586,3336,NC_001612,False,Picornaviridae Enterovirus A,96.94509,CV-A16,100.0,CV-A16,100.0,B1b,100.0
JX127256,750,2586,3336,NC_001612,False,Picornaviridae Enterovirus A,98.80124,CV-A16,100.0,CV-A16,100.0,B1b,100.0
JX127257,750,2586,3336,NC_001612,False,Picornaviridae Enterovirus A,97.989174,CV-A16,100.0,CV-A16,100.0,B1b,100.0
JX127258,750,2586,3336,NC_001612,False,Picornaviridae Enterovirus A,99.72931,CV-A16,100.0,CV-A16,100.0,B1b,100.0
JX127259,750,2586,3336,NC_001612,False,Picornaviridae Enterovirus A,98.91683,CV-A16,100.0,CV-A16,100.0,B1b,99.0
JX127260,750,2586,3336,NC_001612,False,Picornaviridae Enterovirus A,98.91683,CV-A16,100.0,CV-A16,100.0,B1b,100.0
JX127261,750,2586,3336,NC_001612,False,Picornaviridae Enterovirus A,99.72931,CV-A16,100.0,CV-A16,100.0,B1b,100.0
JX127262,750,2586,3336,NC_001612,False,Picornaviridae Enterovirus A,98.64656,CV-A16,100.0,CV-A16,100.0,B1b,100.0
JX127263,750,2586,3336,NC_001612,False,Picornaviridae Enterovirus A,98.7239,CV-A16,100.0,CV-A16,100.0,B1b,97.0
JX127264,750,2586,3336,NC_001612,False,Picornaviridae Enterovirus A,98.7239,CV-A16,100.0,CV-A16,100.0,B1b,98.0
JX127265,750,2586,3336,NC_001612,False,Picornaviridae Enterovirus A,98.7239,CV-A16,100.0,CV-A16,100.0,B1b,99.0
JX127266,750,2586,3336,NC_001612,False,Picornaviridae Enterovirus A,98.7239,CV-A16,100.0,CV-A16,100.0,B1b,97.0
JX127267,750,2586,3336,NC_001612,False,Picornaviridae Enterovirus A,98.7239,CV-A16,100.0,CV-A16,100.0,B1b,100.0
JX127268,750,2586,3336,NC_001612,False,Picornaviridae Enterovirus A,98.7239,CV-A16,100.0,CV-A16,100.0,B1b,100.0
JX127269,750,2586,3336,NC_001612,False,Picornaviridae Enterovirus A,98.7239,CV-A16,100.0,CV-A16,100.0,B1b,98.0
JX127270,750,2586,3336,NC_001612,False,Picornaviridae Enterovirus A,98.7239,CV-A16,100.0,CV-A16,100.0,B1b,100.0
JX127271,750,2586,3336,NC_001612,False,Picornaviridae Enterovirus A,99.69064,CV-A16,100.0,CV-A16,100.0,B1b,98.0
JX127272,750,2586,3336,NC_001612,False,Picornaviridae Enterovirus A,98.68523,CV-A16,100.0,CV-A16,100.0,B1b,99.0
JX127273,750,2586,3336,NC_001612,False,Picornaviridae Enterovirus A,99.613304,CV-A16,100.0,CV-A16,100.0,B1b,99.0
JX127274,750,2586,3336,NC_001612,False,Picornaviridae Enterovirus A,98.22119,CV-A16,100.0,CV-A16,100.0,B1b,93.0
JX127275,750,2586,3336,NC_001612,False,Picornaviridae Enterovirus A,99.72931,CV-A16,100.0,CV-A16,100.0,B1b,97.0
JX127276,750,2586,3336,NC_001612,False,Picornaviridae Enterovirus A,99.72931,CV-A16,100.0,CV-A16,100.0,B1b,97.0
JX127277,750,2586,3336,NC_001612,False,Picornaviridae Enterovirus A,98.7239,CV-A16,100.0,CV-A16,100.0,B1b,98.0
JX127278,750,2586,3336,NC_001612,False,Picornaviridae Enterovirus A,98.491875,CV-A16,100.0,CV-A16,100.0,B1b,98.0
JX127279,750,2586,3336,NC_001612,False,Picornaviridae Enterovirus A,99.69064,CV-A16,100.0,CV-A16,100.0,B1b,100.0
JX127280,750,2586,3336,NC_001612,False,Picornaviridae Enterovirus A,99.72931,CV-A16,100.0,CV-A16,100.0,B1b,100.0
JX127281,750,2586,3336,NC_001612,False,Picornaviridae Enterovirus A,99.69064,CV-A16,100.0,CV-A16,100.0,B1b,98.0
JX127282,750,2586,3336,NC_001612,False,Picornaviridae Enterovirus A,99.69064,CV-A16,100.0,CV-A16,100.0,B1b,99.0
JX127283,750,2586,3336,NC_001612,False,Picornaviridae Enterovirus A,99.65198,CV-A16,100.0,CV-A16,100.0,B1b,98.0
JX127284,750,2586,3336,NC_001612,False,Picornaviridae Enterovirus A,97.37046,CV-A16,100.0,CV-A16,100.0,B1b,96.0
JX127285,750,2586,3336,NC_001612,False,Picornaviridae Enterovirus A,99.72931,CV-A16,100.0,CV-A16,100.0,B1b,100.0
JX154963,2601,307,2908,NC_001612,False,Picornaviridae Enterovirus A,99.0228,CV-A16,100.0,CV-A16,100.0,B1b,86.0
JX154967,2601,307,2908,NC_001612,False,Picornaviridae Enterovirus A,99.0228,CV-A16,100.0,CV-A16,100.0,B1b,86.0
JX154969,2601,307,2908,NC_001612,False,Picornaviridae Enterovirus A,99.0228,CV-A16,100.0,CV-A16,100.0,B1b,84.0
JX455098,2415,972,3387,NC_001612,False,Picornaviridae Enterovirus A,98.25103,CV-A16,100.0,CV-A16,100.0,B1b,99.0
JX455099,2415,972,3387,NC_001612,False,Picornaviridae Enterovirus A,98.66255,CV-A16,100.0,CV-A16,100.0,B1b,96.0
JX455100,2415,972,3387,NC_001612,False,Picornaviridae Enterovirus A,96.296295,CV-A16,100.0,CV-A16,100.0,B1b,98.0
JX455101,2415,972,3387,NC_001612,False,Picornaviridae Enterovirus A,96.296295,CV-A16,100.0,CV-A16,100.0,B1b,100.0
JX473412,2445,891,3336,NC_001612,False,Picornaviridae Enterovirus A,98.09203,CV-A16,100.0,CV-A16,100.0,B1b,97.0
JX473414,2445,891,3336,NC_001612,False,Picornaviridae Enterovirus A,96.74523,CV-A16,100.0,CV-A16,100.0,B1b,96.0
JX473415,2445,891,3336,NC_001612,False,Picornaviridae Enterovirus A,97.6431,CV-A16,100.0,CV-A16,100.0,B1a,92.0
JX473416,2445,891,3336,NC_001612,False,Picornaviridae Enterovirus A,97.53087,CV-A16,100.0,CV-A16,100.0,B1a,88.0
JX473417,2445,891,3336,NC_001612,False,Picornaviridae Enterovirus A,97.75533,CV-A16,100.0,CV-A16,100.0,B1a,83.0
JX473418,2445,891,3336,NC_001612,False,Picornaviridae Enterovirus A,95.622894,CV-A16,100.0,CV-A16,100.0,B1b,97.0
JX473419,2445,891,3336,NC_001612,False,Picornaviridae Enterovirus A,96.969696,CV-A16,100.0,CV-A16,100.0,B1b,97.0
JX473425,2445,891,3336,NC_001612,False,Picornaviridae Enterovirus A,99.21436,CV-A16,100.0,CV-A16,100.0,B1a,83.0
JX473426,2445,891,3336,NC_001612,False,Picornaviridae Enterovirus A,98.54097,CV-A16,100.0,CV-A16,100.0,B1a,84.0
JX473427,2445,891,3336,NC_001612,False,Picornaviridae Enterovirus A,98.09203,CV-A16,100.0,CV-A16,100.0,B1b,100.0
JX473430,2445,891,3336,NC_001612,False,Picornaviridae Enterovirus A,97.19417,CV-A16,100.0,CV-A16,100.0,B1a,85.0
JX473431,2601,307,2908,NC_001612,False,Picornaviridae Enterovirus A,96.41694,CV-A16,100.0,CV-A16,100.0,B1b,86.0
JX473432,2445,891,3336,NC_001612,False,Picornaviridae Enterovirus A,96.969696,CV-A16,100.0,CV-A16,100.0,B1b,96.0
JX473433,2445,891,3336,NC_001612,False,Picornaviridae Enterovirus A,96.969696,CV-A16,100.0,CV-A16,100.0,B1b,98.0
JX473434,2601,307,2908,NC_001612,False,Picornaviridae Enterovirus A,96.41694,CV-A16,100.0,CV-A16,100.0,B1b,82.0
JX473435,2445,891,3336,NC_001612,False,Picornaviridae Enterovirus A,97.41863,CV-A16,100.0,CV-A16,100.0,B1b,100.0
JX473436,2445,891,3336,NC_001612,False,Picornaviridae Enterovirus A,96.40853,CV-A16,100.0,CV-A16,100.0,B1a,83.0
JX473437,2445,891,3336,NC_001612,False,Picornaviridae Enterovirus A,96.969696,CV-A16,100.0,CV-A16,100.0,B1b,97.0
JX473438,2445,891,3336,NC_001612,False,Picornaviridae Enterovirus A,98.3165,CV-A16,100.0,CV-A16,100.0,B1b,97.0
JX473443,2601,307,2908,NC_001612,False,Picornaviridae Enterovirus A,98.69707,CV-A16,100.0,CV-A16,100.0,B1b,85.0
JX476143,2241,619,2860,NC_001612,False,Picornaviridae Enterovirus A,92.407104,CV-A16,100.0,CV-A16,100.0,B1c,96.0
JX481738,3,7421,7428,NC_001612,False,Picornaviridae Enterovirus A,98.298676,CV-A16,100.0,CV-A16,100.0,B1b,98.0
JX507808,0,7406,7413,NC_001612,False,Picornaviridae Enterovirus A,96.85475,CV-A16,100.0,CV-A16,100.0,B1b,94.0
JX538056,2610,261,2871,NC_001612,False,Picornaviridae Enterovirus A,86.973175,CV-A16,100.0,CV-A16,100.0,A,100.0
JX538156,2610,246,2856,NC_001612,False,Picornaviridae Enterovirus A,85.36585,CV-A16,100.0,CV-A16,100.0,A,100.0
JX538167,2610,294,2904,NC_001612,False,Picornaviridae Enterovirus A,85.324234,CV-A16,100.0,CV-A16,100.0,A,100.0
JX556567,2804,346,3150,NC_001612,False,Picornaviridae Enterovirus A,97.39884,CV-A16,100.0,CV-A16,100.0,B1a,89.0
JX556575,2804,380,3184,NC_001612,False,Picornaviridae Enterovirus A,94.210526,CV-A16,100.0,CV-A16,100.0,B1c,89.0
JX556589,2804,358,3162,NC_001612,False,Picornaviridae Enterovirus A,97.2067,CV-A16,100.0,CV-A16,100.0,B1a,82.0
JX556603,2804,378,3182,NC_001612,False,Picornaviridae Enterovirus A,96.031746,CV-A16,100.0,CV-A16,100.0,B1a,81.0
JX556604,2804,378,3182,NC_001612,False,Picornaviridae Enterovirus A,95.50265,CV-A16,100.0,CV-A16,100.0,B1a,80.0
JX839965,0,7411,7415,NC_001612,False,Picornaviridae Enterovirus A,96.248314,CV-A16,100.0,CV-A16,100.0,B1a,86.0
JX975764,2445,891,3336,NC_001612,False,Picornaviridae Enterovirus A,97.41863,CV-A16,100.0,CV-A16,100.0,B1b,97.0
JX975765,2445,891,3336,NC_001612,False,Picornaviridae Enterovirus A,95.84736,CV-A16,100.0,CV-A16,100.0,B1a,82.0
JX975766,2445,891,3336,NC_001612,False,Picornaviridae Enterovirus A,97.41863,CV-A16,100.0,CV-A16,100.0,B1b,96.0
JX975767,2445,891,3336,NC_001612,False,Picornaviridae Enterovirus A,97.6431,CV-A16,100.0,CV-A16,100.0,B1b,99.0
JX975769,2445,891,3336,NC_001612,False,Picornaviridae Enterovirus A,96.296295,CV-A16,100.0,CV-A16,100.0,B1a,80.0
JX975770,2445,891,3336,NC_001612,False,Picornaviridae Enterovirus A,96.85747,CV-A16,100.0,CV-A16,100.0,B1a,84.0
JX975771,2445,891,3336,NC_001612,False,Picornaviridae Enterovirus A,96.166855,CV-A16,100.0,CV-A16,100.0,B1a,86.0
JX975772,2445,891,3336,NC_001612,False,Picornaviridae Enterovirus A,96.61781,CV-A16,100.0,CV-A16,100.0,B1a,84.0
JX975773,2445,891,3336,NC_001612,False,Picornaviridae Enterovirus A,97.19417,CV-A16,100.0,CV-A16,100.0,B1b,97.0
JX975774,2445,891,3336,NC_001612,False,Picornaviridae Enterovirus A,97.41863,CV-A16,100.0,CV-A16,100.0,B1b,98.0
JX975775,2445,891,3336,NC_001612,False,Picornaviridae Enterovirus A,97.6431,CV-A16,100.0,CV-A16,100.0,B1b,100.0
JX975776,2445,891,3336,NC_001612,False,Picornaviridae Enterovirus A,97.9798,CV-A16,100.0,CV-A16,100.0,B1b,99.0
JX975777,2445,891,3336,NC_001612,False,Picornaviridae Enterovirus A,97.9798,CV-A16,100.0,CV-A16,100.0,B1b,100.0
JX975778,2445,891,3336,NC_001612,False,Picornaviridae Enterovirus A,97.9798,CV-A16,100.0,CV-A16,100.0,B1b,99.0
JX975779,2445,891,3336,NC_001612,False,Picornaviridae Enterovirus A,97.75533,CV-A16,100.0,CV-A16,100.0,B1b,100.0
JX975780,2445,891,3336,NC_001612,False,Picornaviridae Enterovirus A,97.53087,CV-A16,100.0,CV-A16,100.0,B1b,100.0
JX975781,2445,891,3336,NC_001612,False,Picornaviridae Enterovirus A,97.9798,CV-A16,100.0,CV-A16,100.0,B1b,99.0
JX975782,2445,891,3336,NC_001612,False,Picornaviridae Enterovirus A,97.53087,CV-A16,100.0,CV-A16,100.0,B1b,99.0
JX975783,2445,891,3336,NC_001612,False,Picornaviridae Enterovirus A,97.75281,CV-A16,100.0,CV-A16,100.0,B1b,97.0
JX975784,2445,891,3336,NC_001612,False,Picornaviridae Enterovirus A,97.86757,CV-A16,100.0,CV-A16,100.0,B1b,97.0
JX975785,2445,891,3336,NC_001612,False,Picornaviridae Enterovirus A,97.86757,CV-A16,100.0,CV-A16,100.0,B1b,97.0
JX975786,2445,891,3336,NC_001612,False,Picornaviridae Enterovirus A,97.9798,CV-A16,100.0,CV-A16,100.0,B1b,100.0
JX975787,2445,891,3336,NC_001612,False,Picornaviridae Enterovirus A,98.09203,CV-A16,100.0,CV-A16,100.0,B1b,96.0
JX975788,2445,891,3336,NC_001612,False,Picornaviridae Enterovirus A,97.53087,CV-A16,100.0,CV-A16,100.0,B1b,100.0
JX975789,2445,891,3336,NC_001612,False,Picornaviridae Enterovirus A,97.86757,CV-A16,100.0,CV-A16,100.0,B1b,98.0
JX975790,2445,891,3336,NC_001612,False,Picornaviridae Enterovirus A,97.9798,CV-A16,100.0,CV-A16,100.0,B1b,100.0
JX975791,2445,891,3336,NC_001612,False,Picornaviridae Enterovirus A,97.53087,CV-A16,100.0,CV-A16,100.0,B1b,98.0
JX975792,2445,891,3336,NC_001612,False,Picornaviridae Enterovirus A,97.53087,CV-A16,100.0,CV-A16,100.0,B1b,100.0
JX975793,2445,891,3336,NC_001612,False,Picornaviridae Enterovirus A,96.85747,CV-A16,100.0,CV-A16,100.0,B1b,93.0
JX975794,2445,891,3336,NC_001612,False,Picornaviridae Enterovirus A,96.07183,CV-A16,100.0,CV-A16,100.0,B1a,84.0
JX975795,2445,891,3336,NC_001612,False,Picornaviridae Enterovirus A,95.73513,CV-A16,100.0,CV-A16,100.0,B1a,82.0
JX975797,2445,891,3336,NC_001612,False,Picornaviridae Enterovirus A,95.84736,CV-A16,100.0,CV-A16,100.0,B1a,86.0
JX975798,2445,891,3336,NC_001612,False,Picornaviridae Enterovirus A,96.07183,CV-A16,100.0,CV-A16,100.0,B1a,85.0
JX975799,2445,891,3336,NC_001612,False,Picornaviridae Enterovirus A,96.85747,CV-A16,100.0,CV-A16,100.0,B1a,86.0
JX975801,2445,891,3336,NC_001612,False,Picornaviridae Enterovirus A,98.09203,CV-A16,100.0,CV-A16,100.0,B1b,99.0
JX975802,2445,891,3336,NC_001612,False,Picornaviridae Enterovirus A,99.102135,CV-A16,100.0,CV-A16,100.0,B1b,98.0
JX975803,2445,891,3336,NC_001612,False,Picornaviridae Enterovirus A,96.52077,CV-A16,100.0,CV-A16,100.0,B1b,94.0
JX975804,2445,891,3336,NC_001612,False,Picornaviridae Enterovirus A,98.09203,CV-A16,100.0,CV-A16,100.0,B1b,99.0
JX986740,0,7411,7415,NC_001612,False,Picornaviridae Enterovirus A,98.1504,CV-A16,100.0,CV-A16,100.0,B1b,98.0
JX986741,0,7411,7415,NC_001612,False,Picornaviridae Enterovirus A,98.1504,CV-A16,100.0,CV-A16,100.0,B1b,98.0
JX986742,0,7411,7415,NC_001612,False,Picornaviridae Enterovirus A,96.977875,CV-A16,100.0,CV-A16,100.0,B1b,92.0
KC109189,2862,736,3598,NC_001612,False,Picornaviridae Enterovirus A,97.82609,CV-A16,100.0,CV-A16,100.0,B1b,99.0
KC109190,2862,736,3598,NC_001612,False,Picornaviridae Enterovirus A,97.146736,CV-A16,100.0,CV-A16,100.0,B1b,85.0
KC109191,2862,736,3598,NC_001612,False,Picornaviridae Enterovirus A,97.41848,CV-A16,100.0,CV-A16,100.0,B1b,96.0
KC117317,0,7409,7413,NC_001612,False,Picornaviridae Enterovirus A,96.503784,CV-A16,100.0,CV-A16,100.0,B1b,98.0
KC117318,0,7409,7413,NC_001612,False,Picornaviridae Enterovirus A,98.650475,CV-A16,100.0,CV-A16,100.0,B1b,99.0
KC507895,0,7439,7443,NC_001612,False,Picornaviridae Enterovirus A,98.69043,CV-A16,100.0,CV-A16,100.0,B1b,100.0
KC695830,0,7417,7422,NC_001612,False,Picornaviridae Enterovirus A,97.50304,CV-A16,100.0,CV-A16,100.0,B1a,81.0
KC698127,2445,833,3278,NC_001612,False,Picornaviridae Enterovirus A,96.51861,CV-A16,100.0,CV-A16,100.0,B1a,87.0
KC698129,2445,833,3278,NC_001612,False,Picornaviridae Enterovirus A,97.11885,CV-A16,100.0,CV-A16,100.0,B1a,85.0
KC698132,2445,833,3278,NC_001612,False,Picornaviridae Enterovirus A,98.55942,CV-A16,100.0,CV-A16,100.0,B1a,88.0
KC698138,2445,833,3278,NC_001612,False,Picornaviridae Enterovirus A,97.839134,CV-A16,100.0,CV-A16,100.0,B1a,81.0
KC698139,2445,833,3278,NC_001612,False,Picornaviridae Enterovirus A,97.95918,CV-A16,100.0,CV-A16,100.0,B1b,99.0
KC698140,2445,833,3278,NC_001612,False,Picornaviridae Enterovirus A,96.038414,CV-A16,100.0,CV-A16,100.0,B1b,100.0
KC698141,2445,833,3278,NC_001612,False,Picornaviridae Enterovirus A,96.27851,CV-A16,100.0,CV-A16,100.0,B1b,99.0
KC698142,2445,833,3278,NC_001612,False,Picornaviridae Enterovirus A,97.839134,CV-A16,100.0,CV-A16,100.0,B1b,90.0
KC698143,2445,833,3278,NC_001612,False,Picornaviridae Enterovirus A,97.839134,CV-A16,100.0,CV-A16,100.0,B1b,93.0
KC698144,2445,833,3278,NC_001612,False,Picornaviridae Enterovirus A,98.07923,CV-A16,100.0,CV-A16,100.0,B1b,98.0
KC698145,2445,833,3278,NC_001612,False,Picornaviridae Enterovirus A,98.91957,CV-A16,100.0,CV-A16,100.0,B1b,98.0
KC698146,2445,833,3278,NC_001612,False,Picornaviridae Enterovirus A,98.55942,CV-A16,100.0,CV-A16,100.0,B1b,97.0
KC698147,2445,833,3278,NC_001612,False,Picornaviridae Enterovirus A,98.31933,CV-A16,100.0,CV-A16,100.0,B1b,99.0
KC698148,2445,833,3278,NC_001612,False,Picornaviridae Enterovirus A,98.679474,CV-A16,100.0,CV-A16,100.0,B1b,95.0
KC698149,2445,833,3278,NC_001612,False,Picornaviridae Enterovirus A,99.519806,CV-A16,100.0,CV-A16,100.0,B1b,99.0
KC698150,2445,833,3278,NC_001612,False,Picornaviridae Enterovirus A,98.79952,CV-A16,100.0,CV-A16,100.0,B1b,99.0
KC698151,2445,833,3278,NC_001612,False,Picornaviridae Enterovirus A,98.679474,CV-A16,100.0,CV-A16,100.0,B1b,95.0
KC698152,2445,833,3278,NC_001612,False,Picornaviridae Enterovirus A,98.31933,CV-A16,100.0,CV-A16,100.0,B1b,98.0
KC698153,2445,833,3278,NC_001612,False,Picornaviridae Enterovirus A,98.07923,CV-A16,100.0,CV-A16,100.0,B1b,96.0
KC698155,2445,833,3278,NC_001612,False,Picornaviridae Enterovirus A,98.79952,CV-A16,100.0,CV-A16,100.0,B1b,96.0
KC698156,2445,833,3278,NC_001612,False,Picornaviridae Enterovirus A,98.79952,CV-A16,100.0,CV-A16,100.0,B1b,97.0
KC755228,-18,7460,7446,NC_001612,False,Picornaviridae Enterovirus A,98.86594,CV-A16,100.0,CV-A16,100.0,B1b,98.0
KC755229,-16,7456,7443,NC_001612,False,Picornaviridae Enterovirus A,98.01566,CV-A16,100.0,CV-A16,100.0,B1a,87.0
KC755230,-4,7440,7439,NC_001612,False,Picornaviridae Enterovirus A,98.24514,CV-A16,100.0,CV-A16,100.0,B1a,84.0
KC755231,-13,7450,7442,NC_001612,False,Picornaviridae Enterovirus A,98.37991,CV-A16,100.0,CV-A16,100.0,B1b,97.0
KC755232,-16,7454,7443,NC_001612,False,Picornaviridae Enterovirus A,97.66329,CV-A16,100.0,CV-A16,100.0,B1a,83.0
KC755233,-16,7457,7445,NC_001612,False,Picornaviridae Enterovirus A,98.79844,CV-A16,100.0,CV-A16,100.0,B1b,98.0
KC755234,-16,7428,7416,NC_001612,False,Picornaviridae Enterovirus A,97.00365,CV-A16,100.0,CV-A16,100.0,B1a,88.0
KC755235,-16,7459,7446,NC_001612,False,Picornaviridae Enterovirus A,98.529015,CV-A16,100.0,CV-A16,100.0,B1a,85.0
KC834878,2313,620,2933,NC_001612,False,Picornaviridae Enterovirus A,97.741936,CV-A16,100.0,CV-A16,100.0,B1b,90.0
KC834879,2313,620,2933,NC_001612,False,Picornaviridae Enterovirus A,98.064514,CV-A16,100.0,CV-A16,100.0,B1b,88.0
KC834881,2313,620,2933,NC_001612,False,Picornaviridae Enterovirus A,98.22581,CV-A16,100.0,CV-A16,100.0,B1b,88.0
KC834883,2313,620,2933,NC_001612,False,Picornaviridae Enterovirus A,97.41936,CV-A16,100.0,CV-A16,100.0,B1b,91.0
KC834885,2313,620,2933,NC_001612,False,Picornaviridae Enterovirus A,98.064514,CV-A16,100.0,CV-A16,100.0,B1b,94.0
KC834889,2313,620,2933,NC_001612,False,Picornaviridae Enterovirus A,95.161285,CV-A16,100.0,CV-A16,100.0,B1b,86.0
KC866816,2445,891,3336,NC_001612,False,Picornaviridae Enterovirus A,98.6532,CV-A16,100.0,CV-A16,100.0,B1a,89.0
KC866817,2445,891,3336,NC_001612,False,Picornaviridae Enterovirus A,98.6532,CV-A16,100.0,CV-A16,100.0,B1a,88.0
KC866818,2445,891,3336,NC_001612,False,Picornaviridae Enterovirus A,98.09203,CV-A16,100.0,CV-A16,100.0,B1a,90.0
KC866819,2445,891,3336,NC_001612,False,Picornaviridae Enterovirus A,98.09203,CV-A16,100.0,CV-A16,100.0,B1b,97.0
KC866820,2445,891,3336,NC_001612,False,Picornaviridae Enterovirus A,98.09203,CV-A16,100.0,CV-A16,100.0,B1b,99.0
KC866821,2445,891,3336,NC_001612,False,Picornaviridae Enterovirus A,98.20427,CV-A16,100.0,CV-A16,100.0,B1a,82.0
KC866822,2445,891,3336,NC_001612,False,Picornaviridae Enterovirus A,98.428734,CV-A16,100.0,CV-A16,100.0,B1a,89.0
KC866823,2445,891,3336,NC_001612,False,Picornaviridae Enterovirus A,98.20427,CV-A16,100.0,CV-A16,100.0,B1a,89.0
KC866824,2445,891,3336,NC_001612,False,Picornaviridae Enterovirus A,97.86757,CV-A16,100.0,CV-A16,100.0,B1a,85.0
KC866825,2445,891,3336,NC_001612,False,Picornaviridae Enterovirus A,98.54097,CV-A16,100.0,CV-A16,100.0,B1a,81.0
KC866826,2445,891,3336,NC_001612,False,Picornaviridae Enterovirus A,97.19417,CV-A16,100.0,CV-A16,100.0,B1b,100.0
KC866827,2445,891,3336,NC_001612,False,Picornaviridae Enterovirus A,97.53087,CV-A16,100.0,CV-A16,100.0,B1a,82.0
KC866828,2445,891,3336,NC_001612,False,Picornaviridae Enterovirus A,97.6431,CV-A16,100.0,CV-A16,100.0,B1b,98.0
KC866829,2445,891,3336,NC_001612,False,Picornaviridae Enterovirus A,98.09203,CV-A16,100.0,CV-A16,100.0,B1b,99.0
KC866830,2445,891,3336,NC_001612,False,Picornaviridae Enterovirus A,96.632996,CV-A16,100.0,CV-A16,100.0,B1b,100.0
KC866831,2445,891,3336,NC_001612,False,Picornaviridae Enterovirus A,96.40853,CV-A16,100.0,CV-A16,100.0,B1b,99.0
KC866832,2445,891,3336,NC_001612,False,Picornaviridae Enterovirus A,97.86757,CV-A16,100.0,CV-A16,100.0,B1a,87.0
KC866833,2445,891,3336,NC_001612,False,Picornaviridae Enterovirus A,98.3165,CV-A16,100.0,CV-A16,100.0,B1a,85.0
KC866834,2445,891,3336,NC_001612,False,Picornaviridae Enterovirus A,98.3165,CV-A16,100.0,CV-A16,100.0,B1a,85.0
KC866835,2445,891,3336,NC_001612,False,Picornaviridae Enterovirus A,98.3165,CV-A16,100.0,CV-A16,100.0,B1a,82.0
KC866836,2445,891,3336,NC_001612,False,Picornaviridae Enterovirus A,97.19417,CV-A16,100.0,CV-A16,100.0,B1a,83.0
KC866838,2445,891,3336,NC_001612,False,Picornaviridae Enterovirus A,97.41863,CV-A16,100.0,CV-A16,100.0,B1a,90.0
KC866839,2445,891,3336,NC_001612,False,Picornaviridae Enterovirus A,97.9798,CV-A16,100.0,CV-A16,100.0,B1a,88.0
KC866840,2445,891,3336,NC_001612,False,Picornaviridae Enterovirus A,98.87767,CV-A16,100.0,CV-A16,100.0,B1a,84.0
KC866841,2445,891,3336,NC_001612,False,Picornaviridae Enterovirus A,98.87767,CV-A16,100.0,CV-A16,100.0,B1a,87.0
KC866842,2445,891,3336,NC_001612,False,Picornaviridae Enterovirus A,98.87767,CV-A16,100.0,CV-A16,100.0,B1a,88.0
KC866843,2445,891,3336,NC_001612,False,Picornaviridae Enterovirus A,97.86757,CV-A16,100.0,CV-A16,100.0,B1a,85.0
KC866844,2445,891,3336,NC_001612,False,Picornaviridae Enterovirus A,98.6532,CV-A16,100.0,CV-A16,100.0,B1b,98.0
KC866845,2445,891,3336,NC_001612,False,Picornaviridae Enterovirus A,99.102135,CV-A16,100.0,CV-A16,100.0,B1b,97.0
KC866846,2445,891,3336,NC_001612,False,Picornaviridae Enterovirus A,97.9798,CV-A16,100.0,CV-A16,100.0,B1a,80.0
KC866847,2445,891,3336,NC_001612,False,Picornaviridae Enterovirus A,98.765434,CV-A16,100.0,CV-A16,100.0,B1a,89.0
KC866848,2445,891,3336,NC_001612,False,Picornaviridae Enterovirus A,97.6431,CV-A16,100.0,CV-A16,100.0,B1a,81.0
KC866849,2445,891,3336,NC_001612,False,Picornaviridae Enterovirus A,98.20427,CV-A16,100.0,CV-A16,100.0,B1b,97.0
KC866850,2445,891,3336,NC_001612,False,Picornaviridae Enterovirus A,97.19417,CV-A16,100.0,CV-A16,100.0,B1b,95.0
KC866851,2445,891,3336,NC_001612,False,Picornaviridae Enterovirus A,98.6532,CV-A16,100.0,CV-A16,100.0,B1b,100.0
KC866852,2445,891,3336,NC_001612,False,Picornaviridae Enterovirus A,97.86757,CV-A16,100.0,CV-A16,100.0,B1a,88.0
KC866853,2445,891,3336,NC_001612,False,Picornaviridae Enterovirus A,97.86757,CV-A16,100.0,CV-A16,100.0,B1a,83.0
KC866854,2445,891,3336,NC_001612,False,Picornaviridae Enterovirus A,97.6431,CV-A16,100.0,CV-A16,100.0,B1a,87.0
KC866855,2445,891,3336,NC_001612,False,Picornaviridae Enterovirus A,98.20427,CV-A16,100.0,CV-A16,100.0,B1b,97.0
KC866856,2445,891,3336,NC_001612,False,Picornaviridae Enterovirus A,98.54097,CV-A16,100.0,CV-A16,100.0,B1a,83.0
KC866857,2445,891,3336,NC_001612,False,Picornaviridae Enterovirus A,97.75533,CV-A16,100.0,CV-A16,100.0,B1a,83.0
KC866858,2445,891,3336,NC_001612,False,Picornaviridae Enterovirus A,97.53087,CV-A16,100.0,CV-A16,100.0,B1a,84.0
KC866859,2445,891,3336,NC_001612,False,Picornaviridae Enterovirus A,98.20427,CV-A16,100.0,CV-A16,100.0,B1a,86.0
KC866860,2445,891,3336,NC_001612,False,Picornaviridae Enterovirus A,98.87767,CV-A16,100.0,CV-A16,100.0,B1a,85.0
KC866861,2445,891,3336,NC_001612,False,Picornaviridae Enterovirus A,98.54097,CV-A16,100.0,CV-A16,100.0,B1b,97.0
KC866862,2445,891,3336,NC_001612,False,Picornaviridae Enterovirus A,98.3165,CV-A16,100.0,CV-A16,100.0,B1b,95.0
KC866863,2445,891,3336,NC_001612,False,Picornaviridae Enterovirus A,98.87767,CV-A16,100.0,CV-A16,100.0,B1b,97.0
KC866864,2445,891,3336,NC_001612,False,Picornaviridae Enterovirus A,98.87767,CV-A16,100.0,CV-A16,100.0,B1a,82.0
KC866865,2445,891,3336,NC_001612,False,Picornaviridae Enterovirus A,98.428734,CV-A16,100.0,CV-A16,100.0,B1b,100.0
KC866867,2445,891,3336,NC_001612,False,Picornaviridae Enterovirus A,97.86757,CV-A16,100.0,CV-A16,100.0,B1a,93.0
KC866868,2445,891,3336,NC_001612,False,Picornaviridae Enterovirus A,96.84329,CV-A16,100.0,CV-A16,100.0,B1b,96.0
KC866869,2445,891,3336,NC_001612,False,Picornaviridae Enterovirus A,97.86757,CV-A16,100.0,CV-A16,100.0,B1a,81.0
KC866870,2445,891,3336,NC_001612,False,Picornaviridae Enterovirus A,96.969696,CV-A16,100.0,CV-A16,100.0,B1b,95.0
KC866871,2445,891,3336,NC_001612,False,Picornaviridae Enterovirus A,97.86757,CV-A16,100.0,CV-A16,100.0,B1a,83.0
KC866872,2445,891,3336,NC_001612,False,Picornaviridae Enterovirus A,97.86757,CV-A16,100.0,CV-A16,100.0,B1a,85.0
KC866873,2445,891,3336,NC_001612,False,Picornaviridae Enterovirus A,97.86757,CV-A16,100.0,CV-A16,100.0,B1a,83.0
KC866874,2445,891,3336,NC_001612,False,Picornaviridae Enterovirus A,96.969696,CV-A16,100.0,CV-A16,100.0,B1b,95.0
KC866875,2445,891,3336,NC_001612,False,Picornaviridae Enterovirus A,97.75028,CV-A16,100.0,CV-A16,100.0,B1a,84.0
KC866876,2445,891,3336,NC_001612,False,Picornaviridae Enterovirus A,96.18407,CV-A16,100.0,CV-A16,100.0,B1a,80.0
KC866877,2445,891,3336,NC_001612,False,Picornaviridae Enterovirus A,97.53087,CV-A16,100.0,CV-A16,100.0,B1a,85.0
KC866879,2445,891,3336,NC_001612,False,Picornaviridae Enterovirus A,97.53087,CV-A16,100.0,CV-A16,100.0,B1a,88.0
KC866880,2445,891,3336,NC_001612,False,Picornaviridae Enterovirus A,96.969696,CV-A16,100.0,CV-A16,100.0,B1b,96.0
KC866881,2445,891,3336,NC_001612,False,Picornaviridae Enterovirus A,97.05882,CV-A16,100.0,CV-A16,100.0,B1b,99.0
KC866882,2445,891,3336,NC_001612,False,Picornaviridae Enterovirus A,96.969696,CV-A16,100.0,CV-A16,100.0,B1b,99.0
KC866883,2445,891,3336,NC_001612,False,Picornaviridae Enterovirus A,96.969696,CV-A16,100.0,CV-A16,100.0,B1b,98.0
KC866884,2445,891,3336,NC_001612,False,Picornaviridae Enterovirus A,98.54097,CV-A16,100.0,CV-A16,100.0,B1b,98.0
KC866885,2445,891,3336,NC_001612,False,Picornaviridae Enterovirus A,95.73513,CV-A16,100.0,CV-A16,100.0,B1b,89.0
KC866886,2445,891,3336,NC_001612,False,Picornaviridae Enterovirus A,96.296295,CV-A16,100.0,CV-A16,100.0,B1a,85.0
KC866887,2445,891,3336,NC_001612,False,Picornaviridae Enterovirus A,95.02825,CV-A16,100.0,CV-A16,100.0,B1b,96.0
KC866889,2445,891,3336,NC_001612,False,Picornaviridae Enterovirus A,96.85747,CV-A16,100.0,CV-A16,100.0,B1b,98.0
KC866890,2445,891,3336,NC_001612,False,Picornaviridae Enterovirus A,96.969696,CV-A16,100.0,CV-A16,100.0,B1b,96.0
KC866891,2445,891,3336,NC_001612,False,Picornaviridae Enterovirus A,98.428734,CV-A16,100.0,CV-A16,100.0,B1b,97.0
KC866894,2445,891,3336,NC_001612,False,Picornaviridae Enterovirus A,98.765434,CV-A16,100.0,CV-A16,100.0,B1b,99.0
KC866896,2445,891,3336,NC_001612,False,Picornaviridae Enterovirus A,96.40853,CV-A16,100.0,CV-A16,100.0,B1b,97.0
KC866897,2445,891,3336,NC_001612,False,Picornaviridae Enterovirus A,97.75533,CV-A16,100.0,CV-A16,100.0,B1a,81.0
KC866898,2445,891,3336,NC_001612,False,Picornaviridae Enterovirus A,97.75533,CV-A16,100.0,CV-A16,100.0,B1a,80.0
KC879501,2445,891,3336,NC_001612,False,Picornaviridae Enterovirus A,96.07183,CV-A16,100.0,CV-A16,100.0,B1b,100.0
KC879517,2445,891,3336,NC_001612,False,Picornaviridae Enterovirus A,93.04153,CV-A16,100.0,CV-A16,100.0,B1c,100.0
KC879522,2445,891,3336,NC_001612,False,Picornaviridae Enterovirus A,96.40853,CV-A16,100.0,CV-A16,100.0,B1a,87.0
KC879526,2445,891,3336,NC_001612,False,Picornaviridae Enterovirus A,93.26599,CV-A16,100.0,CV-A16,100.0,B1c,100.0
KC879536,2445,891,3336,NC_001612,False,Picornaviridae Enterovirus A,96.632996,CV-A16,100.0,CV-A16,100.0,B1a,90.0
KC879548,2445,891,3336,NC_001612,False,Picornaviridae Enterovirus A,92.92929,CV-A16,100.0,CV-A16,100.0,B1c,99.0
KC879554,2445,891,3336,NC_001612,False,Picornaviridae Enterovirus A,93.490456,CV-A16,100.0,CV-A16,100.0,B1c,99.0
KF006320,2445,833,3278,NC_001612,False,Picornaviridae Enterovirus A,96.27851,CV-A16,100.0,CV-A16,100.0,B1b,98.0
KF055238,23,7367,7394,NC_001612,False,Picornaviridae Enterovirus A,99.307724,CV-A16,99.0,CV-A16,100.0,B1b,97.0
KF055239,23,7367,7394,NC_001612,False,Picornaviridae Enterovirus A,98.34397,CV-A16,100.0,CV-A16,100.0,B1b,100.0
KF055240,23,7367,7394,NC_001612,False,Picornaviridae Enterovirus A,97.10873,CV-A16,100.0,CV-A16,100.0,B1a,82.0
KF055241,23,7367,7394,NC_001612,False,Picornaviridae Enterovirus A,98.34374,CV-A16,100.0,CV-A16,100.0,B1b,97.0
KF055242,23,7365,7392,NC_001612,False,Picornaviridae Enterovirus A,97.040054,CV-A16,100.0,CV-A16,100.0,B1a,86.0
KF055243,23,7367,7394,NC_001612,False,Picornaviridae Enterovirus A,98.357544,CV-A16,100.0,CV-A16,100.0,B1b,99.0
KF055244,23,7367,7394,NC_001612,False,Picornaviridae Enterovirus A,98.34397,CV-A16,100.0,CV-A16,100.0,B1b,100.0
KF055245,23,7367,7394,NC_001612,False,Picornaviridae Enterovirus A,98.37111,CV-A16,100.0,CV-A16,100.0,B1b,98.0
KF142303,2601,264,2865,NC_001612,False,Picornaviridae Enterovirus A,99.618324,CV-A16,100.0,CV-A16,100.0,B1b,82.0
KF142312,2601,264,2865,NC_001612,False,Picornaviridae Enterovirus A,99.621216,CV-A16,100.0,CV-A16,100.0,B1b,81.0
KF142317,2601,264,2865,NC_001612,False,Picornaviridae Enterovirus A,95.07576,CV-A16,100.0,CV-A16,100.0,B1b,84.0
KF142324,2601,264,2865,NC_001612,False,Picornaviridae Enterovirus A,98.86364,CV-A16,100.0,CV-A16,100.0,B1b,83.0
KF142329,2601,264,2865,NC_001612,False,Picornaviridae Enterovirus A,99.621216,CV-A16,100.0,CV-A16,100.0,B1b,81.0
KF142339,2601,264,2865,NC_001612,False,Picornaviridae Enterovirus A,99.621216,CV-A16,100.0,CV-A16,100.0,B1b,80.0
KF142344,2601,264,2865,NC_001612,False,Picornaviridae Enterovirus A,98.106064,CV-A16,100.0,CV-A16,100.0,B1b,82.0
KF150150,2445,891,3336,NC_001612,False,Picornaviridae Enterovirus A,98.08989,CV-A16,100.0,CV-A16,100.0,B1b,97.0
KF193620,3,7400,7405,NC_001612,False,Picornaviridae Enterovirus A,97.77027,CV-A16,100.0,CV-A16,100.0,B1b,97.0
KF193621,3,7400,7408,NC_001612,False,Picornaviridae Enterovirus A,98.67585,CV-A16,100.0,CV-A16,100.0,B1b,98.0
KF193622,0,7400,7402,NC_001612,False,Picornaviridae Enterovirus A,98.36487,CV-A16,100.0,CV-A16,100.0,B1b,99.0
KF193623,3,7420,7427,NC_001612,False,Picornaviridae Enterovirus A,98.202705,CV-A16,100.0,CV-A16,100.0,B1b,97.0
KF193624,3,7400,7407,NC_001612,False,Picornaviridae Enterovirus A,97.39224,CV-A16,100.0,CV-A16,100.0,B1b,99.0
KF193625,0,7400,7403,NC_001612,False,Picornaviridae Enterovirus A,98.324326,CV-A16,100.0,CV-A16,100.0,B1b,99.0
KF193626,3,7400,7405,NC_001612,False,Picornaviridae Enterovirus A,98.91892,CV-A16,100.0,CV-A16,100.0,B1b,98.0
KF193627,3,7400,7408,NC_001612,False,Picornaviridae Enterovirus A,97.94622,CV-A16,100.0,CV-A16,100.0,B1b,93.0
KF193628,0,7400,7404,NC_001612,False,Picornaviridae Enterovirus A,99.6487,CV-A16,100.0,CV-A16,100.0,B1b,98.0
KF193629,3,7400,7404,NC_001612,False,Picornaviridae Enterovirus A,97.58141,CV-A16,100.0,CV-A16,100.0,B1b,100.0
KF193630,3,7400,7407,NC_001612,False,Picornaviridae Enterovirus A,95.90596,CV-A16,100.0,CV-A16,100.0,B1b,99.0
KF193631,3,7400,7405,NC_001612,False,Picornaviridae Enterovirus A,96.81038,CV-A16,100.0,CV-A16,100.0,B1a,88.0
KF193632,3,7400,7406,NC_001612,False,Picornaviridae Enterovirus A,98.28378,CV-A16,100.0,CV-A16,100.0,B1b,98.0
KF748137,2445,891,3336,NC_001612,False,Picornaviridae Enterovirus A,98.428734,CV-A16,100.0,CV-A16,100.0,B1b,99.0
KF748142,2445,891,3336,NC_001612,False,Picornaviridae Enterovirus A,96.404495,CV-A16,100.0,CV-A16,100.0,B1a,84.0
KF748143,2445,891,3336,NC_001612,False,Picornaviridae Enterovirus A,96.51685,CV-A16,100.0,CV-A16,100.0,B1a,86.0
KF748145,2445,891,3336,NC_001612,False,Picornaviridae Enterovirus A,96.51685,CV-A16,100.0,CV-A16,100.0,B1a,80.0
KF748146,2445,891,3336,NC_001612,False,Picornaviridae Enterovirus A,96.74523,CV-A16,100.0,CV-A16,100.0,B1a,85.0
KF748147,2445,891,3336,NC_001612,False,Picornaviridae Enterovirus A,96.74523,CV-A16,100.0,CV-A16,100.0,B1a,88.0
KF772900,2715,358,3073,NC_001612,False,Picornaviridae Enterovirus A,94.69273,CV-A16,100.0,CV-A16,100.0,B1c,100.0
KF913216,2601,309,2910,NC_001612,False,Picornaviridae Enterovirus A,96.1039,CV-A16,100.0,CV-A16,100.0,B1b,85.0
KF913218,2601,309,2910,NC_001612,False,Picornaviridae Enterovirus A,91.233765,CV-A16,100.0,CV-A16,100.0,B1c,85.0
KF913230,2601,309,2910,NC_001612,False,Picornaviridae Enterovirus A,91.55844,CV-A16,100.0,CV-A16,100.0,B1c,95.0
KF924762,0,7410,7414,NC_001612,False,Picornaviridae Enterovirus A,98.51532,CV-A16,100.0,CV-A16,100.0,B1b,100.0
KF956720,2444,890,3334,NC_001612,False,Picornaviridae Enterovirus A,87.51406,CV-A16,100.0,CV-A16,100.0,A,88.0
KF991007,0,7377,7381,NC_001612,False,Picornaviridae Enterovirus A,99.68822,CV-A16,100.0,CV-A16,100.0,B1a,87.0
KJ156344,2445,891,3336,NC_001612,False,Picornaviridae Enterovirus A,98.759865,CV-A16,100.0,CV-A16,100.0,B1b,96.0
KJ156345,2445,891,3336,NC_001612,False,Picornaviridae Enterovirus A,97.6431,CV-A16,100.0,CV-A16,100.0,B1b,98.0
KJ156346,2445,891,3336,NC_001612,False,Picornaviridae Enterovirus A,96.74523,CV-A16,100.0,CV-A16,100.0,B1b,91.0
KJ156347,2445,891,3336,NC_001612,False,Picornaviridae Enterovirus A,96.40853,CV-A16,100.0,CV-A16,100.0,B1b,95.0
KJ156348,2445,891,3336,NC_001612,False,Picornaviridae Enterovirus A,98.8764,CV-A16,100.0,CV-A16,100.0,B1b,99.0
KJ500014,2784,378,3162,NC_001612,False,Picornaviridae Enterovirus A,98.4127,CV-A16,100.0,CV-A16,100.0,B1b,86.0
KJ500015,2784,378,3162,NC_001612,False,Picornaviridae Enterovirus A,99.206345,CV-A16,100.0,CV-A16,100.0,B1b,86.0
KJ500016,2784,378,3162,NC_001612,False,Picornaviridae Enterovirus A,99.206345,CV-A16,100.0,CV-A16,100.0,B1b,95.0
KJ500017,2784,378,3162,NC_001612,False,Picornaviridae Enterovirus A,98.4127,CV-A16,100.0,CV-A16,100.0,B1b,92.0
KJ500018,2784,378,3162,NC_001612,False,Picornaviridae Enterovirus A,98.941795,CV-A16,100.0,CV-A16,100.0,B1b,91.0
KJ746492,0,7430,7433,NC_001612,False,Picornaviridae Enterovirus A,98.785095,CV-A16,100.0,CV-A16,100.0,B1b,99.0
KJ784501,2445,891,3336,NC_001612,False,Picornaviridae Enterovirus A,98.20427,CV-A16,100.0,CV-A16,100.0,B1a,86.0
KJ784502,2445,891,3336,NC_001612,False,Picornaviridae Enterovirus A,97.75533,CV-A16,100.0,CV-A16,100.0,B1a,84.0
KJ784503,2445,891,3336,NC_001612,False,Picornaviridae Enterovirus A,97.9798,CV-A16,100.0,CV-A16,100.0,B1b,98.0
KJ784504,2445,891,3336,NC_001612,False,Picornaviridae Enterovirus A,97.9798,CV-A16,100.0,CV-A16,100.0,B1b,99.0
KJ784505,2445,891,3336,NC_001612,False,Picornaviridae Enterovirus A,96.85747,CV-A16,100.0,CV-A16,100.0,B1a,81.0
KJ784506,2445,891,3336,NC_001612,False,Picornaviridae Enterovirus A,99.102135,CV-A16,100.0,CV-A16,100.0,B1b,100.0
KJ784507,2445,891,3336,NC_001612,False,Picornaviridae Enterovirus A,98.54097,CV-A16,100.0,CV-A16,100.0,B1a,84.0
KJ850274,750,2586,3336,NC_001612,False,Picornaviridae Enterovirus A,98.68523,CV-A16,100.0,CV-A16,100.0,B1b,98.0
KJ865495,2445,891,3336,NC_001612,False,Picornaviridae Enterovirus A,97.9798,CV-A16,100.0,CV-A16,100.0,B1a,88.0
KJ865496,2445,891,3336,NC_001612,False,Picornaviridae Enterovirus A,97.08193,CV-A16,100.0,CV-A16,100.0,B1a,80.0
KJ865497,2445,891,3336,NC_001612,False,Picornaviridae Enterovirus A,97.6431,CV-A16,100.0,CV-A16,100.0,B1a,90.0
KJ865498,2445,891,3336,NC_001612,False,Picornaviridae Enterovirus A,97.9798,CV-A16,100.0,CV-A16,100.0,B1a,86.0
KJ865499,2445,891,3336,NC_001612,False,Picornaviridae Enterovirus A,97.75533,CV-A16,100.0,CV-A16,100.0,B1a,83.0
KJ865500,2445,891,3336,NC_001612,False,Picornaviridae Enterovirus A,96.52077,CV-A16,100.0,CV-A16,100.0,B1a,86.0
KJ865501,2445,891,3336,NC_001612,False,Picornaviridae Enterovirus A,96.52077,CV-A16,100.0,CV-A16,100.0,B1a,87.0
KJ865502,2445,891,3336,NC_001612,False,Picornaviridae Enterovirus A,99.21436,CV-A16,100.0,CV-A16,100.0,B1a,91.0
KJ865503,2445,891,3336,NC_001612,False,Picornaviridae Enterovirus A,97.41863,CV-A16,100.0,CV-A16,100.0,B1a,84.0
KJ865504,2445,891,3336,NC_001612,False,Picornaviridae Enterovirus A,96.632996,CV-A16,100.0,CV-A16,100.0,B1a,80.0
KJ865505,2445,891,3336,NC_001612,False,Picornaviridae Enterovirus A,96.296295,CV-A16,100.0,CV-A16,100.0,B1b,98.0
KJ865506,2445,891,3336,NC_001612,False,Picornaviridae Enterovirus A,98.87767,CV-A16,100.0,CV-A16,100.0,B1a,84.0
KJ865507,2445,891,3336,NC_001612,False,Picornaviridae Enterovirus A,97.3064,CV-A16,100.0,CV-A16,100.0,B1b,100.0
KJ865508,2445,891,3336,NC_001612,False,Picornaviridae Enterovirus A,98.428734,CV-A16,100.0,CV-A16,100.0,B1a,89.0
KJ865509,2445,891,3336,NC_001612,False,Picornaviridae Enterovirus A,97.6431,CV-A16,100.0,CV-A16,100.0,B1a,90.0
KJ865510,2445,891,3336,NC_001612,False,Picornaviridae Enterovirus A,98.9899,CV-A16,100.0,CV-A16,100.0,B1b,98.0
KJ865511,2445,891,3336,NC_001612,False,Picornaviridae Enterovirus A,98.87767,CV-A16,100.0,CV-A16,100.0,B1b,97.0
KJ865512,2445,891,3336,NC_001612,False,Picornaviridae Enterovirus A,97.6431,CV-A16,100.0,CV-A16,100.0,B1a,82.0
KJ865513,2445,891,3336,NC_001612,False,Picornaviridae Enterovirus A,97.75533,CV-A16,100.0,CV-A16,100.0,B1b,100.0
KM047911,2466,851,3317,NC_001612,False,Picornaviridae Enterovirus A,97.17979,CV-A16,100.0,CV-A16,100.0,B1a,89.0
KM047912,2466,851,3317,NC_001612,False,Picornaviridae Enterovirus A,97.2973,CV-A16,100.0,CV-A16,100.0,B1a,86.0
KM047913,2466,851,3317,NC_001612,False,Picornaviridae Enterovirus A,98.237366,CV-A16,100.0,CV-A16,100.0,B1a,85.0
KM047914,2466,851,3317,NC_001612,False,Picornaviridae Enterovirus A,98.237366,CV-A16,100.0,CV-A16,100.0,B1a,83.0
KM047915,2466,851,3317,NC_001612,False,Picornaviridae Enterovirus A,97.53231,CV-A16,100.0,CV-A16,100.0,B1a,88.0
KM047916,2466,851,3317,NC_001612,False,Picornaviridae Enterovirus A,97.88484,CV-A16,100.0,CV-A16,100.0,B1a,86.0
KM047917,2466,851,3317,NC_001612,False,Picornaviridae Enterovirus A,97.88484,CV-A16,100.0,CV-A16,100.0,B1a,91.0
KM047918,2466,851,3317,NC_001612,False,Picornaviridae Enterovirus A,97.53231,CV-A16,100.0,CV-A16,100.0,B1a,90.0
KM047920,2466,851,3317,NC_001612,False,Picornaviridae Enterovirus A,97.53231,CV-A16,100.0,CV-A16,100.0,B1a,90.0
KM047921,2466,851,3317,NC_001612,False,Picornaviridae Enterovirus A,98.47239,CV-A16,100.0,CV-A16,100.0,B1a,92.0
KM047922,2466,851,3317,NC_001612,False,Picornaviridae Enterovirus A,97.17979,CV-A16,100.0,CV-A16,100.0,B1a,87.0
KM047923,2466,851,3317,NC_001612,False,Picornaviridae Enterovirus A,98.00235,CV-A16,100.0,CV-A16,100.0,B1a,86.0
KM047924,2466,851,3317,NC_001612,False,Picornaviridae Enterovirus A,98.35487,CV-A16,100.0,CV-A16,100.0,B1a,85.0
KM047925,2466,851,3317,NC_001612,False,Picornaviridae Enterovirus A,98.237366,CV-A16,100.0,CV-A16,100.0,B1a,92.0
KM047926,2466,851,3317,NC_001612,False,Picornaviridae Enterovirus A,98.47239,CV-A16,100.0,CV-A16,100.0,B1a,85.0
KM047927,2466,851,3317,NC_001612,False,Picornaviridae Enterovirus A,96.94477,CV-A16,100.0,CV-A16,100.0,B1a,88.0
KM047928,2466,851,3317,NC_001612,False,Picornaviridae Enterovirus A,98.11986,CV-A16,100.0,CV-A16,100.0,B1a,85.0
KM047929,2466,851,3317,NC_001612,False,Picornaviridae Enterovirus A,98.237366,CV-A16,100.0,CV-A16,100.0,B1a,87.0
KM047930,2466,851,3317,NC_001612,False,Picornaviridae Enterovirus A,98.237366,CV-A16,100.0,CV-A16,100.0,B1a,87.0
KM047931,2466,851,3317,NC_001612,False,Picornaviridae Enterovirus A,97.649826,CV-A16,100.0,CV-A16,100.0,B1a,89.0
KM047932,2466,851,3317,NC_001612,False,Picornaviridae Enterovirus A,98.237366,CV-A16,100.0,CV-A16,100.0,B1a,88.0
KM047933,2466,851,3317,NC_001612,False,Picornaviridae Enterovirus A,98.237366,CV-A16,100.0,CV-A16,100.0,B1a,84.0
KM047934,2466,851,3317,NC_001612,False,Picornaviridae Enterovirus A,98.5899,CV-A16,100.0,CV-A16,100.0,B1a,92.0
KM047935,2466,851,3317,NC_001612,False,Picornaviridae Enterovirus A,98.35487,CV-A16,100.0,CV-A16,100.0,B1a,84.0
KM047936,2466,851,3317,NC_001612,False,Picornaviridae Enterovirus A,98.237366,CV-A16,100.0,CV-A16,100.0,B1a,86.0
KM047937,2466,851,3317,NC_001612,False,Picornaviridae Enterovirus A,98.47239,CV-A16,100.0,CV-A16,100.0,B1a,90.0
KM047938,2466,851,3317,NC_001612,False,Picornaviridae Enterovirus A,97.06228,CV-A16,100.0,CV-A16,100.0,B1a,85.0
KM047939,2466,851,3317,NC_001612,False,Picornaviridae Enterovirus A,98.5899,CV-A16,100.0,CV-A16,100.0,B1a,89.0
KM047940,2466,851,3317,NC_001612,False,Picornaviridae Enterovirus A,97.17979,CV-A16,100.0,CV-A16,100.0,B1a,84.0
KM047941,2466,851,3317,NC_001612,False,Picornaviridae Enterovirus A,98.47239,CV-A16,100.0,CV-A16,100.0,B1a,89.0
KM047942,2466,851,3317,NC_001612,False,Picornaviridae Enterovirus A,97.17979,CV-A16,100.0,CV-A16,100.0,B1a,86.0
KM047943,2466,851,3317,NC_001612,False,Picornaviridae Enterovirus A,98.237366,CV-A16,100.0,CV-A16,100.0,B1a,83.0
KM047944,2466,851,3317,NC_001612,False,Picornaviridae Enterovirus A,98.35487,CV-A16,100.0,CV-A16,100.0,B1a,90.0
KM047945,2466,851,3317,NC_001612,False,Picornaviridae Enterovirus A,98.00235,CV-A16,100.0,CV-A16,100.0,B1a,85.0
KM047946,2466,851,3317,NC_001612,False,Picornaviridae Enterovirus A,96.82726,CV-A16,100.0,CV-A16,100.0,B1a,88.0
KM047947,2466,851,3317,NC_001612,False,Picornaviridae Enterovirus A,97.649826,CV-A16,100.0,CV-A16,100.0,B1a,88.0
KM047948,2466,851,3317,NC_001612,False,Picornaviridae Enterovirus A,98.11986,CV-A16,100.0,CV-A16,100.0,B1a,81.0
KM047949,2466,851,3317,NC_001612,False,Picornaviridae Enterovirus A,97.649826,CV-A16,100.0,CV-A16,100.0,B1a,87.0
KM047950,2466,851,3317,NC_001612,False,Picornaviridae Enterovirus A,98.11986,CV-A16,100.0,CV-A16,100.0,B1a,84.0
KM047951,2466,851,3317,NC_001612,False,Picornaviridae Enterovirus A,97.06228,CV-A16,100.0,CV-A16,100.0,B1a,93.0
KM047952,2466,851,3317,NC_001612,False,Picornaviridae Enterovirus A,98.35487,CV-A16,100.0,CV-A16,100.0,B1a,85.0
KM047953,2466,851,3317,NC_001612,False,Picornaviridae Enterovirus A,98.35487,CV-A16,100.0,CV-A16,100.0,B1a,93.0
KM047954,2466,851,3317,NC_001612,False,Picornaviridae Enterovirus A,98.35487,CV-A16,100.0,CV-A16,100.0,B1a,90.0
KM047955,2466,851,3317,NC_001612,False,Picornaviridae Enterovirus A,98.47239,CV-A16,100.0,CV-A16,100.0,B1a,90.0
KM047956,2466,851,3317,NC_001612,False,Picornaviridae Enterovirus A,97.17979,CV-A16,100.0,CV-A16,100.0,B1a,88.0
KM047957,2466,851,3317,NC_001612,False,Picornaviridae Enterovirus A,97.17979,CV-A16,100.0,CV-A16,100.0,B1a,83.0
KM047958,2466,851,3317,NC_001612,False,Picornaviridae Enterovirus A,97.767334,CV-A16,100.0,CV-A16,100.0,B1a,82.0
KM047959,2466,851,3317,NC_001612,False,Picornaviridae Enterovirus A,97.4148,CV-A16,100.0,CV-A16,100.0,B1a,87.0
KM047960,2466,851,3317,NC_001612,False,Picornaviridae Enterovirus A,98.00235,CV-A16,100.0,CV-A16,100.0,B1a,89.0
KM047961,2466,851,3317,NC_001612,False,Picornaviridae Enterovirus A,97.767334,CV-A16,100.0,CV-A16,100.0,B1a,85.0
KM047962,2466,851,3317,NC_001612,False,Picornaviridae Enterovirus A,97.88484,CV-A16,100.0,CV-A16,100.0,B1a,86.0
KM047963,2466,851,3317,NC_001612,False,Picornaviridae Enterovirus A,97.649826,CV-A16,100.0,CV-A16,100.0,B1a,87.0
KM047964,2466,851,3317,NC_001612,False,Picornaviridae Enterovirus A,97.2973,CV-A16,100.0,CV-A16,100.0,B1a,88.0
KM047965,2466,851,3317,NC_001612,False,Picornaviridae Enterovirus A,96.709755,CV-A16,100.0,CV-A16,100.0,B1a,88.0
KM047966,2466,851,3317,NC_001612,False,Picornaviridae Enterovirus A,98.00235,CV-A16,100.0,CV-A16,100.0,B1a,85.0
KM047967,2466,851,3317,NC_001612,False,Picornaviridae Enterovirus A,96.82726,CV-A16,100.0,CV-A16,100.0,B1a,84.0
KM047968,2466,851,3317,NC_001612,False,Picornaviridae Enterovirus A,96.82726,CV-A16,100.0,CV-A16,100.0,B1a,84.0
KM047969,2466,851,3317,NC_001612,False,Picornaviridae Enterovirus A,97.53231,CV-A16,100.0,CV-A16,100.0,B1a,84.0
KM047970,2466,851,3317,NC_001612,False,Picornaviridae Enterovirus A,98.11986,CV-A16,100.0,CV-A16,100.0,B1a,85.0
KM047971,2466,851,3317,NC_001612,False,Picornaviridae Enterovirus A,96.82726,CV-A16,100.0,CV-A16,100.0,B1a,83.0
KM047972,2466,851,3317,NC_001612,False,Picornaviridae Enterovirus A,96.47474,CV-A16,100.0,CV-A16,100.0,B1a,83.0
KM047973,2466,851,3317,NC_001612,False,Picornaviridae Enterovirus A,96.82726,CV-A16,100.0,CV-A16,100.0,B1a,91.0
KM047974,2466,851,3317,NC_001612,False,Picornaviridae Enterovirus A,97.649826,CV-A16,100.0,CV-A16,100.0,B1a,87.0
KM047975,2466,851,3317,NC_001612,False,Picornaviridae Enterovirus A,97.2973,CV-A16,100.0,CV-A16,100.0,B1a,91.0
KM047978,2466,851,3317,NC_001612,False,Picornaviridae Enterovirus A,95.769684,CV-A16,100.0,CV-A16,100.0,B1a,87.0
KM047979,2475,840,3315,NC_001612,False,Picornaviridae Enterovirus A,98.809525,CV-A16,100.0,CV-A16,100.0,B1b,98.0
KM047980,2475,840,3315,NC_001612,False,Picornaviridae Enterovirus A,98.690475,CV-A16,100.0,CV-A16,100.0,B1b,99.0
KM047981,2475,840,3315,NC_001612,False,Picornaviridae Enterovirus A,98.809525,CV-A16,100.0,CV-A16,100.0,B1b,98.0
KM047982,2475,840,3315,NC_001612,False,Picornaviridae Enterovirus A,99.04762,CV-A16,100.0,CV-A16,100.0,B1b,99.0
KM047983,2475,840,3315,NC_001612,False,Picornaviridae Enterovirus A,98.690475,CV-A16,100.0,CV-A16,100.0,B1b,99.0
KM047984,2475,840,3315,NC_001612,False,Picornaviridae Enterovirus A,97.85714,CV-A16,100.0,CV-A16,100.0,B1b,100.0
KM047985,2475,840,3315,NC_001612,False,Picornaviridae Enterovirus A,98.21216,CV-A16,100.0,CV-A16,100.0,B1b,100.0
KM047986,2475,840,3315,NC_001612,False,Picornaviridae Enterovirus A,98.690475,CV-A16,100.0,CV-A16,100.0,B1b,98.0
KM047987,2475,840,3315,NC_001612,False,Picornaviridae Enterovirus A,98.21429,CV-A16,100.0,CV-A16,100.0,B1b,98.0
KM047988,2475,840,3315,NC_001612,False,Picornaviridae Enterovirus A,98.809525,CV-A16,100.0,CV-A16,100.0,B1b,99.0
KM047989,2475,840,3315,NC_001612,False,Picornaviridae Enterovirus A,98.690475,CV-A16,100.0,CV-A16,100.0,B1b,100.0
KM047990,2475,840,3315,NC_001612,False,Picornaviridae Enterovirus A,99.04762,CV-A16,100.0,CV-A16,100.0,B1b,98.0
KM047991,2475,840,3315,NC_001612,False,Picornaviridae Enterovirus A,99.04762,CV-A16,100.0,CV-A16,100.0,B1b,98.0
KM047992,2475,840,3315,NC_001612,False,Picornaviridae Enterovirus A,98.809525,CV-A16,100.0,CV-A16,100.0,B1b,97.0
KM047993,2475,840,3315,NC_001612,False,Picornaviridae Enterovirus A,98.809525,CV-A16,100.0,CV-A16,100.0,B1b,99.0
KM047994,2475,840,3315,NC_001612,False,Picornaviridae Enterovirus A,99.04762,CV-A16,100.0,CV-A16,100.0,B1b,98.0
KM047995,2475,840,3315,NC_001612,False,Picornaviridae Enterovirus A,97.85714,CV-A16,100.0,CV-A16,100.0,B1b,98.0
KM047996,2475,840,3315,NC_001612,False,Picornaviridae Enterovirus A,99.04762,CV-A16,100.0,CV-A16,100.0,B1b,99.0
KM047997,2475,840,3315,NC_001612,False,Picornaviridae Enterovirus A,99.04762,CV-A16,100.0,CV-A16,100.0,B1b,96.0
KM047998,2475,840,3315,NC_001612,False,Picornaviridae Enterovirus A,99.04762,CV-A16,100.0,CV-A16,100.0,B1b,99.0
KM047999,2475,840,3315,NC_001612,False,Picornaviridae Enterovirus A,99.04762,CV-A16,100.0,CV-A16,100.0,B1b,97.0
KM048000,2475,840,3315,NC_001612,False,Picornaviridae Enterovirus A,98.452385,CV-A16,100.0,CV-A16,100.0,B1b,99.0
KM048001,2475,840,3315,NC_001612,False,Picornaviridae Enterovirus A,98.690475,CV-A16,100.0,CV-A16,100.0,B1b,98.0
KM048002,2475,840,3315,NC_001612,False,Picornaviridae Enterovirus A,98.92857,CV-A16,100.0,CV-A16,100.0,B1b,97.0
KM048003,2475,840,3315,NC_001612,False,Picornaviridae Enterovirus A,98.690475,CV-A16,100.0,CV-A16,100.0,B1b,97.0
KM048004,2475,840,3315,NC_001612,False,Picornaviridae Enterovirus A,98.92857,CV-A16,100.0,CV-A16,100.0,B1b,98.0
KM048005,2475,840,3315,NC_001612,False,Picornaviridae Enterovirus A,98.333336,CV-A16,100.0,CV-A16,100.0,B1b,96.0
KM048006,2475,840,3315,NC_001612,False,Picornaviridae Enterovirus A,98.690475,CV-A16,100.0,CV-A16,100.0,B1b,96.0
KM048007,2475,840,3315,NC_001612,False,Picornaviridae Enterovirus A,98.809525,CV-A16,100.0,CV-A16,100.0,B1b,99.0
KM048008,2475,840,3315,NC_001612,False,Picornaviridae Enterovirus A,98.333336,CV-A16,100.0,CV-A16,100.0,B1b,97.0
KM048009,2475,840,3315,NC_001612,False,Picornaviridae Enterovirus A,99.04762,CV-A16,100.0,CV-A16,100.0,B1b,100.0
KM048010,2475,840,3315,NC_001612,False,Picornaviridae Enterovirus A,98.92857,CV-A16,100.0,CV-A16,100.0,B1b,98.0
KM048011,2475,840,3315,NC_001612,False,Picornaviridae Enterovirus A,98.690475,CV-A16,100.0,CV-A16,100.0,B1b,100.0
KM048012,2475,840,3315,NC_001612,False,Picornaviridae Enterovirus A,99.04762,CV-A16,100.0,CV-A16,100.0,B1b,98.0
KM048013,2475,840,3315,NC_001612,False,Picornaviridae Enterovirus A,99.28571,CV-A16,100.0,CV-A16,100.0,B1b,96.0
KM048014,2475,840,3315,NC_001612,False,Picornaviridae Enterovirus A,98.331345,CV-A16,100.0,CV-A16,100.0,B1b,95.0
KM048015,2475,840,3315,NC_001612,False,Picornaviridae Enterovirus A,97.61904,CV-A16,100.0,CV-A16,100.0,B1b,95.0
KM048016,2475,840,3315,NC_001612,False,Picornaviridae Enterovirus A,98.57143,CV-A16,100.0,CV-A16,100.0,B1b,93.0
KM048017,2475,840,3315,NC_001612,False,Picornaviridae Enterovirus A,99.04762,CV-A16,100.0,CV-A16,100.0,B1b,97.0
KM048018,2475,840,3315,NC_001612,False,Picornaviridae Enterovirus A,98.690475,CV-A16,100.0,CV-A16,100.0,B1b,99.0
KM048019,2475,840,3315,NC_001612,False,Picornaviridae Enterovirus A,98.92857,CV-A16,100.0,CV-A16,100.0,B1b,97.0
KM048020,2475,840,3315,NC_001612,False,Picornaviridae Enterovirus A,98.809525,CV-A16,100.0,CV-A16,100.0,B1b,99.0
KM048022,2475,840,3315,NC_001612,False,Picornaviridae Enterovirus A,96.666664,CV-A16,100.0,CV-A16,100.0,B1b,97.0
KM048023,2475,840,3315,NC_001612,False,Picornaviridae Enterovirus A,98.21429,CV-A16,100.0,CV-A16,100.0,B1b,97.0
KM048024,2475,840,3315,NC_001612,False,Picornaviridae Enterovirus A,98.92857,CV-A16,100.0,CV-A16,100.0,B1b,98.0
KM048025,2475,840,3315,NC_001612,False,Picornaviridae Enterovirus A,97.73809,CV-A16,100.0,CV-A16,100.0,B1b,100.0
KM048026,2475,840,3315,NC_001612,False,Picornaviridae Enterovirus A,98.452385,CV-A16,100.0,CV-A16,100.0,B1b,97.0
KM048027,2475,840,3315,NC_001612,False,Picornaviridae Enterovirus A,98.92857,CV-A16,100.0,CV-A16,100.0,B1b,97.0
KM048028,2475,840,3315,NC_001612,False,Picornaviridae Enterovirus A,98.57143,CV-A16,100.0,CV-A16,100.0,B1b,99.0
KM048029,2475,840,3315,NC_001612,False,Picornaviridae Enterovirus A,99.166664,CV-A16,100.0,CV-A16,100.0,B1b,100.0
KM048030,2475,840,3315,NC_001612,False,Picornaviridae Enterovirus A,98.57143,CV-A16,100.0,CV-A16,100.0,B1b,96.0
KM048031,2475,840,3315,NC_001612,False,Picornaviridae Enterovirus A,99.5238,CV-A16,100.0,CV-A16,100.0,B1b,97.0
KM048033,2475,840,3315,NC_001612,False,Picornaviridae Enterovirus A,97.2619,CV-A16,100.0,CV-A16,100.0,B1b,98.0
KM048034,2475,840,3315,NC_001612,False,Picornaviridae Enterovirus A,97.61904,CV-A16,100.0,CV-A16,100.0,B1b,98.0
KM048035,2475,840,3315,NC_001612,False,Picornaviridae Enterovirus A,98.57143,CV-A16,100.0,CV-A16,100.0,B1b,98.0
KM048036,2475,840,3315,NC_001612,False,Picornaviridae Enterovirus A,96.90476,CV-A16,100.0,CV-A16,100.0,B1b,95.0
KM048037,2475,840,3315,NC_001612,False,Picornaviridae Enterovirus A,96.78571,CV-A16,100.0,CV-A16,100.0,B1b,90.0
KM048038,2475,840,3315,NC_001612,False,Picornaviridae Enterovirus A,98.333336,CV-A16,100.0,CV-A16,100.0,B1b,100.0
KM048039,2475,840,3315,NC_001612,False,Picornaviridae Enterovirus A,97.61904,CV-A16,100.0,CV-A16,100.0,B1b,96.0
KM048040,2475,840,3315,NC_001612,False,Picornaviridae Enterovirus A,97.85714,CV-A16,100.0,CV-A16,100.0,B1b,99.0
KM048041,2475,840,3315,NC_001612,False,Picornaviridae Enterovirus A,98.809525,CV-A16,100.0,CV-A16,100.0,B1b,98.0
KM048042,2475,840,3315,NC_001612,False,Picornaviridae Enterovirus A,97.97619,CV-A16,100.0,CV-A16,100.0,B1b,96.0
KM048043,2475,840,3315,NC_001612,False,Picornaviridae Enterovirus A,98.09524,CV-A16,100.0,CV-A16,100.0,B1b,98.0
KM055004,458,6971,7432,NC_001612,False,Picornaviridae Enterovirus A,96.05869,CV-A16,100.0,CV-A16,100.0,B1a,81.0
KM215267,-1,7410,7413,NC_001612,False,Picornaviridae Enterovirus A,98.05589,CV-A16,100.0,CV-A16,100.0,B1b,98.0
KM235743,2445,891,3336,NC_001612,False,Picornaviridae Enterovirus A,98.54097,CV-A16,100.0,CV-A16,100.0,B1a,89.0
KM235744,2445,891,3336,NC_001612,False,Picornaviridae Enterovirus A,98.20427,CV-A16,100.0,CV-A16,100.0,B1a,81.0
KM235745,2445,891,3336,NC_001612,False,Picornaviridae Enterovirus A,98.20427,CV-A16,100.0,CV-A16,100.0,B1a,81.0
KM235746,2445,891,3336,NC_001612,False,Picornaviridae Enterovirus A,97.86757,CV-A16,100.0,CV-A16,100.0,B1a,83.0
KM235747,2445,891,3336,NC_001612,False,Picornaviridae Enterovirus A,97.9798,CV-A16,100.0,CV-A16,100.0,B1a,84.0
KM235748,2445,891,3336,NC_001612,False,Picornaviridae Enterovirus A,97.86757,CV-A16,100.0,CV-A16,100.0,B1a,91.0
KM235749,2445,891,3336,NC_001612,False,Picornaviridae Enterovirus A,97.9798,CV-A16,100.0,CV-A16,100.0,B1a,81.0
KM235750,2445,891,3336,NC_001612,False,Picornaviridae Enterovirus A,97.6431,CV-A16,100.0,CV-A16,100.0,B1a,83.0
KM235751,2445,891,3336,NC_001612,False,Picornaviridae Enterovirus A,99.438835,CV-A16,100.0,CV-A16,100.0,B1b,98.0
KM235752,2445,891,3336,NC_001612,False,Picornaviridae Enterovirus A,98.6532,CV-A16,100.0,CV-A16,100.0,B1a,86.0
KM235753,2445,891,3336,NC_001612,False,Picornaviridae Enterovirus A,97.53087,CV-A16,100.0,CV-A16,100.0,B1b,98.0
KM235754,2445,891,3336,NC_001612,False,Picornaviridae Enterovirus A,98.428734,CV-A16,100.0,CV-A16,100.0,B1a,84.0
KM235755,2445,891,3336,NC_001612,False,Picornaviridae Enterovirus A,98.54097,CV-A16,100.0,CV-A16,100.0,B1a,85.0
KM235756,2445,891,3336,NC_001612,False,Picornaviridae Enterovirus A,98.20427,CV-A16,100.0,CV-A16,100.0,B1a,81.0
KM235757,2445,891,3336,NC_001612,False,Picornaviridae Enterovirus A,98.6532,CV-A16,100.0,CV-A16,100.0,B1a,86.0
KM235759,2445,891,3336,NC_001612,False,Picornaviridae Enterovirus A,97.75533,CV-A16,100.0,CV-A16,100.0,B1b,100.0
KM235760,2445,891,3336,NC_001612,False,Picornaviridae Enterovirus A,98.54097,CV-A16,100.0,CV-A16,100.0,B1a,92.0
KM235761,2445,891,3336,NC_001612,False,Picornaviridae Enterovirus A,97.9798,CV-A16,100.0,CV-A16,100.0,B1a,86.0
KM235762,2445,891,3336,NC_001612,False,Picornaviridae Enterovirus A,97.75533,CV-A16,100.0,CV-A16,100.0,B1a,81.0
KM235763,2445,891,3336,NC_001612,False,Picornaviridae Enterovirus A,96.969696,CV-A16,100.0,CV-A16,100.0,B1b,97.0
KM235765,2445,891,3336,NC_001612,False,Picornaviridae Enterovirus A,97.75533,CV-A16,100.0,CV-A16,100.0,B1b,100.0
KM235766,2445,891,3336,NC_001612,False,Picornaviridae Enterovirus A,98.6532,CV-A16,100.0,CV-A16,100.0,B1a,85.0
KM235767,2445,891,3336,NC_001612,False,Picornaviridae Enterovirus A,99.6633,CV-A16,100.0,CV-A16,100.0,B1a,83.0
KM235769,2445,891,3336,NC_001612,False,Picornaviridae Enterovirus A,98.09203,CV-A16,100.0,CV-A16,100.0,B1a,82.0
KM235770,2445,891,3336,NC_001612,False,Picornaviridae Enterovirus A,98.3165,CV-A16,100.0,CV-A16,100.0,B1b,99.0
KM235771,2445,891,3336,NC_001612,False,Picornaviridae Enterovirus A,98.3165,CV-A16,100.0,CV-A16,100.0,B1a,81.0
KM235772,2445,891,3336,NC_001612,False,Picornaviridae Enterovirus A,98.20427,CV-A16,100.0,CV-A16,100.0,B1a,84.0
KM235773,2445,891,3336,NC_001612,False,Picornaviridae Enterovirus A,97.86757,CV-A16,100.0,CV-A16,100.0,B1a,87.0
KM235774,2445,891,3336,NC_001612,False,Picornaviridae Enterovirus A,98.428734,CV-A16,100.0,CV-A16,100.0,B1a,82.0
KM235776,2445,891,3336,NC_001612,False,Picornaviridae Enterovirus A,97.9798,CV-A16,100.0,CV-A16,100.0,B1a,89.0
KM235778,2445,891,3336,NC_001612,False,Picornaviridae Enterovirus A,98.428734,CV-A16,100.0,CV-A16,100.0,B1b,99.0
KM235779,2445,891,3336,NC_001612,False,Picornaviridae Enterovirus A,97.53087,CV-A16,100.0,CV-A16,100.0,B1b,99.0
KM235780,2445,891,3336,NC_001612,False,Picornaviridae Enterovirus A,97.53087,CV-A16,100.0,CV-A16,100.0,B1b,98.0
KM235781,2445,891,3336,NC_001612,False,Picornaviridae Enterovirus A,98.3165,CV-A16,100.0,CV-A16,100.0,B1a,88.0
KM235782,2445,891,3336,NC_001612,False,Picornaviridae Enterovirus A,98.09203,CV-A16,100.0,CV-A16,100.0,B1b,99.0
KM235783,2445,891,3336,NC_001612,False,Picornaviridae Enterovirus A,97.3064,CV-A16,100.0,CV-A16,100.0,B1a,80.0
KM235784,2445,891,3336,NC_001612,False,Picornaviridae Enterovirus A,97.75533,CV-A16,100.0,CV-A16,100.0,B1a,85.0
KM235785,2445,891,3336,NC_001612,False,Picornaviridae Enterovirus A,98.87767,CV-A16,100.0,CV-A16,100.0,B1b,99.0
KM235786,2445,891,3336,NC_001612,False,Picornaviridae Enterovirus A,98.3165,CV-A16,100.0,CV-A16,100.0,B1a,85.0
KM235787,2445,891,3336,NC_001612,False,Picornaviridae Enterovirus A,96.18407,CV-A16,100.0,CV-A16,100.0,B1b,99.0
KM235788,2445,891,3336,NC_001612,False,Picornaviridae Enterovirus A,98.54097,CV-A16,100.0,CV-A16,100.0,B1b,96.0
KM235789,2445,891,3336,NC_001612,False,Picornaviridae Enterovirus A,98.9899,CV-A16,100.0,CV-A16,100.0,B1b,100.0
KM235790,2445,891,3336,NC_001612,False,Picornaviridae Enterovirus A,98.20427,CV-A16,100.0,CV-A16,100.0,B1a,91.0
KM235791,2445,891,3336,NC_001612,False,Picornaviridae Enterovirus A,97.3064,CV-A16,100.0,CV-A16,100.0,B1a,80.0
KM235792,2445,891,3336,NC_001612,False,Picornaviridae Enterovirus A,97.86757,CV-A16,100.0,CV-A16,100.0,B1a,88.0
KM235793,2445,891,3336,NC_001612,False,Picornaviridae Enterovirus A,97.41863,CV-A16,100.0,CV-A16,100.0,B1a,82.0
KM235794,2445,891,3336,NC_001612,False,Picornaviridae Enterovirus A,97.86757,CV-A16,100.0,CV-A16,100.0,B1a,82.0
KM235795,2445,891,3336,NC_001612,False,Picornaviridae Enterovirus A,97.3064,CV-A16,100.0,CV-A16,100.0,B1a,81.0
KM235796,2445,891,3336,NC_001612,False,Picornaviridae Enterovirus A,97.75533,CV-A16,100.0,CV-A16,100.0,B1a,94.0
KM235797,2445,891,3336,NC_001612,False,Picornaviridae Enterovirus A,97.75533,CV-A16,100.0,CV-A16,100.0,B1a,83.0
KM235798,2445,891,3336,NC_001612,False,Picornaviridae Enterovirus A,97.9798,CV-A16,100.0,CV-A16,100.0,B1a,86.0
KM235799,2445,891,3336,NC_001612,False,Picornaviridae Enterovirus A,96.296295,CV-A16,100.0,CV-A16,100.0,B1b,97.0
KM235801,2445,891,3336,NC_001612,False,Picornaviridae Enterovirus A,98.428734,CV-A16,100.0,CV-A16,100.0,B1a,93.0
KM235802,2445,891,3336,NC_001612,False,Picornaviridae Enterovirus A,98.428734,CV-A16,100.0,CV-A16,100.0,B1a,87.0
KM235803,2445,891,3336,NC_001612,False,Picornaviridae Enterovirus A,98.428734,CV-A16,100.0,CV-A16,100.0,B1a,89.0
KM235805,2445,891,3336,NC_001612,False,Picornaviridae Enterovirus A,98.20427,CV-A16,100.0,CV-A16,100.0,B1a,93.0
KM235806,2445,891,3336,NC_001612,False,Picornaviridae Enterovirus A,97.75533,CV-A16,100.0,CV-A16,100.0,B1a,86.0
KM235807,2445,891,3336,NC_001612,False,Picornaviridae Enterovirus A,98.428734,CV-A16,100.0,CV-A16,100.0,B1a,86.0
KM235808,2445,891,3336,NC_001612,False,Picornaviridae Enterovirus A,98.54097,CV-A16,100.0,CV-A16,100.0,B1a,84.0
KM235809,2445,891,3336,NC_001612,False,Picornaviridae Enterovirus A,96.969696,CV-A16,100.0,CV-A16,100.0,B1a,86.0
KM235810,2445,891,3336,NC_001612,False,Picornaviridae Enterovirus A,96.969696,CV-A16,100.0,CV-A16,100.0,B1a,85.0
KM235811,2445,891,3336,NC_001612,False,Picornaviridae Enterovirus A,98.9899,CV-A16,100.0,CV-A16,100.0,B1b,100.0
KM235812,2445,891,3336,NC_001612,False,Picornaviridae Enterovirus A,96.85747,CV-A16,100.0,CV-A16,100.0,B1b,98.0
KM235813,2445,891,3336,NC_001612,False,Picornaviridae Enterovirus A,98.54097,CV-A16,100.0,CV-A16,100.0,B1b,99.0
KM235814,2445,891,3336,NC_001612,False,Picornaviridae Enterovirus A,96.85747,CV-A16,100.0,CV-A16,100.0,B1b,95.0
KM235815,2445,891,3336,NC_001612,False,Picornaviridae Enterovirus A,98.20427,CV-A16,100.0,CV-A16,100.0,B1a,84.0
KM235816,2445,891,3336,NC_001612,False,Picornaviridae Enterovirus A,97.6431,CV-A16,100.0,CV-A16,100.0,B1a,84.0
KM235817,2445,891,3336,NC_001612,False,Picornaviridae Enterovirus A,98.20427,CV-A16,100.0,CV-A16,100.0,B1a,84.0
KM235819,2445,891,3336,NC_001612,False,Picornaviridae Enterovirus A,98.6532,CV-A16,100.0,CV-A16,100.0,B1b,97.0
KM235821,2445,891,3336,NC_001612,False,Picornaviridae Enterovirus A,97.41863,CV-A16,100.0,CV-A16,100.0,B1a,86.0
KM235822,2445,891,3336,NC_001612,False,Picornaviridae Enterovirus A,98.765434,CV-A16,100.0,CV-A16,100.0,B1b,98.0
KM235823,2445,891,3336,NC_001612,False,Picornaviridae Enterovirus A,96.969696,CV-A16,100.0,CV-A16,100.0,B1a,86.0
KM235824,2445,891,3336,NC_001612,False,Picornaviridae Enterovirus A,97.75533,CV-A16,100.0,CV-A16,100.0,B1a,85.0
KM235825,2445,891,3336,NC_001612,False,Picornaviridae Enterovirus A,99.21436,CV-A16,100.0,CV-A16,100.0,B1b,98.0
KM235826,2445,891,3336,NC_001612,False,Picornaviridae Enterovirus A,98.428734,CV-A16,100.0,CV-A16,100.0,B1a,85.0
KM235827,2445,891,3336,NC_001612,False,Picornaviridae Enterovirus A,98.3165,CV-A16,100.0,CV-A16,100.0,B1b,98.0
KM235829,2445,891,3336,NC_001612,False,Picornaviridae Enterovirus A,97.19417,CV-A16,100.0,CV-A16,100.0,B1b,98.0
KM235830,2445,891,3336,NC_001612,False,Picornaviridae Enterovirus A,97.41863,CV-A16,100.0,CV-A16,100.0,B1b,98.0
KM235832,2445,891,3336,NC_001612,False,Picornaviridae Enterovirus A,98.765434,CV-A16,100.0,CV-A16,100.0,B1b,99.0
KM235833,2445,891,3336,NC_001612,False,Picornaviridae Enterovirus A,97.9798,CV-A16,100.0,CV-A16,100.0,B1a,87.0
KM235834,2445,891,3336,NC_001612,False,Picornaviridae Enterovirus A,96.52077,CV-A16,100.0,CV-A16,100.0,B1a,84.0
KM235835,2445,891,3336,NC_001612,False,Picornaviridae Enterovirus A,97.75533,CV-A16,100.0,CV-A16,100.0,B1a,80.0
KM235837,2445,891,3336,NC_001612,False,Picornaviridae Enterovirus A,98.9899,CV-A16,100.0,CV-A16,100.0,B1b,98.0
KM235838,2445,891,3336,NC_001612,False,Picornaviridae Enterovirus A,98.765434,CV-A16,100.0,CV-A16,100.0,B1b,98.0
KM235839,2445,891,3336,NC_001612,False,Picornaviridae Enterovirus A,96.296295,CV-A16,100.0,CV-A16,100.0,B1b,99.0
KM235840,2445,891,3336,NC_001612,False,Picornaviridae Enterovirus A,98.428734,CV-A16,100.0,CV-A16,100.0,B1a,82.0
KM235841,2445,891,3336,NC_001612,False,Picornaviridae Enterovirus A,97.41863,CV-A16,100.0,CV-A16,100.0,B1a,80.0
KM235843,2445,891,3336,NC_001612,False,Picornaviridae Enterovirus A,97.75533,CV-A16,100.0,CV-A16,100.0,B1a,86.0
KM235844,2445,891,3336,NC_001612,False,Picornaviridae Enterovirus A,96.85747,CV-A16,100.0,CV-A16,100.0,B1b,95.0
KM235845,2445,891,3336,NC_001612,False,Picornaviridae Enterovirus A,98.765434,CV-A16,100.0,CV-A16,100.0,B1b,98.0
KM235846,2445,891,3336,NC_001612,False,Picornaviridae Enterovirus A,97.6431,CV-A16,100.0,CV-A16,100.0,B1a,84.0
KM235847,2445,891,3336,NC_001612,False,Picornaviridae Enterovirus A,98.20427,CV-A16,100.0,CV-A16,100.0,B1a,85.0
KM235848,2445,891,3336,NC_001612,False,Picornaviridae Enterovirus A,99.3266,CV-A16,100.0,CV-A16,100.0,B1b,99.0
KM235849,2445,891,3336,NC_001612,False,Picornaviridae Enterovirus A,98.9899,CV-A16,100.0,CV-A16,100.0,B1b,100.0
KM235850,2445,891,3336,NC_001612,False,Picornaviridae Enterovirus A,96.296295,CV-A16,100.0,CV-A16,100.0,B1a,87.0
KM235852,2445,891,3336,NC_001612,False,Picornaviridae Enterovirus A,99.21436,CV-A16,100.0,CV-A16,100.0,B1b,99.0
KM235853,2445,891,3336,NC_001612,False,Picornaviridae Enterovirus A,99.102135,CV-A16,100.0,CV-A16,100.0,B1b,98.0
KM235854,2445,891,3336,NC_001612,False,Picornaviridae Enterovirus A,96.85747,CV-A16,100.0,CV-A16,100.0,B1b,99.0
KM235855,2445,891,3336,NC_001612,False,Picornaviridae Enterovirus A,97.9798,CV-A16,100.0,CV-A16,100.0,B1a,82.0
KM235856,2445,891,3336,NC_001612,False,Picornaviridae Enterovirus A,97.08193,CV-A16,100.0,CV-A16,100.0,B1a,83.0
KM235857,2445,891,3336,NC_001612,False,Picornaviridae Enterovirus A,97.53087,CV-A16,100.0,CV-A16,100.0,B1a,83.0
KM235859,2445,891,3336,NC_001612,False,Picornaviridae Enterovirus A,97.41863,CV-A16,100.0,CV-A16,100.0,B1a,84.0
KM235860,2445,891,3336,NC_001612,False,Picornaviridae Enterovirus A,99.102135,CV-A16,100.0,CV-A16,100.0,B1b,98.0
KM235861,2445,891,3336,NC_001612,False,Picornaviridae Enterovirus A,99.21436,CV-A16,100.0,CV-A16,100.0,B1b,98.0
KM235862,2445,891,3336,NC_001612,False,Picornaviridae Enterovirus A,97.08193,CV-A16,100.0,CV-A16,100.0,B1a,86.0
KM235863,2445,891,3336,NC_001612,False,Picornaviridae Enterovirus A,98.9899,CV-A16,100.0,CV-A16,100.0,B1a,85.0
KM235865,2445,891,3336,NC_001612,False,Picornaviridae Enterovirus A,97.53087,CV-A16,100.0,CV-A16,100.0,B1a,87.0
KM235866,2445,891,3336,NC_001612,False,Picornaviridae Enterovirus A,96.52077,CV-A16,100.0,CV-A16,100.0,B1b,97.0
KM235867,2445,891,3336,NC_001612,False,Picornaviridae Enterovirus A,96.969696,CV-A16,100.0,CV-A16,100.0,B1b,98.0
KM235868,2445,891,3336,NC_001612,False,Picornaviridae Enterovirus A,98.09203,CV-A16,100.0,CV-A16,100.0,B1b,100.0
KM235869,2445,891,3336,NC_001612,False,Picornaviridae Enterovirus A,99.438835,CV-A16,100.0,CV-A16,100.0,B1b,98.0
KM235870,2445,891,3336,NC_001612,False,Picornaviridae Enterovirus A,96.632996,CV-A16,100.0,CV-A16,100.0,B1b,98.0
KM235871,2445,891,3336,NC_001612,False,Picornaviridae Enterovirus A,97.86757,CV-A16,100.0,CV-A16,100.0,B1a,88.0
KM235872,2445,891,3336,NC_001612,False,Picornaviridae Enterovirus A,97.53087,CV-A16,100.0,CV-A16,100.0,B1a,81.0
KM235873,2445,891,3336,NC_001612,False,Picornaviridae Enterovirus A,97.6431,CV-A16,100.0,CV-A16,100.0,B1a,80.0
KM235874,2445,891,3336,NC_001612,False,Picornaviridae Enterovirus A,98.765434,CV-A16,100.0,CV-A16,100.0,B1a,82.0
KM235876,2445,891,3336,NC_001612,False,Picornaviridae Enterovirus A,96.296295,CV-A16,100.0,CV-A16,100.0,B1a,81.0
KM235877,2445,891,3336,NC_001612,False,Picornaviridae Enterovirus A,98.6532,CV-A16,100.0,CV-A16,100.0,B1b,98.0
KM235878,2445,891,3336,NC_001612,False,Picornaviridae Enterovirus A,98.09203,CV-A16,100.0,CV-A16,100.0,B1a,82.0
KM235879,2445,891,3336,NC_001612,False,Picornaviridae Enterovirus A,98.428734,CV-A16,100.0,CV-A16,100.0,B1b,99.0
KM235881,2445,891,3336,NC_001612,False,Picornaviridae Enterovirus A,96.40853,CV-A16,100.0,CV-A16,100.0,B1b,98.0
KM235882,2445,891,3336,NC_001612,False,Picornaviridae Enterovirus A,98.87767,CV-A16,100.0,CV-A16,100.0,B1a,84.0
KM235883,2445,891,3336,NC_001612,False,Picornaviridae Enterovirus A,96.296295,CV-A16,100.0,CV-A16,100.0,B1a,87.0
KM235884,2445,891,3336,NC_001612,False,Picornaviridae Enterovirus A,98.6532,CV-A16,100.0,CV-A16,100.0,B1b,99.0
KM235885,2445,891,3336,NC_001612,False,Picornaviridae Enterovirus A,97.86757,CV-A16,100.0,CV-A16,100.0,B1b,97.0
KM235886,2445,891,3336,NC_001612,False,Picornaviridae Enterovirus A,98.765434,CV-A16,100.0,CV-A16,100.0,B1b,99.0
KM235887,2445,891,3336,NC_001612,False,Picornaviridae Enterovirus A,98.09203,CV-A16,100.0,CV-A16,100.0,B1b,99.0
KM235888,2445,891,3336,NC_001612,False,Picornaviridae Enterovirus A,96.52077,CV-A16,100.0,CV-A16,100.0,B1b,93.0
KM235889,2445,891,3336,NC_001612,False,Picornaviridae Enterovirus A,97.9798,CV-A16,100.0,CV-A16,100.0,B1a,82.0
KM235890,2445,891,3336,NC_001612,False,Picornaviridae Enterovirus A,98.3165,CV-A16,100.0,CV-A16,100.0,B1a,80.0
KM235891,2445,891,3336,NC_001612,False,Picornaviridae Enterovirus A,96.40853,CV-A16,100.0,CV-A16,100.0,B1a,86.0
KM235893,2445,891,3336,NC_001612,False,Picornaviridae Enterovirus A,95.84736,CV-A16,100.0,CV-A16,100.0,B1a,80.0
KM235894,2445,891,3336,NC_001612,False,Picornaviridae Enterovirus A,98.6532,CV-A16,100.0,CV-A16,100.0,B1b,100.0
KM235895,2445,891,3336,NC_001612,False,Picornaviridae Enterovirus A,99.102135,CV-A16,100.0,CV-A16,100.0,B1b,100.0
KM235896,2445,891,3336,NC_001612,False,Picornaviridae Enterovirus A,98.3165,CV-A16,100.0,CV-A16,100.0,B1b,96.0
KM235897,2445,891,3336,NC_001612,False,Picornaviridae Enterovirus A,98.428734,CV-A16,100.0,CV-A16,100.0,B1b,99.0
KM235898,2445,891,3336,NC_001612,False,Picornaviridae Enterovirus A,98.6532,CV-A16,100.0,CV-A16,100.0,B1b,97.0
KM235899,2445,891,3336,NC_001612,False,Picornaviridae Enterovirus A,98.428734,CV-A16,100.0,CV-A16,100.0,B1b,97.0
KM235900,2445,891,3336,NC_001612,False,Picornaviridae Enterovirus A,98.3165,CV-A16,100.0,CV-A16,100.0,B1a,85.0
KM235901,2445,891,3336,NC_001612,False,Picornaviridae Enterovirus A,98.54097,CV-A16,100.0,CV-A16,100.0,B1b,100.0
KM235902,2445,891,3336,NC_001612,False,Picornaviridae Enterovirus A,98.3165,CV-A16,100.0,CV-A16,100.0,B1b,100.0
KM235903,2445,891,3336,NC_001612,False,Picornaviridae Enterovirus A,98.3165,CV-A16,100.0,CV-A16,100.0,B1b,99.0
KM235904,2445,891,3336,NC_001612,False,Picornaviridae Enterovirus A,98.3165,CV-A16,100.0,CV-A16,100.0,B1a,81.0
KM235905,2445,891,3336,NC_001612,False,Picornaviridae Enterovirus A,97.3064,CV-A16,100.0,CV-A16,100.0,B1a,86.0
KM235906,2445,891,3336,NC_001612,False,Picornaviridae Enterovirus A,98.87767,CV-A16,100.0,CV-A16,100.0,B1b,100.0
KM235907,2445,891,3336,NC_001612,False,Picornaviridae Enterovirus A,98.9899,CV-A16,100.0,CV-A16,100.0,B1b,98.0
KM235908,2445,891,3336,NC_001612,False,Picornaviridae Enterovirus A,98.20427,CV-A16,100.0,CV-A16,100.0,B1b,99.0
KM235909,2445,891,3336,NC_001612,False,Picornaviridae Enterovirus A,98.3165,CV-A16,100.0,CV-A16,100.0,B1b,99.0
KM235910,2445,891,3336,NC_001612,False,Picornaviridae Enterovirus A,98.09203,CV-A16,100.0,CV-A16,100.0,B1b,100.0
KM235911,2445,891,3336,NC_001612,False,Picornaviridae Enterovirus A,97.6431,CV-A16,100.0,CV-A16,100.0,B1b,100.0
KM235912,2445,891,3336,NC_001612,False,Picornaviridae Enterovirus A,98.6532,CV-A16,100.0,CV-A16,100.0,B1b,99.0
KM235913,2445,891,3336,NC_001612,False,Picornaviridae Enterovirus A,99.102135,CV-A16,100.0,CV-A16,100.0,B1b,99.0
KM235914,2445,891,3336,NC_001612,False,Picornaviridae Enterovirus A,98.9899,CV-A16,100.0,CV-A16,100.0,B1b,99.0
KM235915,2445,891,3336,NC_001612,False,Picornaviridae Enterovirus A,98.3165,CV-A16,100.0,CV-A16,100.0,B1b,100.0
KM235916,2445,891,3336,NC_001612,False,Picornaviridae Enterovirus A,92.92929,CV-A16,100.0,CV-A16,100.0,B1c,98.0
KM235917,2445,891,3336,NC_001612,False,Picornaviridae Enterovirus A,97.9798,CV-A16,100.0,CV-A16,100.0,B1b,99.0
KM235918,2445,891,3336,NC_001612,False,Picornaviridae Enterovirus A,98.6532,CV-A16,100.0,CV-A16,100.0,B1b,97.0
KM235919,2445,891,3336,NC_001612,False,Picornaviridae Enterovirus A,98.09203,CV-A16,100.0,CV-A16,100.0,B1b,100.0
KM235920,2445,891,3336,NC_001612,False,Picornaviridae Enterovirus A,98.765434,CV-A16,100.0,CV-A16,100.0,B1b,95.0
KM235921,2445,891,3336,NC_001612,False,Picornaviridae Enterovirus A,97.41863,CV-A16,100.0,CV-A16,100.0,B1a,81.0
KM235922,2445,891,3336,NC_001612,False,Picornaviridae Enterovirus A,98.09203,CV-A16,100.0,CV-A16,100.0,B1b,99.0
KM235923,2445,891,3336,NC_001612,False,Picornaviridae Enterovirus A,98.09203,CV-A16,100.0,CV-A16,100.0,B1b,98.0
KM235924,2445,891,3336,NC_001612,False,Picornaviridae Enterovirus A,97.3064,CV-A16,100.0,CV-A16,100.0,B1b,98.0
KM235925,2445,891,3336,NC_001612,False,Picornaviridae Enterovirus A,97.6431,CV-A16,100.0,CV-A16,100.0,B1b,98.0
KM235926,2445,891,3336,NC_001612,False,Picornaviridae Enterovirus A,97.6431,CV-A16,100.0,CV-A16,100.0,B1b,94.0
KM235927,2445,891,3336,NC_001612,False,Picornaviridae Enterovirus A,97.9798,CV-A16,100.0,CV-A16,100.0,B1b,99.0
KM235928,2445,891,3336,NC_001612,False,Picornaviridae Enterovirus A,98.09203,CV-A16,100.0,CV-A16,100.0,B1b,97.0
KM235929,2445,891,3336,NC_001612,False,Picornaviridae Enterovirus A,98.3165,CV-A16,100.0,CV-A16,100.0,B1b,100.0
KM235930,2445,891,3336,NC_001612,False,Picornaviridae Enterovirus A,98.09203,CV-A16,100.0,CV-A16,100.0,B1b,99.0
KM235931,2445,891,3336,NC_001612,False,Picornaviridae Enterovirus A,98.54097,CV-A16,100.0,CV-A16,100.0,B1b,99.0
KM235932,2445,891,3336,NC_001612,False,Picornaviridae Enterovirus A,98.765434,CV-A16,100.0,CV-A16,100.0,B1b,99.0
KM235933,2445,891,3336,NC_001612,False,Picornaviridae Enterovirus A,98.765434,CV-A16,100.0,CV-A16,100.0,B1b,99.0
KM235934,2445,891,3336,NC_001612,False,Picornaviridae Enterovirus A,97.6431,CV-A16,100.0,CV-A16,100.0,B1b,100.0
KM235935,2445,891,3336,NC_001612,False,Picornaviridae Enterovirus A,97.6431,CV-A16,100.0,CV-A16,100.0,B1b,95.0
KM235936,2445,891,3336,NC_001612,False,Picornaviridae Enterovirus A,97.41863,CV-A16,100.0,CV-A16,100.0,B1b,98.0
KM235937,2445,891,3336,NC_001612,False,Picornaviridae Enterovirus A,95.286194,CV-A16,100.0,CV-A16,100.0,B1a,87.0
KM235938,2445,891,3336,NC_001612,False,Picornaviridae Enterovirus A,97.41863,CV-A16,100.0,CV-A16,100.0,B1b,96.0
KM235939,2445,891,3336,NC_001612,False,Picornaviridae Enterovirus A,98.6532,CV-A16,100.0,CV-A16,100.0,B1b,99.0
KM235940,2445,891,3336,NC_001612,False,Picornaviridae Enterovirus A,98.765434,CV-A16,100.0,CV-A16,100.0,B1b,96.0
KM235941,2445,891,3336,NC_001612,False,Picornaviridae Enterovirus A,98.765434,CV-A16,100.0,CV-A16,100.0,B1b,99.0
KM235942,2445,891,3336,NC_001612,False,Picornaviridae Enterovirus A,98.765434,CV-A16,100.0,CV-A16,100.0,B1b,95.0
KM235943,2445,891,3336,NC_001612,False,Picornaviridae Enterovirus A,95.286194,CV-A16,100.0,CV-A16,100.0,B1b,87.0
KM235945,2445,891,3336,NC_001612,False,Picornaviridae Enterovirus A,98.3165,CV-A16,100.0,CV-A16,100.0,B1b,100.0
KM235946,2445,891,3336,NC_001612,False,Picornaviridae Enterovirus A,97.75533,CV-A16,100.0,CV-A16,100.0,B1b,98.0
KM235947,2445,891,3336,NC_001612,False,Picornaviridae Enterovirus A,98.3165,CV-A16,100.0,CV-A16,100.0,B1b,99.0
KM235948,2445,891,3336,NC_001612,False,Picornaviridae Enterovirus A,97.75533,CV-A16,100.0,CV-A16,100.0,B1b,97.0
KM235949,2445,891,3336,NC_001612,False,Picornaviridae Enterovirus A,97.86757,CV-A16,100.0,CV-A16,100.0,B1b,98.0
KM235950,2445,891,3336,NC_001612,False,Picornaviridae Enterovirus A,97.19417,CV-A16,100.0,CV-A16,100.0,B1a,81.0
KM235952,2445,891,3336,NC_001612,False,Picornaviridae Enterovirus A,97.41863,CV-A16,100.0,CV-A16,100.0,B1b,96.0
KM260056,2445,891,3336,NC_001612,False,Picornaviridae Enterovirus A,98.54097,CV-A16,100.0,CV-A16,100.0,B1b,99.0
KM260057,2445,891,3336,NC_001612,False,Picornaviridae Enterovirus A,98.20427,CV-A16,100.0,CV-A16,100.0,B1b,100.0
KM260058,2445,891,3336,NC_001612,False,Picornaviridae Enterovirus A,98.9899,CV-A16,100.0,CV-A16,100.0,B1b,96.0
KM260059,2445,891,3336,NC_001612,False,Picornaviridae Enterovirus A,95.3917,CV-A16,100.0,CV-A16,100.0,B1a,87.0
KM260060,2445,891,3336,NC_001612,False,Picornaviridae Enterovirus A,96.40853,CV-A16,100.0,CV-A16,100.0,B1b,97.0
KM260061,2445,891,3336,NC_001612,False,Picornaviridae Enterovirus A,95.39842,CV-A16,100.0,CV-A16,100.0,B1a,82.0
KM260062,2445,891,3336,NC_001612,False,Picornaviridae Enterovirus A,95.62212,CV-A16,100.0,CV-A16,100.0,B1a,85.0
KM260063,2445,891,3336,NC_001612,False,Picornaviridae Enterovirus A,98.428734,CV-A16,100.0,CV-A16,100.0,B1b,100.0
KM260064,2445,891,3336,NC_001612,False,Picornaviridae Enterovirus A,99.3266,CV-A16,100.0,CV-A16,100.0,B1b,100.0
KM260065,2445,891,3336,NC_001612,False,Picornaviridae Enterovirus A,98.6532,CV-A16,100.0,CV-A16,100.0,B1b,95.0
KM260066,2445,891,3336,NC_001612,False,Picornaviridae Enterovirus A,97.3064,CV-A16,100.0,CV-A16,100.0,B1b,97.0
KM260067,2445,891,3336,NC_001612,False,Picornaviridae Enterovirus A,97.86757,CV-A16,100.0,CV-A16,100.0,B1b,98.0
KM260068,2445,891,3336,NC_001612,False,Picornaviridae Enterovirus A,98.54097,CV-A16,100.0,CV-A16,100.0,B1b,97.0
KM260069,2445,891,3336,NC_001612,False,Picornaviridae Enterovirus A,97.6985,CV-A16,100.0,CV-A16,100.0,B1b,97.0
KM260070,2445,891,3336,NC_001612,False,Picornaviridae Enterovirus A,97.7195,CV-A16,100.0,CV-A16,100.0,B1b,100.0
KM260071,2445,891,3336,NC_001612,False,Picornaviridae Enterovirus A,96.296295,CV-A16,100.0,CV-A16,100.0,B1b,99.0
KM260072,2445,891,3336,NC_001612,False,Picornaviridae Enterovirus A,99.102135,CV-A16,100.0,CV-A16,100.0,B1b,98.0
KM260073,2445,891,3336,NC_001612,False,Picornaviridae Enterovirus A,98.87767,CV-A16,100.0,CV-A16,100.0,B1b,98.0
KM260074,2445,891,3336,NC_001612,False,Picornaviridae Enterovirus A,98.6532,CV-A16,100.0,CV-A16,100.0,B1b,98.0
KM260075,2445,891,3336,NC_001612,False,Picornaviridae Enterovirus A,98.54097,CV-A16,100.0,CV-A16,100.0,B1b,99.0
KM260076,2445,891,3336,NC_001612,False,Picornaviridae Enterovirus A,98.428734,CV-A16,100.0,CV-A16,100.0,B1b,100.0
KM260077,2445,891,3336,NC_001612,False,Picornaviridae Enterovirus A,98.765434,CV-A16,100.0,CV-A16,100.0,B1b,99.0
KM260078,2445,891,3336,NC_001612,False,Picornaviridae Enterovirus A,98.9899,CV-A16,100.0,CV-A16,100.0,B1b,99.0
KM260079,2445,891,3336,NC_001612,False,Picornaviridae Enterovirus A,98.87767,CV-A16,100.0,CV-A16,100.0,B1b,99.0
KM260080,2445,891,3336,NC_001612,False,Picornaviridae Enterovirus A,98.6532,CV-A16,100.0,CV-A16,100.0,B1b,100.0
KM260081,2445,891,3336,NC_001612,False,Picornaviridae Enterovirus A,98.6532,CV-A16,100.0,CV-A16,100.0,B1b,100.0
KM260082,2445,891,3336,NC_001612,False,Picornaviridae Enterovirus A,98.54097,CV-A16,100.0,CV-A16,100.0,B1b,100.0
KM260083,2445,891,3336,NC_001612,False,Picornaviridae Enterovirus A,98.765434,CV-A16,100.0,CV-A16,100.0,B1b,96.0
KM260084,2445,891,3336,NC_001612,False,Picornaviridae Enterovirus A,98.6532,CV-A16,100.0,CV-A16,100.0,B1b,98.0
KM260085,2445,891,3336,NC_001612,False,Picornaviridae Enterovirus A,98.765434,CV-A16,100.0,CV-A16,100.0,B1b,99.0
KM260086,2445,891,3336,NC_001612,False,Picornaviridae Enterovirus A,98.428734,CV-A16,100.0,CV-A16,100.0,B1b,98.0
KM260087,2445,891,3336,NC_001612,False,Picornaviridae Enterovirus A,98.765434,CV-A16,100.0,CV-A16,100.0,B1b,100.0
KM260088,2445,891,3336,NC_001612,False,Picornaviridae Enterovirus A,98.87767,CV-A16,100.0,CV-A16,100.0,B1b,99.0
KM260089,2445,891,3336,NC_001612,False,Picornaviridae Enterovirus A,98.87767,CV-A16,100.0,CV-A16,100.0,B1b,100.0
KM260090,2445,891,3336,NC_001612,False,Picornaviridae Enterovirus A,98.87767,CV-A16,100.0,CV-A16,100.0,B1b,100.0
KM260091,2445,891,3336,NC_001612,False,Picornaviridae Enterovirus A,98.87767,CV-A16,100.0,CV-A16,100.0,B1b,98.0
KM260092,2445,891,3336,NC_001612,False,Picornaviridae Enterovirus A,98.765434,CV-A16,100.0,CV-A16,100.0,B1b,98.0
KM260093,2445,891,3336,NC_001612,False,Picornaviridae Enterovirus A,98.765434,CV-A16,100.0,CV-A16,100.0,B1b,99.0
KM260094,2445,891,3336,NC_001612,False,Picornaviridae Enterovirus A,98.9899,CV-A16,100.0,CV-A16,100.0,B1b,96.0
KM260095,2445,891,3336,NC_001612,False,Picornaviridae Enterovirus A,98.765434,CV-A16,100.0,CV-A16,100.0,B1b,97.0
KM260096,2445,891,3336,NC_001612,False,Picornaviridae Enterovirus A,98.87767,CV-A16,100.0,CV-A16,100.0,B1b,97.0
KM260097,2445,891,3336,NC_001612,False,Picornaviridae Enterovirus A,99.21436,CV-A16,100.0,CV-A16,100.0,B1b,98.0
KM260098,2445,891,3336,NC_001612,False,Picornaviridae Enterovirus A,98.20427,CV-A16,100.0,CV-A16,100.0,B1b,100.0
KM260099,2445,891,3336,NC_001612,False,Picornaviridae Enterovirus A,98.3165,CV-A16,100.0,CV-A16,100.0,B1b,97.0
KM260100,2445,891,3336,NC_001612,False,Picornaviridae Enterovirus A,98.20427,CV-A16,100.0,CV-A16,100.0,B1b,100.0
KM260101,2445,891,3336,NC_001612,False,Picornaviridae Enterovirus A,99.102135,CV-A16,100.0,CV-A16,100.0,B1b,100.0
KM260102,2445,891,3336,NC_001612,False,Picornaviridae Enterovirus A,98.6532,CV-A16,100.0,CV-A16,100.0,B1b,99.0
KM260103,2445,891,3336,NC_001612,False,Picornaviridae Enterovirus A,98.87767,CV-A16,100.0,CV-A16,100.0,B1b,99.0
KM260104,2445,891,3336,NC_001612,False,Picornaviridae Enterovirus A,99.438835,CV-A16,100.0,CV-A16,100.0,B1b,100.0
KM260105,2445,891,3336,NC_001612,False,Picornaviridae Enterovirus A,98.9899,CV-A16,100.0,CV-A16,100.0,B1b,99.0
KM260107,2445,891,3336,NC_001612,False,Picornaviridae Enterovirus A,99.21436,CV-A16,100.0,CV-A16,100.0,B1b,97.0
KM260108,2445,891,3336,NC_001612,False,Picornaviridae Enterovirus A,99.21436,CV-A16,100.0,CV-A16,100.0,B1b,97.0
KM260109,2445,891,3336,NC_001612,False,Picornaviridae Enterovirus A,99.21436,CV-A16,100.0,CV-A16,100.0,B1b,99.0
KM260110,2445,891,3336,NC_001612,False,Picornaviridae Enterovirus A,98.765434,CV-A16,100.0,CV-A16,100.0,B1b,100.0
KM260111,2445,891,3336,NC_001612,False,Picornaviridae Enterovirus A,98.765434,CV-A16,100.0,CV-A16,100.0,B1b,98.0
KM260112,2445,891,3336,NC_001612,False,Picornaviridae Enterovirus A,98.9899,CV-A16,100.0,CV-A16,100.0,B1b,99.0
KM260113,2445,891,3336,NC_001612,False,Picornaviridae Enterovirus A,98.765434,CV-A16,100.0,CV-A16,100.0,B1b,98.0
KM260114,2445,891,3336,NC_001612,False,Picornaviridae Enterovirus A,98.428734,CV-A16,100.0,CV-A16,100.0,B1b,99.0
KM260115,2445,891,3336,NC_001612,False,Picornaviridae Enterovirus A,99.438835,CV-A16,100.0,CV-A16,100.0,B1b,97.0
KM260116,2445,891,3336,NC_001612,False,Picornaviridae Enterovirus A,98.6532,CV-A16,100.0,CV-A16,100.0,B1b,100.0
KM260117,2445,891,3336,NC_001612,False,Picornaviridae Enterovirus A,98.54097,CV-A16,100.0,CV-A16,100.0,B1b,100.0
KM260118,2445,891,3336,NC_001612,False,Picornaviridae Enterovirus A,99.438835,CV-A16,100.0,CV-A16,100.0,B1b,98.0
KM260119,2445,891,3336,NC_001612,False,Picornaviridae Enterovirus A,97.53087,CV-A16,100.0,CV-A16,100.0,B1a,83.0
KM260120,2445,891,3336,NC_001612,False,Picornaviridae Enterovirus A,99.102135,CV-A16,100.0,CV-A16,100.0,B1b,99.0
KM260121,2445,891,3336,NC_001612,False,Picornaviridae Enterovirus A,98.54097,CV-A16,100.0,CV-A16,100.0,B1b,96.0
KM260122,2445,891,3336,NC_001612,False,Picornaviridae Enterovirus A,99.102135,CV-A16,100.0,CV-A16,100.0,B1b,98.0
KM260123,2445,891,3336,NC_001612,False,Picornaviridae Enterovirus A,99.102135,CV-A16,100.0,CV-A16,100.0,B1b,97.0
KM260124,2445,891,3336,NC_001612,False,Picornaviridae Enterovirus A,97.9798,CV-A16,100.0,CV-A16,100.0,B1b,92.0
KM260125,2445,891,3336,NC_001612,False,Picornaviridae Enterovirus A,97.86757,CV-A16,100.0,CV-A16,100.0,B1b,100.0
KM260126,2445,891,3336,NC_001612,False,Picornaviridae Enterovirus A,98.87767,CV-A16,100.0,CV-A16,100.0,B1b,100.0
KM260127,2445,891,3336,NC_001612,False,Picornaviridae Enterovirus A,97.75533,CV-A16,100.0,CV-A16,100.0,B1b,98.0
KM260128,2445,891,3336,NC_001612,False,Picornaviridae Enterovirus A,98.54097,CV-A16,100.0,CV-A16,100.0,B1b,98.0
KM260129,2445,891,3336,NC_001612,False,Picornaviridae Enterovirus A,98.765434,CV-A16,100.0,CV-A16,100.0,B1b,100.0
KM260130,2445,891,3336,NC_001612,False,Picornaviridae Enterovirus A,98.87767,CV-A16,100.0,CV-A16,100.0,B1b,100.0
KM260131,2445,891,3336,NC_001612,False,Picornaviridae Enterovirus A,98.54097,CV-A16,100.0,CV-A16,100.0,B1b,99.0
KM260132,2445,891,3336,NC_001612,False,Picornaviridae Enterovirus A,98.54097,CV-A16,100.0,CV-A16,100.0,B1b,100.0
KM260133,2445,891,3336,NC_001612,False,Picornaviridae Enterovirus A,98.765434,CV-A16,100.0,CV-A16,100.0,B1b,98.0
KM260134,2445,891,3336,NC_001612,False,Picornaviridae Enterovirus A,99.102135,CV-A16,100.0,CV-A16,100.0,B1b,99.0
KM260135,2445,891,3336,NC_001612,False,Picornaviridae Enterovirus A,99.102135,CV-A16,100.0,CV-A16,100.0,B1b,99.0
KM260136,2445,891,3336,NC_001612,False,Picornaviridae Enterovirus A,97.9798,CV-A16,100.0,CV-A16,100.0,B1b,98.0
KM260137,2445,891,3336,NC_001612,False,Picornaviridae Enterovirus A,98.765434,CV-A16,100.0,CV-A16,100.0,B1b,100.0
KM260138,2445,891,3336,NC_001612,False,Picornaviridae Enterovirus A,98.6532,CV-A16,100.0,CV-A16,100.0,B1b,97.0
KM260139,2445,891,3336,NC_001612,False,Picornaviridae Enterovirus A,98.6532,CV-A16,100.0,CV-A16,100.0,B1b,98.0
KM260140,2445,891,3336,NC_001612,False,Picornaviridae Enterovirus A,98.6532,CV-A16,100.0,CV-A16,100.0,B1b,100.0
KM260141,2445,891,3336,NC_001612,False,Picornaviridae Enterovirus A,98.54097,CV-A16,100.0,CV-A16,100.0,B1b,100.0
KM260142,2445,891,3336,NC_001612,False,Picornaviridae Enterovirus A,97.9798,CV-A16,100.0,CV-A16,100.0,B1b,98.0
KM260143,2445,891,3336,NC_001612,False,Picornaviridae Enterovirus A,97.53087,CV-A16,100.0,CV-A16,100.0,B1b,96.0
KM516102,0,7406,7413,NC_001612,False,Picornaviridae Enterovirus A,97.70487,CV-A16,100.0,CV-A16,100.0,B1b,97.0
KM675923,2445,891,3336,NC_001612,False,Picornaviridae Enterovirus A,95.17396,CV-A16,100.0,CV-A16,100.0,B1a,85.0
KM675924,2445,891,3336,NC_001612,False,Picornaviridae Enterovirus A,95.286194,CV-A16,100.0,CV-A16,100.0,B1a,87.0
KP005835,2445,891,3336,NC_001612,False,Picornaviridae Enterovirus A,96.969696,CV-A16,100.0,CV-A16,100.0,B1b,98.0
KP005836,2445,891,3336,NC_001612,False,Picornaviridae Enterovirus A,98.3165,CV-A16,100.0,CV-A16,100.0,B1b,100.0
KP005837,2445,891,3336,NC_001612,False,Picornaviridae Enterovirus A,96.969696,CV-A16,100.0,CV-A16,100.0,B1b,99.0
KP005838,2445,891,3336,NC_001612,False,Picornaviridae Enterovirus A,96.969696,CV-A16,100.0,CV-A16,100.0,B1b,98.0
KP005839,2445,891,3336,NC_001612,False,Picornaviridae Enterovirus A,96.969696,CV-A16,100.0,CV-A16,100.0,B1b,100.0
KP005840,2445,891,3336,NC_001612,False,Picornaviridae Enterovirus A,98.3165,CV-A16,100.0,CV-A16,100.0,B1b,97.0
KP164143,2599,286,2885,NC_001612,False,Picornaviridae Enterovirus A,99.3007,CV-A16,100.0,CV-A16,100.0,B1b,82.0
KP164145,2599,286,2885,NC_001612,False,Picornaviridae Enterovirus A,99.3007,CV-A16,100.0,CV-A16,100.0,B1b,87.0
KP164149,2599,286,2885,NC_001612,False,Picornaviridae Enterovirus A,98.95105,CV-A16,100.0,CV-A16,100.0,B1b,85.0
KP164154,2599,286,2885,NC_001612,False,Picornaviridae Enterovirus A,98.95105,CV-A16,100.0,CV-A16,100.0,B1b,85.0
KP164157,2599,286,2885,NC_001612,False,Picornaviridae Enterovirus A,98.23943,CV-A16,100.0,CV-A16,100.0,B1b,82.0
KP164161,2599,286,2885,NC_001612,False,Picornaviridae Enterovirus A,99.650345,CV-A16,100.0,CV-A16,100.0,B1b,85.0
KP164163,2599,286,2885,NC_001612,False,Picornaviridae Enterovirus A,98.95105,CV-A16,100.0,CV-A16,100.0,B1b,87.0
KP164164,2599,286,2885,NC_001612,False,Picornaviridae Enterovirus A,99.650345,CV-A16,100.0,CV-A16,100.0,B1b,81.0
KP164166,2599,286,2885,NC_001612,False,Picornaviridae Enterovirus A,98.6014,CV-A16,100.0,CV-A16,100.0,B1b,86.0
KP164167,2599,286,2885,NC_001612,False,Picornaviridae Enterovirus A,99.650345,CV-A16,100.0,CV-A16,100.0,B1b,85.0
KP164168,2599,286,2885,NC_001612,False,Picornaviridae Enterovirus A,98.95105,CV-A16,100.0,CV-A16,100.0,B1b,81.0
KP164171,2599,286,2885,NC_001612,False,Picornaviridae Enterovirus A,98.95105,CV-A16,100.0,CV-A16,100.0,B1b,80.0
KP164172,2599,286,2885,NC_001612,False,Picornaviridae Enterovirus A,98.95105,CV-A16,100.0,CV-A16,100.0,B1b,81.0
KP164173,2600,280,2880,NC_001612,False,Picornaviridae Enterovirus A,99.28315,CV-A16,100.0,CV-A16,100.0,B1b,80.0
KP164176,2599,284,2883,NC_001612,False,Picornaviridae Enterovirus A,99.29078,CV-A16,100.0,CV-A16,100.0,B1b,82.0
KP164179,2600,280,2880,NC_001612,False,Picornaviridae Enterovirus A,99.64158,CV-A16,100.0,CV-A16,100.0,B1b,87.0
KP164183,2599,281,2880,NC_001612,False,Picornaviridae Enterovirus A,98.92473,CV-A16,100.0,CV-A16,100.0,B1b,81.0
KP164185,2600,280,2880,NC_001612,False,Picornaviridae Enterovirus A,99.28315,CV-A16,100.0,CV-A16,100.0,B1b,80.0
KP164187,2600,280,2880,NC_001612,False,Picornaviridae Enterovirus A,99.28315,CV-A16,100.0,CV-A16,100.0,B1b,83.0
KP164193,2600,280,2880,NC_001612,False,Picornaviridae Enterovirus A,99.64158,CV-A16,100.0,CV-A16,100.0,B1b,82.0
KP164215,2600,280,2880,NC_001612,False,Picornaviridae Enterovirus A,98.92473,CV-A16,100.0,CV-A16,100.0,B1b,81.0
KP164221,2600,278,2878,NC_001612,False,Picornaviridae Enterovirus A,99.28058,CV-A16,100.0,CV-A16,100.0,B1b,83.0
KP164229,2600,280,2880,NC_001612,False,Picornaviridae Enterovirus A,99.64158,CV-A16,100.0,CV-A16,100.0,B1b,80.0
KP164248,2600,280,2880,NC_001612,False,Picornaviridae Enterovirus A,98.92473,CV-A16,100.0,CV-A16,100.0,B1b,87.0
KP266573,0,7436,7440,NC_001612,False,Picornaviridae Enterovirus A,97.79997,CV-A16,100.0,CV-A16,100.0,B1a,88.0
KP289411,0,7409,7413,NC_001612,False,Picornaviridae Enterovirus A,98.40691,CV-A16,100.0,CV-A16,100.0,B1b,98.0
KP289412,0,7410,7413,NC_001612,False,Picornaviridae Enterovirus A,96.67927,CV-A16,100.0,CV-A16,100.0,B1a,80.0
KP289413,0,7408,7413,NC_001612,False,Picornaviridae Enterovirus A,96.53078,CV-A16,100.0,CV-A16,100.0,B1a,86.0
KP289414,0,7409,7413,NC_001612,False,Picornaviridae Enterovirus A,98.50142,CV-A16,100.0,CV-A16,100.0,B1b,99.0
KP289415,0,7410,7414,NC_001612,False,Picornaviridae Enterovirus A,98.286095,CV-A16,100.0,CV-A16,100.0,B1b,99.0
KP289416,0,7409,7413,NC_001612,False,Picornaviridae Enterovirus A,98.433914,CV-A16,100.0,CV-A16,100.0,B1b,97.0
KP341771,2445,891,3336,NC_001612,False,Picornaviridae Enterovirus A,97.19417,CV-A16,100.0,CV-A16,100.0,B1a,87.0
KP341772,2445,891,3336,NC_001612,False,Picornaviridae Enterovirus A,97.3064,CV-A16,100.0,CV-A16,100.0,B1b,95.0
KP341773,2445,891,3336,NC_001612,False,Picornaviridae Enterovirus A,98.428734,CV-A16,100.0,CV-A16,100.0,B1b,97.0
KP341774,2445,891,3336,NC_001612,False,Picornaviridae Enterovirus A,97.6431,CV-A16,100.0,CV-A16,100.0,B1a,84.0
KP341775,2445,891,3336,NC_001612,False,Picornaviridae Enterovirus A,98.765434,CV-A16,100.0,CV-A16,100.0,B1b,98.0
KP341776,2445,891,3336,NC_001612,False,Picornaviridae Enterovirus A,98.765434,CV-A16,100.0,CV-A16,100.0,B1b,99.0
KP341777,2445,891,3336,NC_001612,False,Picornaviridae Enterovirus A,98.6532,CV-A16,100.0,CV-A16,100.0,B1b,97.0
KP341778,2445,891,3336,NC_001612,False,Picornaviridae Enterovirus A,98.6532,CV-A16,100.0,CV-A16,100.0,B1b,98.0
KP341779,2445,891,3336,NC_001612,False,Picornaviridae Enterovirus A,99.3266,CV-A16,100.0,CV-A16,100.0,B1b,100.0
KP341780,2445,891,3336,NC_001612,False,Picornaviridae Enterovirus A,99.102135,CV-A16,100.0,CV-A16,100.0,B1b,98.0
KP341781,2445,891,3336,NC_001612,False,Picornaviridae Enterovirus A,98.765434,CV-A16,100.0,CV-A16,100.0,B1b,98.0
KP341782,2445,891,3336,NC_001612,False,Picornaviridae Enterovirus A,97.6431,CV-A16,100.0,CV-A16,100.0,B1b,99.0
KP341783,2445,891,3336,NC_001612,False,Picornaviridae Enterovirus A,99.21436,CV-A16,100.0,CV-A16,100.0,B1b,97.0
KP341784,2445,891,3336,NC_001612,False,Picornaviridae Enterovirus A,99.102135,CV-A16,100.0,CV-A16,100.0,B1b,100.0
KP341785,2445,891,3336,NC_001612,False,Picornaviridae Enterovirus A,98.87767,CV-A16,100.0,CV-A16,100.0,B1b,100.0
KP341786,2445,891,3336,NC_001612,False,Picornaviridae Enterovirus A,99.3266,CV-A16,100.0,CV-A16,100.0,B1b,100.0
KP341787,2445,891,3336,NC_001612,False,Picornaviridae Enterovirus A,99.3266,CV-A16,100.0,CV-A16,100.0,B1b,97.0
KP341788,2445,891,3336,NC_001612,False,Picornaviridae Enterovirus A,97.3064,CV-A16,100.0,CV-A16,100.0,B1a,82.0
KP341789,2445,891,3336,NC_001612,False,Picornaviridae Enterovirus A,97.41863,CV-A16,100.0,CV-A16,100.0,B1a,91.0
KP341790,2445,891,3336,NC_001612,False,Picornaviridae Enterovirus A,97.19417,CV-A16,100.0,CV-A16,100.0,B1a,86.0
KP341791,2445,891,3336,NC_001612,False,Picornaviridae Enterovirus A,98.20427,CV-A16,100.0,CV-A16,100.0,B1b,99.0
KP341792,2445,891,3336,NC_001612,False,Picornaviridae Enterovirus A,97.86757,CV-A16,100.0,CV-A16,100.0,B1b,99.0
KP341793,2445,891,3336,NC_001612,False,Picornaviridae Enterovirus A,97.6431,CV-A16,100.0,CV-A16,100.0,B1b,100.0
KP341794,2445,891,3336,NC_001612,False,Picornaviridae Enterovirus A,98.20427,CV-A16,100.0,CV-A16,100.0,B1b,99.0
KP341795,2445,891,3336,NC_001612,False,Picornaviridae Enterovirus A,97.86757,CV-A16,100.0,CV-A16,100.0,B1b,96.0
KP341796,2445,891,3336,NC_001612,False,Picornaviridae Enterovirus A,97.86757,CV-A16,100.0,CV-A16,100.0,B1b,100.0
KP341797,2445,891,3336,NC_001612,False,Picornaviridae Enterovirus A,97.75281,CV-A16,100.0,CV-A16,100.0,B1b,98.0
KP341798,2445,891,3336,NC_001612,False,Picornaviridae Enterovirus A,96.52077,CV-A16,100.0,CV-A16,100.0,B1b,97.0
KP341799,2445,891,3336,NC_001612,False,Picornaviridae Enterovirus A,97.86757,CV-A16,100.0,CV-A16,100.0,B1b,100.0
KP341800,2445,891,3336,NC_001612,False,Picornaviridae Enterovirus A,97.64045,CV-A16,100.0,CV-A16,100.0,B1b,100.0
KP341801,2445,891,3336,NC_001612,False,Picornaviridae Enterovirus A,97.6431,CV-A16,100.0,CV-A16,100.0,B1b,98.0
KP341802,2445,891,3336,NC_001612,False,Picornaviridae Enterovirus A,97.86757,CV-A16,100.0,CV-A16,100.0,B1b,98.0
KP341803,2445,891,3336,NC_001612,False,Picornaviridae Enterovirus A,97.75533,CV-A16,100.0,CV-A16,100.0,B1b,99.0
KP341804,2445,891,3336,NC_001612,False,Picornaviridae Enterovirus A,97.86757,CV-A16,100.0,CV-A16,100.0,B1b,98.0
KP341805,2445,891,3336,NC_001612,False,Picornaviridae Enterovirus A,99.102135,CV-A16,100.0,CV-A16,100.0,B1b,98.0
KP341806,2445,891,3336,NC_001612,False,Picornaviridae Enterovirus A,97.64045,CV-A16,100.0,CV-A16,100.0,B1b,98.0
KP341807,2445,891,3336,NC_001612,False,Picornaviridae Enterovirus A,97.86757,CV-A16,100.0,CV-A16,100.0,B1b,100.0
KP341808,2445,891,3336,NC_001612,False,Picornaviridae Enterovirus A,99.102135,CV-A16,100.0,CV-A16,100.0,B1b,99.0
KP341809,2445,891,3336,NC_001612,False,Picornaviridae Enterovirus A,99.102135,CV-A16,100.0,CV-A16,100.0,B1b,99.0
KP341810,2445,891,3336,NC_001612,False,Picornaviridae Enterovirus A,97.75533,CV-A16,100.0,CV-A16,100.0,B1b,97.0
KP341811,2445,891,3336,NC_001612,False,Picornaviridae Enterovirus A,98.765434,CV-A16,100.0,CV-A16,100.0,B1b,99.0
KP341812,2445,891,3336,NC_001612,False,Picornaviridae Enterovirus A,98.87767,CV-A16,100.0,CV-A16,100.0,B1b,100.0
KP341813,2445,891,3336,NC_001612,False,Picornaviridae Enterovirus A,99.102135,CV-A16,100.0,CV-A16,100.0,B1b,98.0
KP341814,2445,891,3336,NC_001612,False,Picornaviridae Enterovirus A,99.102135,CV-A16,100.0,CV-A16,100.0,B1b,99.0
KP341815,2445,891,3336,NC_001612,False,Picornaviridae Enterovirus A,98.9899,CV-A16,100.0,CV-A16,100.0,B1b,100.0
KP341816,2445,891,3336,NC_001612,False,Picornaviridae Enterovirus A,98.9899,CV-A16,100.0,CV-A16,100.0,B1b,100.0
KP341817,2445,891,3336,NC_001612,False,Picornaviridae Enterovirus A,99.102135,CV-A16,100.0,CV-A16,100.0,B1b,98.0
KP341818,2445,891,3336,NC_001612,False,Picornaviridae Enterovirus A,99.21436,CV-A16,100.0,CV-A16,100.0,B1b,100.0
KP341819,2445,891,3336,NC_001612,False,Picornaviridae Enterovirus A,97.64045,CV-A16,100.0,CV-A16,100.0,B1b,97.0
KP341820,2445,891,3336,NC_001612,False,Picornaviridae Enterovirus A,97.75281,CV-A16,100.0,CV-A16,100.0,B1b,98.0
KP341821,2445,891,3336,NC_001612,False,Picornaviridae Enterovirus A,98.20427,CV-A16,100.0,CV-A16,100.0,B1b,98.0
KP341822,2445,891,3336,NC_001612,False,Picornaviridae Enterovirus A,97.75281,CV-A16,100.0,CV-A16,100.0,B1b,98.0
KP341823,2445,891,3336,NC_001612,False,Picornaviridae Enterovirus A,97.3064,CV-A16,100.0,CV-A16,100.0,B1b,100.0
KP341824,2445,891,3336,NC_001612,False,Picornaviridae Enterovirus A,98.20427,CV-A16,100.0,CV-A16,100.0,B1b,97.0
KP341825,2445,891,3336,NC_001612,False,Picornaviridae Enterovirus A,98.87767,CV-A16,100.0,CV-A16,100.0,B1a,86.0
KP341826,2445,891,3336,NC_001612,False,Picornaviridae Enterovirus A,98.20427,CV-A16,100.0,CV-A16,100.0,B1b,98.0
KP341827,2445,891,3336,NC_001612,False,Picornaviridae Enterovirus A,97.86757,CV-A16,100.0,CV-A16,100.0,B1b,100.0
KP341828,2445,891,3336,NC_001612,False,Picornaviridae Enterovirus A,96.632996,CV-A16,100.0,CV-A16,100.0,B1b,95.0
KP341829,2445,891,3336,NC_001612,False,Picornaviridae Enterovirus A,97.75533,CV-A16,100.0,CV-A16,100.0,B1b,97.0
KP341830,2445,891,3336,NC_001612,False,Picornaviridae Enterovirus A,97.75281,CV-A16,100.0,CV-A16,100.0,B1b,99.0
KP341831,2445,891,3336,NC_001612,False,Picornaviridae Enterovirus A,97.40699,CV-A16,100.0,CV-A16,100.0,B1b,98.0
KP341832,2445,891,3336,NC_001612,False,Picornaviridae Enterovirus A,97.75533,CV-A16,100.0,CV-A16,100.0,B1b,98.0
KP341833,2445,891,3336,NC_001612,False,Picornaviridae Enterovirus A,97.75281,CV-A16,100.0,CV-A16,100.0,B1b,98.0
KP341834,2445,891,3336,NC_001612,False,Picornaviridae Enterovirus A,98.09203,CV-A16,100.0,CV-A16,100.0,B1b,99.0
KP341835,2445,891,3336,NC_001612,False,Picornaviridae Enterovirus A,98.6532,CV-A16,100.0,CV-A16,100.0,B1b,97.0
KP341836,2445,891,3336,NC_001612,False,Picornaviridae Enterovirus A,99.6633,CV-A16,100.0,CV-A16,100.0,B1b,99.0
KP341837,2445,891,3336,NC_001612,False,Picornaviridae Enterovirus A,98.428734,CV-A16,100.0,CV-A16,100.0,B1b,98.0
KP341838,2445,891,3336,NC_001612,False,Picornaviridae Enterovirus A,98.54097,CV-A16,100.0,CV-A16,100.0,B1b,97.0
KP341839,2445,891,3336,NC_001612,False,Picornaviridae Enterovirus A,98.428734,CV-A16,100.0,CV-A16,100.0,B1b,99.0
KP341840,2445,891,3336,NC_001612,False,Picornaviridae Enterovirus A,98.765434,CV-A16,100.0,CV-A16,100.0,B1a,86.0
KP341842,2445,891,3336,NC_001612,False,Picornaviridae Enterovirus A,98.87767,CV-A16,100.0,CV-A16,100.0,B1b,99.0
KP341843,2445,891,3336,NC_001612,False,Picornaviridae Enterovirus A,97.64045,CV-A16,100.0,CV-A16,100.0,B1b,98.0
KP341844,2445,891,3336,NC_001612,False,Picornaviridae Enterovirus A,98.20427,CV-A16,100.0,CV-A16,100.0,B1b,98.0
KP341845,2445,891,3336,NC_001612,False,Picornaviridae Enterovirus A,98.87767,CV-A16,100.0,CV-A16,100.0,B1b,98.0
KP341846,2445,891,3336,NC_001612,False,Picornaviridae Enterovirus A,99.102135,CV-A16,100.0,CV-A16,100.0,B1b,98.0
KP341847,2445,891,3336,NC_001612,False,Picornaviridae Enterovirus A,97.6431,CV-A16,100.0,CV-A16,100.0,B1b,98.0
KP341848,2445,891,3336,NC_001612,False,Picornaviridae Enterovirus A,98.54097,CV-A16,100.0,CV-A16,100.0,B1a,83.0
KP341849,2445,891,3336,NC_001612,False,Picornaviridae Enterovirus A,98.765434,CV-A16,100.0,CV-A16,100.0,B1b,98.0
KP341851,2445,891,3336,NC_001612,False,Picornaviridae Enterovirus A,98.765434,CV-A16,100.0,CV-A16,100.0,B1b,100.0
KP341852,2445,891,3336,NC_001612,False,Picornaviridae Enterovirus A,98.87767,CV-A16,100.0,CV-A16,100.0,B1b,98.0
KP341853,2445,891,3336,NC_001612,False,Picornaviridae Enterovirus A,97.41863,CV-A16,100.0,CV-A16,100.0,B1b,100.0
KP341854,2445,891,3336,NC_001612,False,Picornaviridae Enterovirus A,97.41863,CV-A16,100.0,CV-A16,100.0,B1b,99.0
KP341855,2445,891,3336,NC_001612,False,Picornaviridae Enterovirus A,98.87767,CV-A16,100.0,CV-A16,100.0,B1b,100.0
KP341856,2445,891,3336,NC_001612,False,Picornaviridae Enterovirus A,98.9899,CV-A16,100.0,CV-A16,100.0,B1b,100.0
KP341857,2445,891,3336,NC_001612,False,Picornaviridae Enterovirus A,97.303375,CV-A16,100.0,CV-A16,100.0,B1b,99.0
KP341858,2445,891,3336,NC_001612,False,Picornaviridae Enterovirus A,97.41863,CV-A16,100.0,CV-A16,100.0,B1b,95.0
KP341859,2445,891,3336,NC_001612,False,Picornaviridae Enterovirus A,99.102135,CV-A16,100.0,CV-A16,100.0,B1b,98.0
KP341860,2445,891,3336,NC_001612,False,Picornaviridae Enterovirus A,98.87767,CV-A16,100.0,CV-A16,100.0,B1b,98.0
KP341861,2445,891,3336,NC_001612,False,Picornaviridae Enterovirus A,98.765434,CV-A16,100.0,CV-A16,100.0,B1a,82.0
KP341863,2445,891,3336,NC_001612,False,Picornaviridae Enterovirus A,96.296295,CV-A16,100.0,CV-A16,100.0,B1a,87.0
KP341864,2445,891,3336,NC_001612,False,Picornaviridae Enterovirus A,98.87767,CV-A16,100.0,CV-A16,100.0,B1b,97.0
KP341865,2445,891,3336,NC_001612,False,Picornaviridae Enterovirus A,98.765434,CV-A16,100.0,CV-A16,100.0,B1b,99.0
KP341866,2445,891,3336,NC_001612,False,Picornaviridae Enterovirus A,98.87767,CV-A16,100.0,CV-A16,100.0,B1b,99.0
KP341867,2445,891,3336,NC_001612,False,Picornaviridae Enterovirus A,98.765434,CV-A16,100.0,CV-A16,100.0,B1b,99.0
KP341868,2445,891,3336,NC_001612,False,Picornaviridae Enterovirus A,99.102135,CV-A16,100.0,CV-A16,100.0,B1b,97.0
KP341869,2445,891,3336,NC_001612,False,Picornaviridae Enterovirus A,98.09203,CV-A16,100.0,CV-A16,100.0,B1b,97.0
KP341870,2445,891,3336,NC_001612,False,Picornaviridae Enterovirus A,97.41863,CV-A16,100.0,CV-A16,100.0,B1b,99.0
KP341871,2445,891,3336,NC_001612,False,Picornaviridae Enterovirus A,97.18151,CV-A16,100.0,CV-A16,100.0,B1b,96.0
KP341872,2445,891,3336,NC_001612,False,Picornaviridae Enterovirus A,98.9899,CV-A16,100.0,CV-A16,100.0,B1b,97.0
KP341873,2445,891,3336,NC_001612,False,Picornaviridae Enterovirus A,98.09203,CV-A16,100.0,CV-A16,100.0,B1b,98.0
KP341874,2445,891,3336,NC_001612,False,Picornaviridae Enterovirus A,99.6633,CV-A16,100.0,CV-A16,100.0,B1b,99.0
KP341875,2445,891,3336,NC_001612,False,Picornaviridae Enterovirus A,96.40853,CV-A16,100.0,CV-A16,100.0,B1a,82.0
KP341876,2445,891,3336,NC_001612,False,Picornaviridae Enterovirus A,98.87767,CV-A16,100.0,CV-A16,100.0,B1b,99.0
KP341877,2445,891,3336,NC_001612,False,Picornaviridae Enterovirus A,97.6431,CV-A16,100.0,CV-A16,100.0,B1a,90.0
KP341878,2445,891,3336,NC_001612,False,Picornaviridae Enterovirus A,97.53087,CV-A16,100.0,CV-A16,100.0,B1b,98.0
KP341879,2445,891,3336,NC_001612,False,Picornaviridae Enterovirus A,97.75533,CV-A16,100.0,CV-A16,100.0,B1a,89.0
KP341880,2445,891,3336,NC_001612,False,Picornaviridae Enterovirus A,98.6532,CV-A16,100.0,CV-A16,100.0,B1b,99.0
KP341881,2445,891,3336,NC_001612,False,Picornaviridae Enterovirus A,98.09203,CV-A16,100.0,CV-A16,100.0,B1b,99.0
KP341882,2445,891,3336,NC_001612,False,Picornaviridae Enterovirus A,98.765434,CV-A16,100.0,CV-A16,100.0,B1b,98.0
KP341883,2445,891,3336,NC_001612,False,Picornaviridae Enterovirus A,98.3165,CV-A16,100.0,CV-A16,100.0,B1b,99.0
KP341884,2445,891,3336,NC_001612,False,Picornaviridae Enterovirus A,97.6431,CV-A16,100.0,CV-A16,100.0,B1b,98.0
KP341885,2445,891,3336,NC_001612,False,Picornaviridae Enterovirus A,97.53087,CV-A16,100.0,CV-A16,100.0,B1b,98.0
KP341886,2445,891,3336,NC_001612,False,Picornaviridae Enterovirus A,98.9899,CV-A16,100.0,CV-A16,100.0,B1b,100.0
KP341887,2445,891,3336,NC_001612,False,Picornaviridae Enterovirus A,97.19417,CV-A16,100.0,CV-A16,100.0,B1b,97.0
KP341888,2445,891,3336,NC_001612,False,Picornaviridae Enterovirus A,97.07865,CV-A16,100.0,CV-A16,100.0,B1b,99.0
KP341889,2445,891,3336,NC_001612,False,Picornaviridae Enterovirus A,97.97753,CV-A16,100.0,CV-A16,100.0,B1b,100.0
KP341890,2445,891,3336,NC_001612,False,Picornaviridae Enterovirus A,97.52809,CV-A16,100.0,CV-A16,100.0,B1b,99.0
KP341891,2445,891,3336,NC_001612,False,Picornaviridae Enterovirus A,97.3064,CV-A16,100.0,CV-A16,100.0,B1b,99.0
KP341892,2445,891,3336,NC_001612,False,Picornaviridae Enterovirus A,97.19417,CV-A16,100.0,CV-A16,100.0,B1b,99.0
KP341893,2445,891,3336,NC_001612,False,Picornaviridae Enterovirus A,97.86757,CV-A16,100.0,CV-A16,100.0,B1a,87.0
KP341894,2445,891,3336,NC_001612,False,Picornaviridae Enterovirus A,98.54097,CV-A16,100.0,CV-A16,100.0,B1b,98.0
KP341895,2445,891,3336,NC_001612,False,Picornaviridae Enterovirus A,98.6532,CV-A16,100.0,CV-A16,100.0,B1b,95.0
KP341896,2445,891,3336,NC_001612,False,Picornaviridae Enterovirus A,97.6431,CV-A16,100.0,CV-A16,100.0,B1b,100.0
KP341897,2445,891,3336,NC_001612,False,Picornaviridae Enterovirus A,99.21436,CV-A16,100.0,CV-A16,100.0,B1b,99.0
KP341898,2445,891,3336,NC_001612,False,Picornaviridae Enterovirus A,97.6431,CV-A16,100.0,CV-A16,100.0,B1b,100.0
KP341899,2445,891,3336,NC_001612,False,Picornaviridae Enterovirus A,97.19417,CV-A16,100.0,CV-A16,100.0,B1b,100.0
KP341900,2445,891,3336,NC_001612,False,Picornaviridae Enterovirus A,97.75281,CV-A16,100.0,CV-A16,100.0,B1b,98.0
KP341901,2445,891,3336,NC_001612,False,Picornaviridae Enterovirus A,96.85393,CV-A16,100.0,CV-A16,100.0,B1b,95.0
KP341902,2445,891,3336,NC_001612,False,Picornaviridae Enterovirus A,96.96629,CV-A16,100.0,CV-A16,100.0,B1b,99.0
KP341903,2445,891,3336,NC_001612,False,Picornaviridae Enterovirus A,99.438835,CV-A16,100.0,CV-A16,100.0,B1b,97.0
OQ091678,0,7406,7405,NC_001612,false,Picornaviridae Enterovirus A,83.175804,CV-A16,100.0,CV-A16,100.0,A,92.0
OQ091679,0,7405,7405,NC_001612,false,Picornaviridae Enterovirus A,83.227554,CV-A16,100.0,CV-A16,100.0,A,90.0
LT577831,2445,891,3336,NC_001612,false,Picornaviridae Enterovirus A,87.878784,CV-A16,100.0,CV-A16,100.0,Could not assign,
OQ091685,0,7394,7394,NC_001612,false,Picornaviridae Enterovirus A,82.98851,CV-A16,100.0,CV-A16,100.0,A,91.0
OQ091681,0,7408,7408,NC_001612,false,Picornaviridae Enterovirus A,83.27258,CV-A16,99.0,CV-A16,100.0,A,99.0
OQ091682,0,7393,7393,NC_001612,false,Picornaviridae Enterovirus A,83.351364,CV-A16,100.0,CV-A16,100.0,A,91.0
OQ091683,0,7394,7394,NC_001612,false,Picornaviridae Enterovirus A,83.25896,CV-A16,100.0,CV-A16,100.0,A,94.0
OQ091684,0,7394,7394,NC_001612,false,Picornaviridae Enterovirus A,83.191345,CV-A16,100.0,CV-A16,100.0,A,95.0
OQ091686,0,7393,7394,NC_001612,false,Picornaviridae Enterovirus A,83.09669,CV-A16,99.0,CV-A16,100.0,A,100.0
PP585420,0,7404,7405,NC_001612,false,Picornaviridae Enterovirus A,83.051994,CV-A16,99.0,CV-A16,100.0,A,100.0
OQ091687,0,7393,7394,NC_001612,false,Picornaviridae Enterovirus A,83.00203,CV-A16,99.0,CV-A16,100.0,A,100.0
PP585424,0,7404,7405,NC_001612,false,Picornaviridae Enterovirus A,83.06778,CV-A16,100.0,CV-A16,100.0,A,100.0
OQ091680,0,7395,7394,NC_001612,false,Picornaviridae Enterovirus A,83.00203,CV-A16,100.0,CV-A16,100.0,A,94.0
AB465369,2445,891,3336,NC_001612,false,Picornaviridae Enterovirus A,92.25589,CV-A16,100.0,CV-A16,100.0,B2,89.0
AB634294,2445,891,3336,NC_001612,false,Picornaviridae Enterovirus A,91.58249,CV-A16,100.0,CV-A16,100.0,B2,82.0
AB634288,2445,891,3336,NC_001612,false,Picornaviridae Enterovirus A,91.358025,CV-A16,100.0,CV-A16,100.0,B2,80.0
AB542208,2614,665,3279,NC_001612,false,Picornaviridae Enterovirus A,91.127815,CV-A16,100.0,CV-A16,100.0,Could not assign,
AB542207,2614,665,3279,NC_001612,false,Picornaviridae Enterovirus A,91.57895,CV-A16,100.0,CV-A16,100.0,Could not assign,
AB542209,2614,665,3279,NC_001612,false,Picornaviridae Enterovirus A,91.42857,CV-A16,100.0,CV-A16,100.0,B2,82.0
AB542218,2614,665,3279,NC_001612,false,Picornaviridae Enterovirus A,91.2782,CV-A16,100.0,CV-A16,100.0,B2,86.0
AY895127,131,3144,3279,NC_001612,false,Picornaviridae Enterovirus A,90.362595,CV-A16,100.0,CV-A16,100.0,Could not assign,
OP562204,2445,880,3325,NC_001612,false,Picornaviridae Enterovirus A,90.56818,CV-A16,100.0,CV-A16,100.0,B2,81.0
MG571832,251,6912,7167,NC_001612,false,Picornaviridae Enterovirus A,92.47685,CV-A16,100.0,CV-A16,100.0,Could not assign,
MG571837,251,6935,7190,NC_001612,false,Picornaviridae Enterovirus A,92.45855,CV-A16,100.0,CV-A16,100.0,Could not assign,
OQ791548,0,7399,7404,NC_001612,false,Picornaviridae Enterovirus A,93.5,CV-A16,100.0,CV-A16,100.0,Could not assign,
OQ791549,0,7399,7404,NC_001612,false,Picornaviridae Enterovirus A,93.47298,CV-A16,100.0,CV-A16,100.0,Could not assign,
MF189180,0,7399,7404,NC_001612,false,Picornaviridae Enterovirus A,93.432434,CV-A16,100.0,CV-A16,100.0,Could not assign,
OQ791544,0,7399,7404,NC_001612,false,Picornaviridae Enterovirus A,93.74324,CV-A16,100.0,CV-A16,100.0,Could not assign,
MN749141,0,7408,7413,NC_001612,false,Picornaviridae Enterovirus A,92.86004,CV-A16,100.0,CV-A16,100.0,Could not assign,
OQ791560,0,7408,7413,NC_001612,false,Picornaviridae Enterovirus A,92.86004,CV-A16,100.0,CV-A16,100.0,Could not assign,
OQ791568,0,7408,7413,NC_001612,false,Picornaviridae Enterovirus A,92.73856,CV-A16,100.0,CV-A16,100.0,Could not assign,
KY674980,80,7261,7347,NC_001612,false,Picornaviridae Enterovirus A,92.61912,CV-A16,100.0,CV-A16,100.0,Could not assign,
HM776232,2400,944,3344,NC_001612,false,Picornaviridae Enterovirus A,94.279655,CV-A16,100.0,CV-A16,100.0,Could not assign,
LT577742,2445,891,3336,NC_001612,false,Picornaviridae Enterovirus A,92.25589,CV-A16,100.0,CV-A16,100.0,Could not assign,
LT577746,2445,891,3336,NC_001612,false,Picornaviridae Enterovirus A,92.14366,CV-A16,100.0,CV-A16,100.0,B1c,89.0
LT577743,2445,891,3336,NC_001612,false,Picornaviridae Enterovirus A,91.91919,CV-A16,100.0,CV-A16,100.0,Could not assign,
LT577737,2445,891,3336,NC_001612,false,Picornaviridae Enterovirus A,91.91919,CV-A16,100.0,CV-A16,100.0,Could not assign,81.0
HE573006,2445,891,3336,NC_001612,false,Picornaviridae Enterovirus A,91.694725,CV-A16,100.0,CV-A16,100.0,B1c,81.0
PP585419,0,7402,7405,NC_001612,false,Picornaviridae Enterovirus A,90.598404,CV-A16,100.0,CV-A16,100.0,Could not assign,
LC569942,2445,891,3336,NC_001612,false,Picornaviridae Enterovirus A,91.13356,CV-A16,100.0,CV-A16,100.0,Could not assign,
KY792577,0,7410,7414,NC_001612,false,Picornaviridae Enterovirus A,92.07828,CV-A16,100.0,CV-A16,100.0,Could not assign,
KY796107,2445,891,3336,NC_001612,false,Picornaviridae Enterovirus A,92.81706,CV-A16,100.0,CV-A16,100.0,Could not assign,84.0
MT577684,2445,891,3336,NC_001612,false,Picornaviridae Enterovirus A,91.91919,CV-A16,100.0,CV-A16,100.0,Could not assign,
MT577674,2445,891,3336,NC_001612,false,Picornaviridae Enterovirus A,92.031425,CV-A16,100.0,CV-A16,100.0,Could not assign,
MT577673,2445,891,3336,NC_001612,false,Picornaviridae Enterovirus A,92.031425,CV-A16,100.0,CV-A16,100.0,Could not assign,
MT577682,2445,891,3336,NC_001612,false,Picornaviridae Enterovirus A,92.031425,CV-A16,100.0,CV-A16,100.0,Could not assign,
MT577658,2445,891,3336,NC_001612,false,Picornaviridae Enterovirus A,92.14366,CV-A16,100.0,CV-A16,100.0,B1c,80.0
MT577657,2445,891,3336,NC_001612,false,Picornaviridae Enterovirus A,92.14366,CV-A16,100.0,CV-A16,100.0,Could not assign,80.0
MT577664,2445,891,3336,NC_001612,false,Picornaviridae Enterovirus A,91.80696,CV-A16,100.0,CV-A16,100.0,Could not assign,
MT577663,2445,891,3336,NC_001612,false,Picornaviridae Enterovirus A,91.80696,CV-A16,100.0,CV-A16,100.0,Could not assign,
MT577678,2445,891,3336,NC_001612,false,Picornaviridae Enterovirus A,91.80696,CV-A16,100.0,CV-A16,100.0,Could not assign,
MT577675,2445,891,3336,NC_001612,false,Picornaviridae Enterovirus A,91.694725,CV-A16,100.0,CV-A16,100.0,Could not assign,
MT577677,2445,891,3336,NC_001612,false,Picornaviridae Enterovirus A,91.58249,CV-A16,100.0,CV-A16,100.0,Could not assign,
MT577681,2445,891,3336,NC_001612,false,Picornaviridae Enterovirus A,91.80696,CV-A16,100.0,CV-A16,100.0,Could not assign,
MT577688,2445,891,3336,NC_001612,false,Picornaviridae Enterovirus A,91.694725,CV-A16,100.0,CV-A16,100.0,Could not assign,
MT577687,2445,891,3336,NC_001612,false,Picornaviridae Enterovirus A,91.694725,CV-A16,100.0,CV-A16,100.0,Could not assign,
MT577668,2445,891,3336,NC_001612,false,Picornaviridae Enterovirus A,91.694725,CV-A16,100.0,CV-A16,100.0,Could not assign,
MT577686,2445,891,3336,NC_001612,false,Picornaviridae Enterovirus A,91.694725,CV-A16,100.0,CV-A16,100.0,Could not assign,
MT577691,2445,891,3336,NC_001612,false,Picornaviridae Enterovirus A,92.031425,CV-A16,100.0,CV-A16,100.0,Could not assign,
PP585415,0,7401,7405,NC_001612,false,Picornaviridae Enterovirus A,91.40656,CV-A16,100.0,CV-A16,100.0,Could not assign,
OQ091667,0,7401,7405,NC_001612,false,Picornaviridae Enterovirus A,90.879616,CV-A16,100.0,CV-A16,100.0,Could not assign,
OQ091674,0,7402,7405,NC_001612,false,Picornaviridae Enterovirus A,90.78627,CV-A16,100.0,CV-A16,100.0,Could not assign,
PP585417,0,7402,7405,NC_001612,false,Picornaviridae Enterovirus A,90.84032,CV-A16,100.0,CV-A16,100.0,Could not assign,
OQ091668,0,7402,7405,NC_001612,false,Picornaviridae Enterovirus A,90.93488,CV-A16,100.0,CV-A16,100.0,Could not assign,
OQ091669,0,7401,7405,NC_001612,false,Picornaviridae Enterovirus A,90.96068,CV-A16,100.0,CV-A16,100.0,Could not assign,
OQ091670,0,7390,7394,NC_001612,false,Picornaviridae Enterovirus A,90.74425,CV-A16,100.0,CV-A16,100.0,Could not assign,
OQ091671,0,7402,7405,NC_001612,false,Picornaviridae Enterovirus A,90.948395,CV-A16,100.0,CV-A16,100.0,B1c,80.0
PP585416,0,7402,7405,NC_001612,false,Picornaviridae Enterovirus A,90.93488,CV-A16,100.0,CV-A16,100.0,Could not assign,
OQ091673,0,7391,7394,NC_001612,false,Picornaviridae Enterovirus A,90.93492,CV-A16,100.0,CV-A16,100.0,Could not assign,
OQ091672,0,7402,7405,NC_001612,false,Picornaviridae Enterovirus A,91.12402,CV-A16,100.0,CV-A16,100.0,B1c,84.0
MT641412,551,3865,4420,NC_001612,false,Picornaviridae Enterovirus A,92.00517,CV-A16,100.0,CV-A16,100.0,B1c,81.0
OQ091675,0,7400,7405,NC_001612,false,Picornaviridae Enterovirus A,91.23092,CV-A16,100.0,CV-A16,100.0,Could not assign,82.0
MT577680,2445,891,3336,NC_001612,false,Picornaviridae Enterovirus A,91.358025,CV-A16,100.0,CV-A16,100.0,Could not assign,
OQ091676,0,7390,7394,NC_001612,false,Picornaviridae Enterovirus A,91.488495,CV-A16,100.0,CV-A16,100.0,Could not assign,
MT577670,2445,891,3336,NC_001612,false,Picornaviridae Enterovirus A,91.694725,CV-A16,100.0,CV-A16,100.0,B1c,80.0
MT577671,2445,891,3336,NC_001612,false,Picornaviridae Enterovirus A,91.694725,CV-A16,100.0,CV-A16,100.0,Could not assign,
MH796400,2445,891,3336,NC_001612,false,Picornaviridae Enterovirus A,92.14366,CV-A16,100.0,CV-A16,100.0,Could not assign,
MT577672,2445,891,3336,NC_001612,false,Picornaviridae Enterovirus A,92.14366,CV-A16,100.0,CV-A16,100.0,B1c,83.0
MH780757,9,7401,7414,NC_001612,false,Picornaviridae Enterovirus A,91.62275,CV-A16,100.0,CV-A16,100.0,Could not assign,
MT577689,2445,891,3336,NC_001612,false,Picornaviridae Enterovirus A,91.47026,CV-A16,100.0,CV-A16,100.0,B1c,80.0
PP585418,0,7401,7405,NC_001612,false,Picornaviridae Enterovirus A,90.64992,CV-A16,100.0,CV-A16,100.0,Could not assign,
PP333132,2445,891,3336,NC_001612,false,Picornaviridae Enterovirus A,91.47026,CV-A16,100.0,CV-A16,100.0,Could not assign,
PQ872509,2445,891,3336,NC_001612,false,Picornaviridae Enterovirus A,91.47026,CV-A16,100.0,CV-A16,100.0,Could not assign,
PP333121,2445,891,3336,NC_001612,false,Picornaviridae Enterovirus A,91.13356,CV-A16,100.0,CV-A16,100.0,Could not assign,
PP333123,2445,891,3336,NC_001612,false,Picornaviridae Enterovirus A,91.13356,CV-A16,100.0,CV-A16,100.0,Could not assign,
PP333124,2445,891,3336,NC_001612,false,Picornaviridae Enterovirus A,91.24579,CV-A16,100.0,CV-A16,100.0,Could not assign,
PP333128,2445,891,3336,NC_001612,false,Picornaviridae Enterovirus A,91.13356,CV-A16,100.0,CV-A16,100.0,Could not assign,
PP333131,2445,891,3336,NC_001612,false,Picornaviridae Enterovirus A,91.358025,CV-A16,100.0,CV-A16,100.0,Could not assign,
PP333127,2445,891,3336,NC_001612,false,Picornaviridae Enterovirus A,91.47026,CV-A16,100.0,CV-A16,100.0,Could not assign,
PP333122,2445,891,3336,NC_001612,false,Picornaviridae Enterovirus A,91.24579,CV-A16,100.0,CV-A16,100.0,Could not assign,
PP730024,9,7388,7402,NC_001612,false,Picornaviridae Enterovirus A,90.91894,CV-A16,100.0,CV-A16,100.0,Could not assign,
PP333129,2445,891,3336,NC_001612,false,Picornaviridae Enterovirus A,91.24579,CV-A16,100.0,CV-A16,100.0,Could not assign,
PP333126,2445,891,3336,NC_001612,false,Picornaviridae Enterovirus A,91.358025,CV-A16,100.0,CV-A16,100.0,Could not assign,
PP730025,9,7399,7413,NC_001612,false,Picornaviridae Enterovirus A,90.968094,CV-A16,100.0,CV-A16,100.0,Could not assign,
PP333130,2445,891,3336,NC_001612,false,Picornaviridae Enterovirus A,91.13356,CV-A16,100.0,CV-A16,100.0,Could not assign,
PP333125,2445,891,3336,NC_001612,false,Picornaviridae Enterovirus A,91.13356,CV-A16,100.0,CV-A16,100.0,Could not assign,
MT577690,2445,891,3336,NC_001612,false,Picornaviridae Enterovirus A,91.91919,CV-A16,100.0,CV-A16,100.0,Could not assign,
OR750554,-1,7410,7413,NC_001612,false,Picornaviridae Enterovirus A,91.22689,CV-A16,100.0,CV-A16,100.0,B1c,80.0
PQ612458,0,7401,7405,NC_001612,false,Picornaviridae Enterovirus A,90.21754,CV-A16,100.0,CV-A16,100.0,Could not assign,
PZ117054,1458,5850,7308,NC_001612,false,Picornaviridae Enterovirus A,89.69231,CV-A16,100.0,CV-A16,100.0,Could not assign,
PZ117058,11,7286,7302,NC_001612,false,Picornaviridae Enterovirus A,90.21277,CV-A16,100.0,CV-A16,100.0,Could not assign,
OR437338,16,7393,7413,NC_001612,false,Picornaviridae Enterovirus A,90.65332,CV-A16,100.0,CV-A16,100.0,A,81.0
PQ786279,29,7350,7383,NC_001612,false,Picornaviridae Enterovirus A,90.38095,CV-A16,100.0,CV-A16,100.0,Could not assign,
PV613769,37,7362,7404,NC_001612,false,Picornaviridae Enterovirus A,90.38696,CV-A16,100.0,CV-A16,100.0,Could not assign,
PQ872545,2445,891,3336,NC_001612,false,Picornaviridae Enterovirus A,91.021324,CV-A16,100.0,CV-A16,100.0,Could not assign,
PQ872548,2445,891,3336,NC_001612,false,Picornaviridae Enterovirus A,90.909096,CV-A16,100.0,CV-A16,100.0,Could not assign,
PQ872514,2445,891,3336,NC_001612,false,Picornaviridae Enterovirus A,91.021324,CV-A16,100.0,CV-A16,100.0,Could not assign,
LC923267,2445,891,3336,NC_001612,false,Picornaviridae Enterovirus A,90.909096,CV-A16,100.0,CV-A16,100.0,Could not assign,
LC923268,2445,891,3336,NC_001612,false,Picornaviridae Enterovirus A,90.909096,CV-A16,100.0,CV-A16,100.0,Could not assign,
PX448992,23,7358,7390,NC_001612,false,Picornaviridae Enterovirus A,89.88184,CV-A16,100.0,CV-A16,100.0,Could not assign,
PQ872607,2445,891,3336,NC_001612,false,Picornaviridae Enterovirus A,90.572395,CV-A16,100.0,CV-A16,100.0,A,80.0
PQ872682,2445,891,3336,NC_001612,false,Picornaviridae Enterovirus A,91.021324,CV-A16,100.0,CV-A16,100.0,A,81.0
PX448991,23,7358,7390,NC_001612,false,Picornaviridae Enterovirus A,89.868256,CV-A16,100.0,CV-A16,100.0,Could not assign,
PX448990,23,7358,7390,NC_001612,false,Picornaviridae Enterovirus A,89.868256,CV-A16,100.0,CV-A16,100.0,Could not assign,
PX448989,23,7358,7390,NC_001612,false,Picornaviridae Enterovirus A,89.85468,CV-A16,100.0,CV-A16,100.0,Could not assign,
PQ872502,2445,891,3336,NC_001612,false,Picornaviridae Enterovirus A,90.68462,CV-A16,100.0,CV-A16,100.0,Could not assign,
PQ872530,2445,891,3336,NC_001612,false,Picornaviridae Enterovirus A,90.909096,CV-A16,100.0,CV-A16,100.0,A,82.0
PQ872537,2445,891,3336,NC_001612,false,Picornaviridae Enterovirus A,90.572395,CV-A16,100.0,CV-A16,100.0,A,93.0
PQ872538,2445,891,3336,NC_001612,false,Picornaviridae Enterovirus A,90.79686,CV-A16,100.0,CV-A16,100.0,A,84.0
PQ872547,2445,891,3336,NC_001612,false,Picornaviridae Enterovirus A,90.79686,CV-A16,100.0,CV-A16,100.0,A,89.0
PQ872521,2445,891,3336,NC_001612,false,Picornaviridae Enterovirus A,90.909096,CV-A16,100.0,CV-A16,100.0,Could not assign,80.0
PQ872701,2445,891,3336,NC_001612,false,Picornaviridae Enterovirus A,90.572395,CV-A16,100.0,CV-A16,100.0,Could not assign,85.0
PQ872564,2445,891,3336,NC_001612,false,Picornaviridae Enterovirus A,90.909096,CV-A16,100.0,CV-A16,100.0,A,80.0
PQ872568,2445,891,3336,NC_001612,false,Picornaviridae Enterovirus A,90.909096,CV-A16,100.0,CV-A16,100.0,Could not assign,83.0
PQ872566,2445,891,3336,NC_001612,false,Picornaviridae Enterovirus A,90.79686,CV-A16,100.0,CV-A16,100.0,Could not assign,82.0
PQ872649,2445,891,3336,NC_001612,false,Picornaviridae Enterovirus A,90.46016,CV-A16,100.0,CV-A16,100.0,A,80.0
PQ872639,2445,891,3336,NC_001612,false,Picornaviridae Enterovirus A,90.572395,CV-A16,100.0,CV-A16,100.0,A,84.0
PQ872529,2445,891,3336,NC_001612,false,Picornaviridae Enterovirus A,90.909096,CV-A16,100.0,CV-A16,100.0,A,81.0
PQ872561,2445,891,3336,NC_001612,false,Picornaviridae Enterovirus A,91.021324,CV-A16,100.0,CV-A16,100.0,A,82.0
PQ872688,2445,891,3336,NC_001612,false,Picornaviridae Enterovirus A,90.909096,CV-A16,100.0,CV-A16,100.0,A,80.0
PQ872655,2445,891,3336,NC_001612,false,Picornaviridae Enterovirus A,90.909096,CV-A16,100.0,CV-A16,100.0,Could not assign,
PQ872695,2445,891,3336,NC_001612,false,Picornaviridae Enterovirus A,90.572395,CV-A16,100.0,CV-A16,100.0,A,87.0
PQ872694,2445,891,3336,NC_001612,false,Picornaviridae Enterovirus A,90.68462,CV-A16,100.0,CV-A16,100.0,Could not assign,85.0
PQ872693,2445,891,3336,NC_001612,false,Picornaviridae Enterovirus A,90.68462,CV-A16,100.0,CV-A16,100.0,Could not assign,
PQ872542,2445,891,3336,NC_001612,false,Picornaviridae Enterovirus A,91.021324,CV-A16,100.0,CV-A16,100.0,A,81.0
PQ872534,2445,891,3336,NC_001612,false,Picornaviridae Enterovirus A,91.021324,CV-A16,100.0,CV-A16,100.0,Could not assign,
PQ872533,2445,891,3336,NC_001612,false,Picornaviridae Enterovirus A,91.021324,CV-A16,100.0,CV-A16,100.0,A,82.0
PQ872638,2445,891,3336,NC_001612,false,Picornaviridae Enterovirus A,90.572395,CV-A16,100.0,CV-A16,100.0,A,85.0
PX449031,64,7329,7401,NC_001612,false,Picornaviridae Enterovirus A,90.35997,CV-A16,100.0,CV-A16,100.0,Could not assign,
PX448988,23,7358,7390,NC_001612,false,Picornaviridae Enterovirus A,89.94975,CV-A16,100.0,CV-A16,100.0,Could not assign,
PX448986,23,7358,7390,NC_001612,false,Picornaviridae Enterovirus A,89.963326,CV-A16,100.0,CV-A16,100.0,Could not assign,
PX448987,23,7358,7390,NC_001612,false,Picornaviridae Enterovirus A,89.963326,CV-A16,100.0,CV-A16,100.0,Could not assign,
PQ872601,2445,891,3336,NC_001612,false,Picornaviridae Enterovirus A,90.909096,CV-A16,100.0,CV-A16,100.0,Could not assign,
PQ872555,2445,891,3336,NC_001612,false,Picornaviridae Enterovirus A,90.34792,CV-A16,100.0,CV-A16,100.0,A,82.0
PQ872569,2445,891,3336,NC_001612,false,Picornaviridae Enterovirus A,90.46016,CV-A16,100.0,CV-A16,100.0,A,81.0
PX448997,23,7358,7390,NC_001612,false,Picornaviridae Enterovirus A,89.759605,CV-A16,100.0,CV-A16,100.0,A,80.0
PQ872680,2445,891,3336,NC_001612,false,Picornaviridae Enterovirus A,90.46016,CV-A16,100.0,CV-A16,100.0,A,83.0
LC923246,2445,891,3336,NC_001612,false,Picornaviridae Enterovirus A,90.46016,CV-A16,100.0,CV-A16,100.0,Could not assign,82.0
LC923244,2445,891,3336,NC_001612,false,Picornaviridae Enterovirus A,90.46016,CV-A16,100.0,CV-A16,100.0,Could not assign,
LC923257,2445,891,3336,NC_001612,false,Picornaviridae Enterovirus A,90.46016,CV-A16,100.0,CV-A16,100.0,A,87.0
LC923273,2445,891,3336,NC_001612,false,Picornaviridae Enterovirus A,90.34792,CV-A16,100.0,CV-A16,100.0,A,81.0
LC923272,2445,891,3336,NC_001612,false,Picornaviridae Enterovirus A,90.34792,CV-A16,100.0,CV-A16,100.0,Could not assign,
LC923250,2445,891,3336,NC_001612,false,Picornaviridae Enterovirus A,90.34792,CV-A16,100.0,CV-A16,100.0,A,80.0
LC923240,2445,891,3336,NC_001612,false,Picornaviridae Enterovirus A,90.34792,CV-A16,100.0,CV-A16,100.0,Could not assign,86.0
PQ872678,2445,891,3336,NC_001612,false,Picornaviridae Enterovirus A,91.021324,CV-A16,100.0,CV-A16,100.0,A,84.0
LC923245,2445,891,3336,NC_001612,false,Picornaviridae Enterovirus A,90.909096,CV-A16,100.0,CV-A16,100.0,Could not assign,
PQ872557,2445,891,3336,NC_001612,false,Picornaviridae Enterovirus A,91.021324,CV-A16,100.0,CV-A16,100.0,A,81.0
LC923307,2445,891,3336,NC_001612,false,Picornaviridae Enterovirus A,91.021324,CV-A16,100.0,CV-A16,100.0,A,82.0
LC923262,2445,891,3336,NC_001612,false,Picornaviridae Enterovirus A,90.79686,CV-A16,100.0,CV-A16,100.0,Could not assign,
PQ872697,2445,891,3336,NC_001612,false,Picornaviridae Enterovirus A,91.13356,CV-A16,100.0,CV-A16,100.0,Could not assign,
PX449028,23,7359,7390,NC_001612,false,Picornaviridae Enterovirus A,89.97827,CV-A16,100.0,CV-A16,100.0,Could not assign,
LC923316,2445,891,3336,NC_001612,false,Picornaviridae Enterovirus A,90.909096,CV-A16,100.0,CV-A16,100.0,Could not assign,
LC923259,2445,891,3336,NC_001612,false,Picornaviridae Enterovirus A,90.909096,CV-A16,100.0,CV-A16,100.0,Could not assign,
LC923251,2445,891,3336,NC_001612,false,Picornaviridae Enterovirus A,91.021324,CV-A16,100.0,CV-A16,100.0,Could not assign,
LC923260,2445,891,3336,NC_001612,false,Picornaviridae Enterovirus A,91.021324,CV-A16,100.0,CV-A16,100.0,Could not assign,
PQ872679,2445,891,3336,NC_001612,false,Picornaviridae Enterovirus A,91.021324,CV-A16,100.0,CV-A16,100.0,Could not assign,
LC923326,2445,891,3336,NC_001612,false,Picornaviridae Enterovirus A,90.79686,CV-A16,100.0,CV-A16,100.0,Could not assign,
LC923327,2445,891,3336,NC_001612,false,Picornaviridae Enterovirus A,90.79686,CV-A16,100.0,CV-A16,100.0,Could not assign,80.0
LC923332,2445,891,3336,NC_001612,false,Picornaviridae Enterovirus A,90.79686,CV-A16,100.0,CV-A16,100.0,Could not assign,82.0
LC923333,2445,891,3336,NC_001612,false,Picornaviridae Enterovirus A,90.572395,CV-A16,100.0,CV-A16,100.0,A,89.0
LC923322,2445,891,3336,NC_001612,false,Picornaviridae Enterovirus A,90.68462,CV-A16,100.0,CV-A16,100.0,A,81.0
LC923314,2445,891,3336,NC_001612,false,Picornaviridae Enterovirus A,90.68462,CV-A16,100.0,CV-A16,100.0,A,80.0
LC923328,2445,891,3336,NC_001612,false,Picornaviridae Enterovirus A,90.68462,CV-A16,100.0,CV-A16,100.0,A,85.0
PQ872673,2445,891,3336,NC_001612,false,Picornaviridae Enterovirus A,90.909096,CV-A16,100.0,CV-A16,100.0,Could not assign,
PQ872615,2445,891,3336,NC_001612,false,Picornaviridae Enterovirus A,90.909096,CV-A16,100.0,CV-A16,100.0,Could not assign,
PQ872594,2445,891,3336,NC_001612,false,Picornaviridae Enterovirus A,91.021324,CV-A16,100.0,CV-A16,100.0,Could not assign,
PQ872595,2445,891,3336,NC_001612,false,Picornaviridae Enterovirus A,91.021324,CV-A16,100.0,CV-A16,100.0,Could not assign,83.0
PQ872596,2445,891,3336,NC_001612,false,Picornaviridae Enterovirus A,91.021324,CV-A16,100.0,CV-A16,100.0,Could not assign,
PX449030,64,7331,7401,NC_001612,false,Picornaviridae Enterovirus A,90.49632,CV-A16,100.0,CV-A16,100.0,Could not assign,83.0
PQ872645,2445,891,3336,NC_001612,false,Picornaviridae Enterovirus A,90.909096,CV-A16,100.0,CV-A16,100.0,Could not assign,
LC923298,2445,891,3336,NC_001612,false,Picornaviridae Enterovirus A,90.909096,CV-A16,100.0,CV-A16,100.0,A,84.0
LC923315,2445,891,3336,NC_001612,false,Picornaviridae Enterovirus A,90.79686,CV-A16,100.0,CV-A16,100.0,Could not assign,
LC923319,2445,891,3336,NC_001612,false,Picornaviridae Enterovirus A,90.79686,CV-A16,100.0,CV-A16,100.0,A,83.0
LC923301,2445,891,3336,NC_001612,false,Picornaviridae Enterovirus A,90.79686,CV-A16,100.0,CV-A16,100.0,A,83.0
LC923320,2445,891,3336,NC_001612,false,Picornaviridae Enterovirus A,90.79686,CV-A16,100.0,CV-A16,100.0,Could not assign,
LC923325,2445,891,3336,NC_001612,false,Picornaviridae Enterovirus A,90.572395,CV-A16,100.0,CV-A16,100.0,A,81.0
LC923324,2445,891,3336,NC_001612,false,Picornaviridae Enterovirus A,90.68462,CV-A16,100.0,CV-A16,100.0,A,81.0
LC923329,2445,891,3336,NC_001612,false,Picornaviridae Enterovirus A,90.68462,CV-A16,100.0,CV-A16,100.0,Could not assign,81.0
LC923331,2445,891,3336,NC_001612,false,Picornaviridae Enterovirus A,90.68462,CV-A16,100.0,CV-A16,100.0,A,82.0
LC923323,2445,891,3336,NC_001612,false,Picornaviridae Enterovirus A,90.68462,CV-A16,100.0,CV-A16,100.0,Could not assign,
LC923321,2445,891,3336,NC_001612,false,Picornaviridae Enterovirus A,90.68462,CV-A16,100.0,CV-A16,100.0,A,81.0
LC923330,2445,891,3336,NC_001612,false,Picornaviridae Enterovirus A,90.68462,CV-A16,100.0,CV-A16,100.0,A,80.0
PQ872614,2445,891,3336,NC_001612,false,Picornaviridae Enterovirus A,90.572395,CV-A16,100.0,CV-A16,100.0,A,88.0
PQ872661,2445,891,3336,NC_001612,false,Picornaviridae Enterovirus A,90.79686,CV-A16,100.0,CV-A16,100.0,Could not assign,
PQ872644,2445,891,3336,NC_001612,false,Picornaviridae Enterovirus A,90.68462,CV-A16,100.0,CV-A16,100.0,A,89.0
PQ872562,2445,891,3336,NC_001612,false,Picornaviridae Enterovirus A,90.909096,CV-A16,100.0,CV-A16,100.0,A,85.0
PQ872586,2445,891,3336,NC_001612,false,Picornaviridae Enterovirus A,90.909096,CV-A16,100.0,CV-A16,100.0,A,88.0
PQ872539,2445,891,3336,NC_001612,false,Picornaviridae Enterovirus A,90.79686,CV-A16,100.0,CV-A16,100.0,A,80.0
PQ872560,2445,891,3336,NC_001612,false,Picornaviridae Enterovirus A,90.68462,CV-A16,100.0,CV-A16,100.0,A,81.0
PQ872574,2445,891,3336,NC_001612,false,Picornaviridae Enterovirus A,91.021324,CV-A16,100.0,CV-A16,100.0,A,81.0
LC923215,2445,891,3336,NC_001612,false,Picornaviridae Enterovirus A,90.909096,CV-A16,100.0,CV-A16,100.0,Could not assign,
PQ872670,2445,891,3336,NC_001612,false,Picornaviridae Enterovirus A,90.68462,CV-A16,100.0,CV-A16,100.0,A,86.0
PQ872669,2445,891,3336,NC_001612,false,Picornaviridae Enterovirus A,90.68462,CV-A16,100.0,CV-A16,100.0,A,84.0
PQ872702,2445,891,3336,NC_001612,false,Picornaviridae Enterovirus A,90.79686,CV-A16,100.0,CV-A16,100.0,A,87.0
PQ872656,2445,891,3336,NC_001612,false,Picornaviridae Enterovirus A,90.68462,CV-A16,100.0,CV-A16,100.0,A,85.0
PQ872653,2445,891,3336,NC_001612,false,Picornaviridae Enterovirus A,90.79686,CV-A16,100.0,CV-A16,100.0,Could not assign,
PQ872652,2445,891,3336,NC_001612,false,Picornaviridae Enterovirus A,90.79686,CV-A16,100.0,CV-A16,100.0,A,82.0
PQ872599,2445,891,3336,NC_001612,false,Picornaviridae Enterovirus A,90.68462,CV-A16,100.0,CV-A16,100.0,Could not assign,
PQ872648,2445,891,3336,NC_001612,false,Picornaviridae Enterovirus A,90.68462,CV-A16,100.0,CV-A16,100.0,A,87.0
PQ872705,2445,891,3336,NC_001612,false,Picornaviridae Enterovirus A,90.79686,CV-A16,100.0,CV-A16,100.0,A,81.0
PQ872696,2445,891,3336,NC_001612,false,Picornaviridae Enterovirus A,90.572395,CV-A16,100.0,CV-A16,100.0,A,89.0
PQ872629,2445,891,3336,NC_001612,false,Picornaviridae Enterovirus A,90.572395,CV-A16,100.0,CV-A16,100.0,A,87.0
PQ872704,2445,891,3336,NC_001612,false,Picornaviridae Enterovirus A,90.68462,CV-A16,100.0,CV-A16,100.0,A,84.0
PQ872637,2445,891,3336,NC_001612,false,Picornaviridae Enterovirus A,90.68462,CV-A16,100.0,CV-A16,100.0,A,85.0
PQ872703,2445,891,3336,NC_001612,false,Picornaviridae Enterovirus A,90.68462,CV-A16,100.0,CV-A16,100.0,A,83.0
PQ872628,2445,891,3336,NC_001612,false,Picornaviridae Enterovirus A,90.79686,CV-A16,100.0,CV-A16,100.0,A,85.0
PQ872559,2445,891,3336,NC_001612,false,Picornaviridae Enterovirus A,90.572395,CV-A16,100.0,CV-A16,100.0,A,88.0
PQ872570,2445,891,3336,NC_001612,false,Picornaviridae Enterovirus A,90.572395,CV-A16,100.0,CV-A16,100.0,A,83.0
PX449026,23,7358,7390,NC_001612,false,Picornaviridae Enterovirus A,89.6917,CV-A16,100.0,CV-A16,100.0,A,87.0
PX449027,23,7358,7390,NC_001612,false,Picornaviridae Enterovirus A,89.6917,CV-A16,100.0,CV-A16,100.0,A,89.0
PQ872681,2445,891,3336,NC_001612,false,Picornaviridae Enterovirus A,90.34792,CV-A16,100.0,CV-A16,100.0,A,91.0
PQ872575,2445,891,3336,NC_001612,false,Picornaviridae Enterovirus A,90.572395,CV-A16,100.0,CV-A16,100.0,A,90.0
PQ872572,2445,891,3336,NC_001612,false,Picornaviridae Enterovirus A,90.68462,CV-A16,100.0,CV-A16,100.0,A,88.0
PQ872604,2445,891,3336,NC_001612,false,Picornaviridae Enterovirus A,90.68462,CV-A16,100.0,CV-A16,100.0,A,92.0
PQ872691,2445,891,3336,NC_001612,false,Picornaviridae Enterovirus A,90.68462,CV-A16,100.0,CV-A16,100.0,A,90.0
PQ872672,2445,891,3336,NC_001612,false,Picornaviridae Enterovirus A,90.572395,CV-A16,100.0,CV-A16,100.0,A,84.0
PQ872619,2445,891,3336,NC_001612,false,Picornaviridae Enterovirus A,90.572395,CV-A16,100.0,CV-A16,100.0,A,84.0
PQ872618,2445,891,3336,NC_001612,false,Picornaviridae Enterovirus A,90.572395,CV-A16,100.0,CV-A16,100.0,A,82.0
PQ872617,2445,891,3336,NC_001612,false,Picornaviridae Enterovirus A,90.572395,CV-A16,100.0,CV-A16,100.0,Could not assign,83.0
PQ872616,2445,891,3336,NC_001612,false,Picornaviridae Enterovirus A,90.572395,CV-A16,100.0,CV-A16,100.0,A,85.0
PQ872621,2445,891,3336,NC_001612,false,Picornaviridae Enterovirus A,90.46016,CV-A16,100.0,CV-A16,100.0,A,84.0
PQ872625,2445,891,3336,NC_001612,false,Picornaviridae Enterovirus A,90.46016,CV-A16,100.0,CV-A16,100.0,A,85.0
PQ872623,2445,891,3336,NC_001612,false,Picornaviridae Enterovirus A,90.34792,CV-A16,100.0,CV-A16,100.0,A,89.0
PQ872624,2445,891,3336,NC_001612,false,Picornaviridae Enterovirus A,90.34792,CV-A16,100.0,CV-A16,100.0,A,84.0
PQ872581,2445,891,3336,NC_001612,false,Picornaviridae Enterovirus A,91.13356,CV-A16,100.0,CV-A16,100.0,Could not assign,87.0
PQ872675,2445,891,3336,NC_001612,false,Picornaviridae Enterovirus A,91.13356,CV-A16,100.0,CV-A16,100.0,Could not assign,85.0
PQ872583,2445,891,3336,NC_001612,false,Picornaviridae Enterovirus A,91.021324,CV-A16,100.0,CV-A16,100.0,A,89.0
LC923261,2445,891,3336,NC_001612,false,Picornaviridae Enterovirus A,90.68462,CV-A16,100.0,CV-A16,100.0,A,87.0
PQ872584,2445,891,3336,NC_001612,false,Picornaviridae Enterovirus A,91.021324,CV-A16,100.0,CV-A16,100.0,A,87.0
PQ872554,2445,891,3336,NC_001612,false,Picornaviridae Enterovirus A,90.909096,CV-A16,100.0,CV-A16,100.0,A,82.0
PQ872654,2445,891,3336,NC_001612,false,Picornaviridae Enterovirus A,91.021324,CV-A16,100.0,CV-A16,100.0,Could not assign,82.0
PQ872563,2445,891,3336,NC_001612,false,Picornaviridae Enterovirus A,90.79686,CV-A16,100.0,CV-A16,100.0,Could not assign,81.0
PQ872550,2445,891,3336,NC_001612,false,Picornaviridae Enterovirus A,90.79686,CV-A16,100.0,CV-A16,100.0,A,86.0
PQ872549,2445,891,3336,NC_001612,false,Picornaviridae Enterovirus A,90.79686,CV-A16,100.0,CV-A16,100.0,Could not assign,84.0
PQ872543,2445,891,3336,NC_001612,false,Picornaviridae Enterovirus A,90.79686,CV-A16,100.0,CV-A16,100.0,A,80.0
PQ872541,2445,891,3336,NC_001612,false,Picornaviridae Enterovirus A,90.68462,CV-A16,100.0,CV-A16,100.0,A,82.0
PQ872556,2445,891,3336,NC_001612,false,Picornaviridae Enterovirus A,90.572395,CV-A16,100.0,CV-A16,100.0,A,80.0
PQ872626,2445,891,3336,NC_001612,false,Picornaviridae Enterovirus A,90.909096,CV-A16,100.0,CV-A16,100.0,A,81.0
PQ872585,2445,891,3336,NC_001612,false,Picornaviridae Enterovirus A,90.79686,CV-A16,100.0,CV-A16,100.0,A,84.0
PQ872663,2445,891,3336,NC_001612,false,Picornaviridae Enterovirus A,90.68462,CV-A16,100.0,CV-A16,100.0,A,88.0
PQ872664,2445,891,3336,NC_001612,false,Picornaviridae Enterovirus A,90.68462,CV-A16,100.0,CV-A16,100.0,A,80.0
PQ872660,2445,891,3336,NC_001612,false,Picornaviridae Enterovirus A,90.68462,CV-A16,100.0,CV-A16,100.0,Could not assign,88.0
PQ872659,2445,891,3336,NC_001612,false,Picornaviridae Enterovirus A,90.68462,CV-A16,100.0,CV-A16,100.0,A,88.0
PX449012,23,7358,7390,NC_001612,false,Picornaviridae Enterovirus A,89.813934,CV-A16,100.0,CV-A16,100.0,A,80.0
PQ872565,2445,891,3336,NC_001612,false,Picornaviridae Enterovirus A,90.46016,CV-A16,100.0,CV-A16,100.0,A,80.0
PX449008,23,7358,7390,NC_001612,false,Picornaviridae Enterovirus A,89.77319,CV-A16,100.0,CV-A16,100.0,Could not assign,
PX449007,23,7358,7390,NC_001612,false,Picornaviridae Enterovirus A,89.827515,CV-A16,100.0,CV-A16,100.0,Could not assign,
PX449011,23,7358,7390,NC_001612,false,Picornaviridae Enterovirus A,89.70668,CV-A16,100.0,CV-A16,100.0,Could not assign,
PX449005,23,7358,7390,NC_001612,false,Picornaviridae Enterovirus A,89.813934,CV-A16,100.0,CV-A16,100.0,Could not assign,
PX449010,23,7359,7390,NC_001612,false,Picornaviridae Enterovirus A,89.65237,CV-A16,100.0,CV-A16,100.0,Could not assign,
PX449002,23,7358,7390,NC_001612,false,Picornaviridae Enterovirus A,89.813934,CV-A16,99.0,CV-A16,100.0,Could not assign,
PX449029,23,7355,7390,NC_001612,false,Picornaviridae Enterovirus A,89.14992,CV-A16,100.0,CV-A16,100.0,Could not assign,
PX449000,23,7358,7390,NC_001612,false,Picornaviridae Enterovirus A,89.800354,CV-A16,100.0,CV-A16,100.0,Could not assign,
PX449034,64,7331,7401,NC_001612,false,Picornaviridae Enterovirus A,90.30543,CV-A16,100.0,CV-A16,100.0,Could not assign,
PX449001,23,7358,7390,NC_001612,false,Picornaviridae Enterovirus A,89.800354,CV-A16,100.0,CV-A16,100.0,Could not assign,
PX448999,23,7358,7390,NC_001612,false,Picornaviridae Enterovirus A,89.813934,CV-A16,100.0,CV-A16,100.0,Could not assign,
PX449003,23,7358,7390,NC_001612,false,Picornaviridae Enterovirus A,89.841095,CV-A16,100.0,CV-A16,100.0,Could not assign,
PX448998,23,7358,7390,NC_001612,false,Picornaviridae Enterovirus A,89.827515,CV-A16,100.0,CV-A16,100.0,Could not assign,
PX449006,23,7358,7390,NC_001612,false,Picornaviridae Enterovirus A,89.827515,CV-A16,100.0,CV-A16,100.0,Could not assign,
PX449033,64,7330,7401,NC_001612,false,Picornaviridae Enterovirus A,90.22362,CV-A16,100.0,CV-A16,100.0,Could not assign,
PX449035,64,7330,7401,NC_001612,false,Picornaviridae Enterovirus A,90.250885,CV-A16,100.0,CV-A16,100.0,Could not assign,
PX449004,23,7358,7390,NC_001612,false,Picornaviridae Enterovirus A,89.813934,CV-A16,100.0,CV-A16,100.0,Could not assign,
PX449009,23,7359,7390,NC_001612,false,Picornaviridae Enterovirus A,89.72026,CV-A16,100.0,CV-A16,100.0,Could not assign,
PQ872522,2445,891,3336,NC_001612,false,Picornaviridae Enterovirus A,90.909096,CV-A16,100.0,CV-A16,100.0,Could not assign,
PQ872519,2445,891,3336,NC_001612,false,Picornaviridae Enterovirus A,90.909096,CV-A16,100.0,CV-A16,100.0,Could not assign,80.0
PQ872520,2445,891,3336,NC_001612,false,Picornaviridae Enterovirus A,90.909096,CV-A16,100.0,CV-A16,100.0,A,81.0
PQ872546,2445,891,3336,NC_001612,false,Picornaviridae Enterovirus A,90.909096,CV-A16,100.0,CV-A16,100.0,A,94.0
PQ872576,2445,891,3336,NC_001612,false,Picornaviridae Enterovirus A,90.68462,CV-A16,100.0,CV-A16,100.0,A,88.0
PQ872622,2445,891,3336,NC_001612,false,Picornaviridae Enterovirus A,90.572395,CV-A16,100.0,CV-A16,100.0,A,82.0
PQ872591,2445,891,3336,NC_001612,false,Picornaviridae Enterovirus A,90.68462,CV-A16,100.0,CV-A16,100.0,A,80.0
PQ872592,2445,891,3336,NC_001612,false,Picornaviridae Enterovirus A,90.68462,CV-A16,100.0,CV-A16,100.0,A,82.0
LC923312,2445,891,3336,NC_001612,false,Picornaviridae Enterovirus A,90.572395,CV-A16,100.0,CV-A16,100.0,A,81.0
PQ872647,2445,891,3336,NC_001612,false,Picornaviridae Enterovirus A,90.68462,CV-A16,100.0,CV-A16,100.0,A,84.0
PQ872650,2445,891,3336,NC_001612,false,Picornaviridae Enterovirus A,90.68462,CV-A16,100.0,CV-A16,100.0,Could not assign,83.0
PX448995,23,7358,7390,NC_001612,false,Picornaviridae Enterovirus A,89.841095,CV-A16,100.0,CV-A16,100.0,Could not assign,
PX449032,64,7331,7401,NC_001612,false,Picornaviridae Enterovirus A,90.30543,CV-A16,100.0,CV-A16,100.0,Could not assign,83.0
PQ872611,2445,891,3336,NC_001612,false,Picornaviridae Enterovirus A,90.34792,CV-A16,100.0,CV-A16,100.0,A,84.0
PX448996,23,7358,7390,NC_001612,false,Picornaviridae Enterovirus A,89.67812,CV-A16,100.0,CV-A16,100.0,Could not assign,
PQ872692,2445,891,3336,NC_001612,false,Picornaviridae Enterovirus A,90.46016,CV-A16,100.0,CV-A16,100.0,Could not assign,89.0
PQ872573,2445,891,3336,NC_001612,false,Picornaviridae Enterovirus A,90.572395,CV-A16,100.0,CV-A16,100.0,A,84.0
PQ872567,2445,891,3336,NC_001612,false,Picornaviridae Enterovirus A,90.572395,CV-A16,100.0,CV-A16,100.0,Could not assign,
PQ872700,2445,891,3336,NC_001612,false,Picornaviridae Enterovirus A,90.572395,CV-A16,100.0,CV-A16,100.0,Could not assign,85.0
PQ872699,2445,891,3336,NC_001612,false,Picornaviridae Enterovirus A,90.46016,CV-A16,100.0,CV-A16,100.0,A,88.0
PQ872598,2445,891,3336,NC_001612,false,Picornaviridae Enterovirus A,90.572395,CV-A16,100.0,CV-A16,100.0,Could not assign,85.0
PQ872608,2445,891,3336,NC_001612,false,Picornaviridae Enterovirus A,90.68462,CV-A16,100.0,CV-A16,100.0,Could not assign,81.0
PX448993,23,7359,7390,NC_001612,false,Picornaviridae Enterovirus A,89.67952,CV-A16,100.0,CV-A16,100.0,Could not assign,
PX448994,23,7358,7390,NC_001612,false,Picornaviridae Enterovirus A,89.813934,CV-A16,100.0,CV-A16,100.0,Could not assign,
PQ872684,2445,891,3336,NC_001612,false,Picornaviridae Enterovirus A,90.572395,CV-A16,100.0,CV-A16,100.0,A,80.0
PQ872685,2445,891,3336,NC_001612,false,Picornaviridae Enterovirus A,90.46016,CV-A16,100.0,CV-A16,100.0,Could not assign,
PQ872613,2445,891,3336,NC_001612,false,Picornaviridae Enterovirus A,90.909096,CV-A16,100.0,CV-A16,100.0,A,80.0
PQ872612,2445,891,3336,NC_001612,false,Picornaviridae Enterovirus A,90.909096,CV-A16,100.0,CV-A16,100.0,A,83.0
PX449015,23,7358,7390,NC_001612,false,Picornaviridae Enterovirus A,89.732445,CV-A16,100.0,CV-A16,100.0,A,80.0
PX449019,23,7358,7390,NC_001612,false,Picornaviridae Enterovirus A,89.746025,CV-A16,100.0,CV-A16,100.0,Could not assign,
PX449020,23,7358,7390,NC_001612,false,Picornaviridae Enterovirus A,89.78677,CV-A16,100.0,CV-A16,100.0,A,83.0
PX449024,23,7359,7390,NC_001612,false,Picornaviridae Enterovirus A,89.50299,CV-A16,100.0,CV-A16,100.0,Could not assign,89.0
PX449017,23,7358,7390,NC_001612,false,Picornaviridae Enterovirus A,89.732445,CV-A16,100.0,CV-A16,100.0,Could not assign,
PX449022,23,7358,7390,NC_001612,false,Picornaviridae Enterovirus A,89.841095,CV-A16,100.0,CV-A16,100.0,A,81.0
PX449014,23,7358,7390,NC_001612,false,Picornaviridae Enterovirus A,89.718864,CV-A16,100.0,CV-A16,100.0,A,85.0
PX449016,23,7358,7390,NC_001612,false,Picornaviridae Enterovirus A,89.732445,CV-A16,100.0,CV-A16,100.0,A,88.0
LC923209,2445,891,3336,NC_001612,false,Picornaviridae Enterovirus A,90.909096,CV-A16,100.0,CV-A16,100.0,A,82.0
LC925556,2445,891,3336,NC_001612,false,Picornaviridae Enterovirus A,90.909096,CV-A16,100.0,CV-A16,100.0,Could not assign,
PX449018,23,7358,7390,NC_001612,false,Picornaviridae Enterovirus A,89.705284,CV-A16,100.0,CV-A16,100.0,A,87.0
PX449023,23,7359,7390,NC_001612,false,Picornaviridae Enterovirus A,89.584465,CV-A16,100.0,CV-A16,100.0,A,90.0
PQ872686,2445,891,3336,NC_001612,false,Picornaviridae Enterovirus A,90.909096,CV-A16,100.0,CV-A16,100.0,A,83.0
PQ872690,2445,891,3336,NC_001612,false,Picornaviridae Enterovirus A,90.909096,CV-A16,100.0,CV-A16,100.0,A,81.0
PQ872687,2445,891,3336,NC_001612,false,Picornaviridae Enterovirus A,90.909096,CV-A16,100.0,CV-A16,100.0,Could not assign,84.0
PX449021,23,7358,7390,NC_001612,false,Picornaviridae Enterovirus A,89.85468,CV-A16,100.0,CV-A16,100.0,Could not assign,80.0
PX449013,23,7358,7390,NC_001612,false,Picornaviridae Enterovirus A,89.78677,CV-A16,100.0,CV-A16,100.0,A,88.0
LC923231,2445,891,3336,NC_001612,false,Picornaviridae Enterovirus A,90.68462,CV-A16,100.0,CV-A16,100.0,A,91.0
LC923282,2445,891,3336,NC_001612,false,Picornaviridae Enterovirus A,90.909096,CV-A16,100.0,CV-A16,100.0,A,91.0
LC923195,2445,891,3336,NC_001612,false,Picornaviridae Enterovirus A,90.909096,CV-A16,100.0,CV-A16,100.0,A,88.0
LC925542,2445,891,3336,NC_001612,false,Picornaviridae Enterovirus A,90.909096,CV-A16,100.0,CV-A16,100.0,A,87.0
PX449025,23,7358,7390,NC_001612,false,Picornaviridae Enterovirus A,89.6917,CV-A16,100.0,CV-A16,100.0,A,90.0
PX449036,64,7331,7401,NC_001612,false,Picornaviridae Enterovirus A,90.19635,CV-A16,100.0,CV-A16,100.0,A,91.0
LC923194,2445,891,3336,NC_001612,false,Picornaviridae Enterovirus A,90.79686,CV-A16,100.0,CV-A16,100.0,A,90.0
LC925543,2445,891,3336,NC_001612,false,Picornaviridae Enterovirus A,90.79686,CV-A16,100.0,CV-A16,100.0,Could not assign,84.0
LC923196,2445,891,3336,NC_001612,false,Picornaviridae Enterovirus A,90.79686,CV-A16,100.0,CV-A16,100.0,A,91.0
LC925541,2445,891,3336,NC_001612,false,Picornaviridae Enterovirus A,90.79686,CV-A16,100.0,CV-A16,100.0,A,87.0
LC923210,2445,891,3336,NC_001612,false,Picornaviridae Enterovirus A,90.572395,CV-A16,100.0,CV-A16,100.0,A,81.0
LC925557,2445,891,3336,NC_001612,false,Picornaviridae Enterovirus A,90.572395,CV-A16,100.0,CV-A16,100.0,A,85.0
LC923206,2445,891,3336,NC_001612,false,Picornaviridae Enterovirus A,90.572395,CV-A16,100.0,CV-A16,100.0,A,86.0
LC925553,2445,891,3336,NC_001612,false,Picornaviridae Enterovirus A,90.572395,CV-A16,100.0,CV-A16,100.0,A,87.0
LC923258,2445,891,3336,NC_001612,false,Picornaviridae Enterovirus A,90.909096,CV-A16,100.0,CV-A16,100.0,A,84.0
LC923211,2445,891,3336,NC_001612,false,Picornaviridae Enterovirus A,90.68462,CV-A16,100.0,CV-A16,100.0,A,84.0
LC925558,2445,891,3336,NC_001612,false,Picornaviridae Enterovirus A,90.68462,CV-A16,100.0,CV-A16,100.0,A,80.0
LC923269,2445,891,3336,NC_001612,false,Picornaviridae Enterovirus A,91.021324,CV-A16,100.0,CV-A16,100.0,A,82.0
LC923271,2445,891,3336,NC_001612,false,Picornaviridae Enterovirus A,90.909096,CV-A16,100.0,CV-A16,100.0,A,88.0
LC923270,2445,891,3336,NC_001612,false,Picornaviridae Enterovirus A,90.79686,CV-A16,100.0,CV-A16,100.0,A,84.0
AB292123,2607,729,3336,NC_001612,false,Picornaviridae Enterovirus A,96.57065,CV-A16,100.0,CV-A16,100.0,Could not assign,
EU908094,2637,615,3252,NC_001612,false,Picornaviridae Enterovirus A,95.772354,CV-A16,100.0,CV-A16,100.0,Could not assign,
EU908095,2637,615,3252,NC_001612,false,Picornaviridae Enterovirus A,95.60976,CV-A16,100.0,CV-A16,100.0,Could not assign,
AB542203,2614,665,3279,NC_001612,false,Picornaviridae Enterovirus A,99.24812,CV-A16,100.0,CV-A16,100.0,B1a,85.0
MH084293,2424,798,3222,NC_001612,false,Picornaviridae Enterovirus A,92.35589,CV-A16,100.0,CV-A16,100.0,Could not assign,
PQ612461,0,7401,7405,NC_001612,false,Picornaviridae Enterovirus A,85.73359,CV-A16,100.0,CV-A16,100.0,A,95.0
LT577755,2445,891,3336,NC_001612,false,Picornaviridae Enterovirus A,91.91919,CV-A16,100.0,CV-A16,100.0,Could not assign,
LT617110,0,7408,7412,NC_001612,false,Picornaviridae Enterovirus A,86.67657,CV-A16,100.0,CV-A16,100.0,Could not assign,
KF956717,2444,891,3335,NC_001612,false,Picornaviridae Enterovirus A,94.16386,CV-A16,100.0,CV-A16,100.0,Could not assign,
KF956715,2444,891,3335,NC_001612,false,Picornaviridae Enterovirus A,92.59259,CV-A16,100.0,CV-A16,100.0,Could not assign,
KF956714,2444,891,3335,NC_001612,false,Picornaviridae Enterovirus A,92.368126,CV-A16,100.0,CV-A16,100.0,Could not assign,
KF956719,2444,891,3335,NC_001612,false,Picornaviridae Enterovirus A,92.91338,CV-A16,100.0,CV-A16,100.0,Could not assign,
KF956716,2444,891,3335,NC_001612,false,Picornaviridae Enterovirus A,92.59259,CV-A16,100.0,CV-A16,100.0,Could not assign,
KF956718,2444,891,3335,NC_001612,false,Picornaviridae Enterovirus A,92.031425,CV-A16,100.0,CV-A16,100.0,Could not assign,
AY895125,131,3145,3279,NC_001612,false,Picornaviridae Enterovirus A,99.0779,CV-A16,100.0,CV-A16,100.0,B1a,87.0
HM776220,2400,944,3344,NC_001612,false,Picornaviridae Enterovirus A,96.080505,CV-A16,100.0,CV-A16,100.0,Could not assign,81.0
HM776244,2400,944,3344,NC_001612,false,Picornaviridae Enterovirus A,96.504234,CV-A16,100.0,CV-A16,100.0,B1a,82.0
JX975796,2445,891,3336,NC_001612,false,Picornaviridae Enterovirus A,95.39842,CV-A16,100.0,CV-A16,100.0,Could not assign,
AB465371,2445,891,3336,NC_001612,false,Picornaviridae Enterovirus A,97.53087,CV-A16,100.0,CV-A16,100.0,B1a,89.0
AB634304,2445,891,3336,NC_001612,false,Picornaviridae Enterovirus A,97.9798,CV-A16,100.0,CV-A16,100.0,B1a,82.0
JQ746661,7,7391,7402,NC_001612,false,Picornaviridae Enterovirus A,96.68516,CV-A16,100.0,CV-A16,100.0,B1a,86.0
AM292458,2445,891,3336,NC_001612,false,Picornaviridae Enterovirus A,97.3064,CV-A16,100.0,CV-A16,100.0,B1a,87.0
AB465393,2445,891,3336,NC_001612,false,Picornaviridae Enterovirus A,96.85747,CV-A16,100.0,CV-A16,100.0,Could not assign,84.0
JN248389,2445,891,3336,NC_001612,false,Picornaviridae Enterovirus A,96.52077,CV-A16,100.0,CV-A16,100.0,B1a,85.0
AM292472,2445,891,3336,NC_001612,false,Picornaviridae Enterovirus A,96.296295,CV-A16,100.0,CV-A16,100.0,B1a,91.0
AM292445,2445,891,3336,NC_001612,false,Picornaviridae Enterovirus A,96.296295,CV-A16,100.0,CV-A16,100.0,Could not assign,90.0
OQ791556,0,7407,7412,NC_001612,false,Picornaviridae Enterovirus A,92.71059,CV-A16,100.0,CV-A16,100.0,Could not assign,
LT617097,0,7407,7412,NC_001612,false,Picornaviridae Enterovirus A,93.763504,CV-A16,100.0,CV-A16,100.0,B1a,82.0
LT617099,0,7409,7412,NC_001612,false,Picornaviridae Enterovirus A,93.89931,CV-A16,100.0,CV-A16,100.0,B1a,84.0
OQ091677,0,7390,7394,NC_001612,false,Picornaviridae Enterovirus A,90.069,CV-A16,100.0,CV-A16,100.0,Could not assign,
AM292450,2445,891,3336,NC_001612,false,Picornaviridae Enterovirus A,96.18407,CV-A16,100.0,CV-A16,100.0,B1a,85.0
HM776231,2400,944,3344,NC_001612,false,Picornaviridae Enterovirus A,96.080505,CV-A16,100.0,CV-A16,100.0,Could not assign,89.0
HM776237,2400,944,3344,NC_001612,false,Picornaviridae Enterovirus A,95.55085,CV-A16,100.0,CV-A16,100.0,Could not assign,
HM776234,2400,944,3344,NC_001612,false,Picornaviridae Enterovirus A,95.656784,CV-A16,100.0,CV-A16,100.0,Could not assign,
GQ184131,2445,891,3336,NC_001612,false,Picornaviridae Enterovirus A,96.85747,CV-A16,100.0,CV-A16,100.0,B1a,83.0
GQ184136,2445,891,3336,NC_001612,false,Picornaviridae Enterovirus A,96.40853,CV-A16,100.0,CV-A16,100.0,B1a,84.0
LT577712,2445,891,3336,NC_001612,false,Picornaviridae Enterovirus A,96.632996,CV-A16,100.0,CV-A16,100.0,B1a,84.0
AB634400,2445,891,3336,NC_001612,false,Picornaviridae Enterovirus A,95.959595,CV-A16,100.0,CV-A16,100.0,Could not assign,84.0
AB634374,2445,891,3336,NC_001612,false,Picornaviridae Enterovirus A,96.18407,CV-A16,100.0,CV-A16,100.0,B1a,81.0
AM292451,2445,891,3336,NC_001612,false,Picornaviridae Enterovirus A,94.72503,CV-A16,100.0,CV-A16,100.0,B1a,80.0
JN248416,2445,891,3336,NC_001612,false,Picornaviridae Enterovirus A,95.286194,CV-A16,100.0,CV-A16,100.0,Could not assign,
EU908114,2637,615,3252,NC_001612,false,Picornaviridae Enterovirus A,94.796745,CV-A16,100.0,CV-A16,100.0,Could not assign,
AB634421,2445,891,3336,NC_001612,false,Picornaviridae Enterovirus A,93.37823,CV-A16,100.0,CV-A16,100.0,Could not assign,
AB634423,2445,891,3336,NC_001612,false,Picornaviridae Enterovirus A,93.60269,CV-A16,100.0,CV-A16,100.0,Could not assign,
AB634422,2445,891,3336,NC_001612,false,Picornaviridae Enterovirus A,93.60269,CV-A16,100.0,CV-A16,100.0,Could not assign,
AB935245,2607,737,3344,NC_001612,false,Picornaviridae Enterovirus A,94.02985,CV-A16,100.0,CV-A16,100.0,Could not assign,
AB935242,2637,653,3290,NC_001612,false,Picornaviridae Enterovirus A,94.486984,CV-A16,100.0,CV-A16,100.0,Could not assign,
AB935243,2634,703,3337,NC_001612,false,Picornaviridae Enterovirus A,94.167854,CV-A16,100.0,CV-A16,100.0,Could not assign,
MH010204,44,7365,7413,NC_001612,false,Picornaviridae Enterovirus A,91.64175,CV-A16,100.0,CV-A16,100.0,Could not assign,
MH010205,43,7366,7413,NC_001612,false,Picornaviridae Enterovirus A,91.69724,CV-A16,100.0,CV-A16,100.0,Could not assign,
MH644628,2387,1012,3399,NC_001612,false,Picornaviridae Enterovirus A,91.89723,CV-A16,100.0,CV-A16,100.0,Could not assign,
OP562232,750,2575,3325,NC_001612,false,Picornaviridae Enterovirus A,92.14924,CV-A16,100.0,CV-A16,100.0,Could not assign,
OP562200,711,6727,7437,NC_001612,false,Picornaviridae Enterovirus A,92.149254,CV-A16,100.0,CV-A16,100.0,Could not assign,
OP562231,750,2575,3325,NC_001612,false,Picornaviridae Enterovirus A,91.99378,CV-A16,100.0,CV-A16,100.0,Could not assign,
AB634368,2445,891,3336,NC_001612,false,Picornaviridae Enterovirus A,97.08193,CV-A16,100.0,CV-A16,100.0,B1a,88.0
AB634367,2445,891,3336,NC_001612,false,Picornaviridae Enterovirus A,97.08193,CV-A16,100.0,CV-A16,100.0,B1a,84.0
AB634379,2445,891,3336,NC_001612,false,Picornaviridae Enterovirus A,96.40853,CV-A16,100.0,CV-A16,100.0,B1a,90.0
AB634325,2445,891,3336,NC_001612,false,Picornaviridae Enterovirus A,97.3064,CV-A16,100.0,CV-A16,100.0,B1a,89.0
AB634332,2445,891,3336,NC_001612,false,Picornaviridae Enterovirus A,97.3064,CV-A16,100.0,CV-A16,100.0,B1a,83.0
AM292439,2445,891,3336,NC_001612,false,Picornaviridae Enterovirus A,97.08193,CV-A16,100.0,CV-A16,100.0,Could not assign,83.0
AB465404,2445,891,3336,NC_001612,false,Picornaviridae Enterovirus A,95.959595,CV-A16,100.0,CV-A16,100.0,B1a,80.0
AB935237,2619,746,3365,NC_001612,false,Picornaviridae Enterovirus A,94.59085,CV-A16,100.0,CV-A16,100.0,Could not assign,
AB935238,2619,746,3365,NC_001612,false,Picornaviridae Enterovirus A,94.59085,CV-A16,100.0,CV-A16,100.0,Could not assign,
OP562177,2,7408,7414,NC_001612,false,Picornaviridae Enterovirus A,96.610855,CV-A16,100.0,CV-A16,100.0,B1a,87.0
LT577717,2445,891,3336,NC_001612,false,Picornaviridae Enterovirus A,96.18407,CV-A16,100.0,CV-A16,100.0,B1a,82.0
LT577842,2445,891,3336,NC_001612,false,Picornaviridae Enterovirus A,96.52077,CV-A16,100.0,CV-A16,100.0,Could not assign,83.0
LT577841,2445,891,3336,NC_001612,false,Picornaviridae Enterovirus A,96.52077,CV-A16,100.0,CV-A16,100.0,B1a,89.0
JX975800,2445,891,3336,NC_001612,false,Picornaviridae Enterovirus A,96.632996,CV-A16,100.0,CV-A16,100.0,B1a,87.0
KM235828,2445,891,3336,NC_001612,false,Picornaviridae Enterovirus A,96.18407,CV-A16,100.0,CV-A16,100.0,B1a,82.0
KX372338,37,7371,7412,NC_001612,false,Picornaviridae Enterovirus A,95.53596,CV-A16,100.0,CV-A16,100.0,B1a,85.0
KX372337,13,7395,7412,NC_001612,false,Picornaviridae Enterovirus A,95.4693,CV-A16,100.0,CV-A16,100.0,Could not assign,85.0
EU908091,2637,615,3252,NC_001612,false,Picornaviridae Enterovirus A,98.373985,CV-A16,100.0,CV-A16,100.0,B1a,85.0
KM235758,2445,891,3336,NC_001612,false,Picornaviridae Enterovirus A,97.6431,CV-A16,100.0,CV-A16,100.0,B1a,82.0
KM235764,2445,891,3336,NC_001612,false,Picornaviridae Enterovirus A,98.428734,CV-A16,100.0,CV-A16,100.0,B1a,80.0
KM235777,2445,891,3336,NC_001612,false,Picornaviridae Enterovirus A,97.53087,CV-A16,100.0,CV-A16,100.0,B1a,87.0
KM235818,2445,891,3336,NC_001612,false,Picornaviridae Enterovirus A,96.632996,CV-A16,100.0,CV-A16,100.0,B1a,80.0
KM235820,2445,891,3336,NC_001612,false,Picornaviridae Enterovirus A,98.765434,CV-A16,100.0,CV-A16,100.0,Could not assign,83.0
JQ320258,2460,798,3258,NC_001612,false,Picornaviridae Enterovirus A,98.24561,CV-A16,100.0,CV-A16,100.0,B1a,84.0
KC866837,2445,891,3336,NC_001612,false,Picornaviridae Enterovirus A,99.21436,CV-A16,100.0,CV-A16,100.0,B1a,85.0
KM235768,2445,891,3336,NC_001612,false,Picornaviridae Enterovirus A,99.438835,CV-A16,100.0,CV-A16,100.0,B1a,86.0
JX975768,2445,891,3336,NC_001612,false,Picornaviridae Enterovirus A,96.07183,CV-A16,100.0,CV-A16,100.0,Could not assign,82.0
KJ865493,2445,891,3336,NC_001612,false,Picornaviridae Enterovirus A,97.19417,CV-A16,100.0,CV-A16,100.0,B1a,80.0
KM235800,2445,891,3336,NC_001612,false,Picornaviridae Enterovirus A,97.08193,CV-A16,100.0,CV-A16,100.0,B1a,84.0
KP341862,2445,891,3336,NC_001612,false,Picornaviridae Enterovirus A,96.74523,CV-A16,100.0,CV-A16,100.0,B1a,84.0
KM235775,2445,891,3336,NC_001612,false,Picornaviridae Enterovirus A,97.6431,CV-A16,100.0,CV-A16,100.0,B1a,81.0
KC698128,2445,833,3278,NC_001612,false,Picornaviridae Enterovirus A,96.758705,CV-A16,100.0,CV-A16,100.0,B1a,80.0
KM235804,2445,891,3336,NC_001612,false,Picornaviridae Enterovirus A,96.74523,CV-A16,100.0,CV-A16,100.0,Could not assign,85.0
OP562224,2391,909,3300,NC_001612,false,Picornaviridae Enterovirus A,96.614,CV-A16,100.0,CV-A16,100.0,B1a,80.0
OP562185,2,7407,7413,NC_001612,false,Picornaviridae Enterovirus A,96.94842,CV-A16,100.0,CV-A16,100.0,B1a,81.0
KM235858,2445,891,3336,NC_001612,false,Picornaviridae Enterovirus A,97.53087,CV-A16,100.0,CV-A16,100.0,B1a,81.0
LT577780,2445,891,3336,NC_001612,false,Picornaviridae Enterovirus A,96.52077,CV-A16,100.0,CV-A16,100.0,B1a,82.0
LT577783,2445,891,3336,NC_001612,false,Picornaviridae Enterovirus A,96.52077,CV-A16,100.0,CV-A16,100.0,B1a,85.0
LT577827,2445,891,3336,NC_001612,false,Picornaviridae Enterovirus A,96.85747,CV-A16,100.0,CV-A16,100.0,B1a,85.0
OQ091660,0,7409,7413,NC_001612,false,Picornaviridae Enterovirus A,96.09934,CV-A16,100.0,CV-A16,100.0,B1a,82.0
LT577785,2445,891,3336,NC_001612,false,Picornaviridae Enterovirus A,96.85747,CV-A16,100.0,CV-A16,100.0,B1a,82.0
MW462168,2445,891,3336,NC_001612,false,Picornaviridae Enterovirus A,95.51066,CV-A16,100.0,CV-A16,100.0,B1a,80.0
OQ091663,0,7391,7394,NC_001612,false,Picornaviridae Enterovirus A,95.318634,CV-A16,100.0,CV-A16,100.0,Could not assign,89.0
OQ091662,0,7390,7394,NC_001612,false,Picornaviridae Enterovirus A,95.30447,CV-A16,100.0,CV-A16,100.0,B1a,87.0
MT641380,551,3876,4431,NC_001612,false,Picornaviridae Enterovirus A,94.556244,CV-A16,100.0,CV-A16,100.0,Could not assign,
OQ091652,0,7390,7394,NC_001612,false,Picornaviridae Enterovirus A,95.52097,CV-A16,100.0,CV-A16,100.0,B1a,87.0
PP585422,0,7378,7382,NC_001612,false,Picornaviridae Enterovirus A,95.35104,CV-A16,100.0,CV-A16,100.0,B1a,82.0
OQ091651,0,7409,7413,NC_001612,false,Picornaviridae Enterovirus A,95.707924,CV-A16,100.0,CV-A16,100.0,B1a,88.0
PP585411,0,7402,7405,NC_001612,false,Picornaviridae Enterovirus A,95.339096,CV-A16,100.0,CV-A16,100.0,B1a,84.0
OP255977,23,7363,7390,NC_001612,false,Picornaviridae Enterovirus A,94.852646,CV-A16,100.0,CV-A16,100.0,Could not assign,
OQ091664,0,7390,7394,NC_001612,false,Picornaviridae Enterovirus A,94.53315,CV-A16,100.0,CV-A16,100.0,B1a,87.0
PP585414,0,7401,7405,NC_001612,false,Picornaviridae Enterovirus A,94.47372,CV-A16,100.0,CV-A16,100.0,B1a,83.0
PP585413,0,7401,7405,NC_001612,false,Picornaviridae Enterovirus A,94.83854,CV-A16,100.0,CV-A16,100.0,Could not assign,86.0
PQ612459,0,7401,7405,NC_001612,false,Picornaviridae Enterovirus A,93.649506,CV-A16,100.0,CV-A16,100.0,Could not assign,
PQ612460,0,7401,7405,NC_001612,false,Picornaviridae Enterovirus A,93.77111,CV-A16,100.0,CV-A16,100.0,Could not assign,
PQ612462,0,7401,7405,NC_001612,false,Picornaviridae Enterovirus A,93.77111,CV-A16,100.0,CV-A16,100.0,B1a,93.0
OQ091659,0,7390,7394,NC_001612,false,Picornaviridae Enterovirus A,94.91205,CV-A16,100.0,CV-A16,100.0,B1a,85.0
PP585412,0,7401,7405,NC_001612,false,Picornaviridae Enterovirus A,94.66288,CV-A16,100.0,CV-A16,100.0,B1a,83.0
OQ091657,0,7409,7413,NC_001612,false,Picornaviridae Enterovirus A,94.925095,CV-A16,100.0,CV-A16,100.0,B1a,89.0
OQ091658,0,7409,7413,NC_001612,false,Picornaviridae Enterovirus A,94.82502,CV-A16,100.0,CV-A16,100.0,Could not assign,
PP585423,0,7401,7405,NC_001612,false,Picornaviridae Enterovirus A,95.622215,CV-A16,100.0,CV-A16,100.0,B1a,81.0
OQ091653,0,7390,7394,NC_001612,false,Picornaviridae Enterovirus A,95.331535,CV-A16,100.0,CV-A16,100.0,Could not assign,82.0
OQ091655,0,7391,7394,NC_001612,false,Picornaviridae Enterovirus A,95.10215,CV-A16,100.0,CV-A16,100.0,B1a,81.0
PP585421,0,7402,7405,NC_001612,false,Picornaviridae Enterovirus A,94.974335,CV-A16,100.0,CV-A16,100.0,Could not assign,84.0
OQ091654,0,7390,7394,NC_001612,false,Picornaviridae Enterovirus A,95.30447,CV-A16,100.0,CV-A16,100.0,B1a,80.0
OQ091665,0,7403,7405,NC_001612,false,Picornaviridae Enterovirus A,93.97541,CV-A16,100.0,CV-A16,100.0,B1a,81.0
OQ091656,0,7390,7394,NC_001612,false,Picornaviridae Enterovirus A,94.979706,CV-A16,100.0,CV-A16,100.0,B1a,81.0
OQ626424,2445,891,3336,NC_001612,false,Picornaviridae Enterovirus A,94.50056,CV-A16,100.0,CV-A16,100.0,Could not assign,
OQ626485,2445,891,3336,NC_001612,false,Picornaviridae Enterovirus A,94.38833,CV-A16,100.0,CV-A16,100.0,Could not assign,
MH644618,2445,891,3336,NC_001612,false,Picornaviridae Enterovirus A,95.286194,CV-A16,100.0,CV-A16,100.0,B1a,91.0
OQ091661,0,7390,7394,NC_001612,false,Picornaviridae Enterovirus A,94.56022,CV-A16,100.0,CV-A16,100.0,B1a,84.0
OQ626511,2445,891,3336,NC_001612,false,Picornaviridae Enterovirus A,95.06173,CV-A16,100.0,CV-A16,100.0,B1a,80.0
JF695008,2445,891,3336,NC_001612,false,Picornaviridae Enterovirus A,97.08193,CV-A16,100.0,CV-A16,100.0,B1a,82.0
JF695005,2445,891,3336,NC_001612,false,Picornaviridae Enterovirus A,98.428734,CV-A16,100.0,CV-A16,100.0,B1a,83.0
KP341770,2445,891,3336,NC_001612,false,Picornaviridae Enterovirus A,97.75533,CV-A16,100.0,CV-A16,100.0,B1a,91.0
JF695002,2445,891,3336,NC_001612,false,Picornaviridae Enterovirus A,98.9899,CV-A16,100.0,CV-A16,100.0,B1a,85.0
LC012456,2445,891,3336,NC_001612,false,Picornaviridae Enterovirus A,96.85747,CV-A16,100.0,CV-A16,100.0,B1a,82.0
MZ671842,64,7333,7401,NC_001612,false,Picornaviridae Enterovirus A,98.05018,CV-A16,100.0,CV-A16,100.0,B1a,88.0
KM047919,2466,851,3317,NC_001612,false,Picornaviridae Enterovirus A,98.237366,CV-A16,100.0,CV-A16,100.0,B1a,85.0
KX871320,2445,891,3336,NC_001612,false,Picornaviridae Enterovirus A,96.07183,CV-A16,100.0,CV-A16,100.0,B1a,83.0
KX871369,2445,891,3336,NC_001612,false,Picornaviridae Enterovirus A,96.07183,CV-A16,100.0,CV-A16,100.0,Could not assign,82.0
KR138373,2445,891,3336,NC_001612,false,Picornaviridae Enterovirus A,96.07183,CV-A16,100.0,CV-A16,100.0,Could not assign,
KR138372,2445,891,3336,NC_001612,false,Picornaviridae Enterovirus A,96.07183,CV-A16,100.0,CV-A16,100.0,Could not assign,
MZ671871,64,7333,7401,NC_001612,false,Picornaviridae Enterovirus A,96.10036,CV-A16,100.0,CV-A16,100.0,Could not assign,
KR138370,2445,891,3336,NC_001612,false,Picornaviridae Enterovirus A,95.51066,CV-A16,100.0,CV-A16,100.0,Could not assign,
KX871349,2445,891,3336,NC_001612,false,Picornaviridae Enterovirus A,95.84736,CV-A16,100.0,CV-A16,100.0,Could not assign,
MH517013,2445,891,3336,NC_001612,false,Picornaviridae Enterovirus A,96.07183,CV-A16,100.0,CV-A16,100.0,Could not assign,
MH516986,2445,891,3336,NC_001612,false,Picornaviridae Enterovirus A,96.07183,CV-A16,100.0,CV-A16,100.0,Could not assign,
MH516985,2445,891,3336,NC_001612,false,Picornaviridae Enterovirus A,96.07183,CV-A16,100.0,CV-A16,100.0,Could not assign,
MH516984,2445,891,3336,NC_001612,false,Picornaviridae Enterovirus A,95.73513,CV-A16,100.0,CV-A16,100.0,Could not assign,
KR138374,2445,891,3336,NC_001612,false,Picornaviridae Enterovirus A,95.73513,CV-A16,100.0,CV-A16,100.0,Could not assign,
KU596001,2445,891,3336,NC_001612,false,Picornaviridae Enterovirus A,95.73513,CV-A16,100.0,CV-A16,100.0,Could not assign,
KU595998,2445,891,3336,NC_001612,false,Picornaviridae Enterovirus A,95.73513,CV-A16,100.0,CV-A16,100.0,Could not assign,
KU595997,2445,891,3336,NC_001612,false,Picornaviridae Enterovirus A,95.84736,CV-A16,100.0,CV-A16,100.0,Could not assign,
KU596000,2445,891,3336,NC_001612,false,Picornaviridae Enterovirus A,95.84736,CV-A16,100.0,CV-A16,100.0,Could not assign,
OP373947,2445,891,3336,NC_001612,false,Picornaviridae Enterovirus A,96.40853,CV-A16,100.0,CV-A16,100.0,B1a,89.0
KX871328,2445,891,3336,NC_001612,false,Picornaviridae Enterovirus A,96.52077,CV-A16,100.0,CV-A16,100.0,B1a,80.0
KX871403,2445,891,3336,NC_001612,false,Picornaviridae Enterovirus A,96.52077,CV-A16,100.0,CV-A16,100.0,B1a,82.0
KX871434,2445,891,3336,NC_001612,false,Picornaviridae Enterovirus A,96.18407,CV-A16,100.0,CV-A16,100.0,Could not assign,81.0
KC698130,2445,833,3278,NC_001612,false,Picornaviridae Enterovirus A,96.39856,CV-A16,100.0,CV-A16,100.0,Could not assign,
KX871276,2445,891,3336,NC_001612,false,Picornaviridae Enterovirus A,96.296295,CV-A16,100.0,CV-A16,100.0,Could not assign,
KX871284,2445,891,3336,NC_001612,false,Picornaviridae Enterovirus A,95.959595,CV-A16,100.0,CV-A16,100.0,Could not assign,
OP373949,2445,891,3336,NC_001612,false,Picornaviridae Enterovirus A,95.84736,CV-A16,100.0,CV-A16,100.0,B1a,83.0
OP373950,2445,891,3336,NC_001612,false,Picornaviridae Enterovirus A,96.07183,CV-A16,100.0,CV-A16,100.0,B1a,82.0
KM235875,2445,891,3336,NC_001612,false,Picornaviridae Enterovirus A,95.84736,CV-A16,100.0,CV-A16,100.0,B1a,89.0
KM047977,2466,851,3317,NC_001612,false,Picornaviridae Enterovirus A,95.88719,CV-A16,100.0,CV-A16,100.0,B1a,81.0
KM047976,2466,851,3317,NC_001612,false,Picornaviridae Enterovirus A,95.88719,CV-A16,100.0,CV-A16,100.0,Could not assign,
KM235892,2445,891,3336,NC_001612,false,Picornaviridae Enterovirus A,96.07183,CV-A16,100.0,CV-A16,100.0,B1a,83.0
PV466951,2445,891,3336,NC_001612,false,Picornaviridae Enterovirus A,96.07183,CV-A16,100.0,CV-A16,100.0,Could not assign,
PV466958,2445,891,3336,NC_001612,false,Picornaviridae Enterovirus A,96.07183,CV-A16,100.0,CV-A16,100.0,B1a,82.0
KC698154,2445,833,3278,NC_001612,false,Picornaviridae Enterovirus A,96.39856,CV-A16,100.0,CV-A16,100.0,B1a,80.0
MW197172,2445,891,3336,NC_001612,false,Picornaviridae Enterovirus A,95.286194,CV-A16,100.0,CV-A16,100.0,B1a,82.0
KP751581,2445,891,3336,NC_001612,false,Picornaviridae Enterovirus A,96.52077,CV-A16,100.0,CV-A16,100.0,Could not assign,86.0
PV466959,2445,891,3336,NC_001612,false,Picornaviridae Enterovirus A,96.18407,CV-A16,100.0,CV-A16,100.0,B1a,84.0
KP341905,2445,891,3336,NC_001612,false,Picornaviridae Enterovirus A,96.40853,CV-A16,100.0,CV-A16,100.0,Could not assign,
KP341910,2445,891,3336,NC_001612,false,Picornaviridae Enterovirus A,96.40853,CV-A16,100.0,CV-A16,100.0,Could not assign,
KJ865494,2445,891,3336,NC_001612,false,Picornaviridae Enterovirus A,97.53087,CV-A16,100.0,CV-A16,100.0,B1a,86.0
KC698137,2445,833,3278,NC_001612,false,Picornaviridae Enterovirus A,97.839134,CV-A16,100.0,CV-A16,100.0,B1a,84.0
KP751505,2445,891,3336,NC_001612,false,Picornaviridae Enterovirus A,98.09203,CV-A16,100.0,CV-A16,100.0,B1a,88.0
KM235836,2445,891,3336,NC_001612,false,Picornaviridae Enterovirus A,98.20427,CV-A16,100.0,CV-A16,100.0,Could not assign,
MH516976,2445,891,3336,NC_001612,false,Picornaviridae Enterovirus A,97.86757,CV-A16,100.0,CV-A16,100.0,B1a,82.0
MH516975,2445,891,3336,NC_001612,false,Picornaviridae Enterovirus A,97.75533,CV-A16,100.0,CV-A16,100.0,Could not assign,
MH516947,2445,891,3336,NC_001612,false,Picornaviridae Enterovirus A,97.86757,CV-A16,100.0,CV-A16,100.0,B1a,80.0
PV466952,2445,891,3336,NC_001612,false,Picornaviridae Enterovirus A,97.86757,CV-A16,100.0,CV-A16,100.0,B1a,86.0
PV466957,2445,891,3336,NC_001612,false,Picornaviridae Enterovirus A,97.6431,CV-A16,100.0,CV-A16,100.0,B1a,81.0
PV466956,2445,891,3336,NC_001612,false,Picornaviridae Enterovirus A,97.75533,CV-A16,100.0,CV-A16,100.0,B1a,82.0
PV466955,2445,891,3336,NC_001612,false,Picornaviridae Enterovirus A,97.6431,CV-A16,100.0,CV-A16,100.0,B1a,86.0
OP373955,2445,891,3336,NC_001612,false,Picornaviridae Enterovirus A,97.53087,CV-A16,100.0,CV-A16,100.0,B1a,83.0
MH003943,2445,891,3336,NC_001612,false,Picornaviridae Enterovirus A,96.40853,CV-A16,100.0,CV-A16,100.0,Could not assign,
KM235842,2445,891,3336,NC_001612,false,Picornaviridae Enterovirus A,98.3165,CV-A16,100.0,CV-A16,100.0,B1a,81.0
KP751549,2445,891,3336,NC_001612,false,Picornaviridae Enterovirus A,97.53087,CV-A16,100.0,CV-A16,100.0,B1a,85.0
PV466949,2445,891,3336,NC_001612,false,Picornaviridae Enterovirus A,97.53087,CV-A16,100.0,CV-A16,100.0,B1a,87.0
PV466948,2445,891,3336,NC_001612,false,Picornaviridae Enterovirus A,97.6431,CV-A16,100.0,CV-A16,100.0,B1a,87.0
PV466954,2445,891,3336,NC_001612,false,Picornaviridae Enterovirus A,97.41863,CV-A16,100.0,CV-A16,100.0,B1a,86.0
PV466953,2445,891,3336,NC_001612,false,Picornaviridae Enterovirus A,97.41863,CV-A16,100.0,CV-A16,100.0,B1a,84.0
KC698131,2445,833,3278,NC_001612,false,Picornaviridae Enterovirus A,98.679474,CV-A16,100.0,CV-A16,100.0,Could not assign,82.0
KM235851,2445,891,3336,NC_001612,false,Picornaviridae Enterovirus A,97.6431,CV-A16,100.0,CV-A16,100.0,B1a,82.0
KM235831,2445,891,3336,NC_001612,false,Picornaviridae Enterovirus A,96.50507,CV-A16,100.0,CV-A16,100.0,Could not assign,
KC866866,2445,891,3336,NC_001612,false,Picornaviridae Enterovirus A,97.75533,CV-A16,100.0,CV-A16,100.0,Could not assign,82.0
KC866895,2445,891,3336,NC_001612,false,Picornaviridae Enterovirus A,97.75533,CV-A16,100.0,CV-A16,100.0,Could not assign,81.0
KC866892,2445,891,3336,NC_001612,false,Picornaviridae Enterovirus A,97.86757,CV-A16,100.0,CV-A16,100.0,B1a,80.0
KC866888,2445,891,3336,NC_001612,false,Picornaviridae Enterovirus A,98.428734,CV-A16,100.0,CV-A16,100.0,Could not assign,82.0
KP751544,2445,891,3336,NC_001612,false,Picornaviridae Enterovirus A,97.86757,CV-A16,100.0,CV-A16,100.0,Could not assign,
KX529829,2445,891,3336,NC_001612,false,Picornaviridae Enterovirus A,98.09203,CV-A16,100.0,CV-A16,100.0,Could not assign,
KX529830,2445,891,3336,NC_001612,false,Picornaviridae Enterovirus A,97.75533,CV-A16,100.0,CV-A16,100.0,Could not assign,
KP341841,2445,891,3336,NC_001612,false,Picornaviridae Enterovirus A,98.87767,CV-A16,100.0,CV-A16,100.0,B1a,89.0
KP341850,2445,891,3336,NC_001612,false,Picornaviridae Enterovirus A,98.54097,CV-A16,100.0,CV-A16,100.0,Could not assign,91.0
KC698136,2445,833,3278,NC_001612,false,Picornaviridae Enterovirus A,99.03961,CV-A16,100.0,CV-A16,100.0,Could not assign,80.0
PQ179534,2445,891,3336,NC_001612,false,Picornaviridae Enterovirus A,98.765434,CV-A16,100.0,CV-A16,100.0,Could not assign,
KY425536,0,7408,7413,NC_001612,false,Picornaviridae Enterovirus A,97.59497,CV-A16,100.0,CV-A16,100.0,B1a,86.0
OP373954,2445,891,3336,NC_001612,false,Picornaviridae Enterovirus A,98.765434,CV-A16,100.0,CV-A16,100.0,Could not assign,81.0
OP373953,2445,891,3336,NC_001612,false,Picornaviridae Enterovirus A,98.6532,CV-A16,100.0,CV-A16,100.0,Could not assign,
KC866878,2445,891,3336,NC_001612,false,Picornaviridae Enterovirus A,98.09203,CV-A16,100.0,CV-A16,100.0,Could not assign,
KC866899,2445,891,3336,NC_001612,false,Picornaviridae Enterovirus A,98.3165,CV-A16,100.0,CV-A16,100.0,Could not assign,81.0
KP751614,2445,891,3336,NC_001612,false,Picornaviridae Enterovirus A,98.3165,CV-A16,100.0,CV-A16,100.0,B1a,82.0
KC698134,2445,833,3278,NC_001612,false,Picornaviridae Enterovirus A,98.679474,CV-A16,100.0,CV-A16,100.0,Could not assign,
KC698135,2445,833,3278,NC_001612,false,Picornaviridae Enterovirus A,98.679474,CV-A16,100.0,CV-A16,100.0,Could not assign,82.0
KM235944,2445,891,3336,NC_001612,false,Picornaviridae Enterovirus A,97.41863,CV-A16,100.0,CV-A16,100.0,B1a,82.0
LC412132,2445,891,3336,NC_001612,false,Picornaviridae Enterovirus A,97.08193,CV-A16,100.0,CV-A16,100.0,Could not assign,
KC866893,2445,891,3336,NC_001612,false,Picornaviridae Enterovirus A,98.428734,CV-A16,100.0,CV-A16,100.0,Could not assign,
KM260106,2445,891,3336,NC_001612,false,Picornaviridae Enterovirus A,98.3165,CV-A16,100.0,CV-A16,100.0,Could not assign,81.0
KX871258,2445,891,3336,NC_001612,false,Picornaviridae Enterovirus A,98.6532,CV-A16,100.0,CV-A16,100.0,Could not assign,
KP751464,2445,891,3336,NC_001612,false,Picornaviridae Enterovirus A,98.54097,CV-A16,100.0,CV-A16,100.0,Could not assign,
KP751510,2445,891,3336,NC_001612,false,Picornaviridae Enterovirus A,98.765434,CV-A16,100.0,CV-A16,100.0,B1a,80.0
KU595987,2445,891,3336,NC_001612,false,Picornaviridae Enterovirus A,98.428734,CV-A16,100.0,CV-A16,100.0,Could not assign,
KX871365,2445,891,3336,NC_001612,false,Picornaviridae Enterovirus A,98.6532,CV-A16,100.0,CV-A16,100.0,B1a,83.0
MH516941,2445,891,3336,NC_001612,false,Picornaviridae Enterovirus A,98.428734,CV-A16,100.0,CV-A16,100.0,B1a,81.0
KR138329,2445,891,3336,NC_001612,false,Picornaviridae Enterovirus A,98.428734,CV-A16,100.0,CV-A16,100.0,Could not assign,
KX871308,2445,891,3336,NC_001612,false,Picornaviridae Enterovirus A,98.6532,CV-A16,100.0,CV-A16,100.0,B1a,82.0
MT553140,2445,891,3336,NC_001612,false,Picornaviridae Enterovirus A,97.6431,CV-A16,100.0,CV-A16,100.0,B1a,82.0
AB634446,2445,891,3336,NC_001612,false,Picornaviridae Enterovirus A,96.85393,CV-A16,100.0,CV-A16,100.0,B1a,80.0
AB634435,2445,891,3336,NC_001612,false,Picornaviridae Enterovirus A,97.19101,CV-A16,100.0,CV-A16,100.0,Could not assign,89.0
KF748144,2445,891,3336,NC_001612,false,Picornaviridae Enterovirus A,96.51685,CV-A16,100.0,CV-A16,100.0,B1a,88.0
LC438196,2469,819,3288,NC_001612,false,Picornaviridae Enterovirus A,94.9939,CV-A16,100.0,CV-A16,100.0,B1a,84.0
LC438248,2445,891,3336,NC_001612,false,Picornaviridae Enterovirus A,94.92672,CV-A16,100.0,CV-A16,100.0,Could not assign,
LC438191,2445,891,3336,NC_001612,false,Picornaviridae Enterovirus A,95.61798,CV-A16,100.0,CV-A16,100.0,B1a,84.0
LC412286,2445,891,3336,NC_001612,false,Picornaviridae Enterovirus A,94.7191,CV-A16,100.0,CV-A16,100.0,Could not assign,
LC412294,2445,891,3336,NC_001612,false,Picornaviridae Enterovirus A,94.943825,CV-A16,100.0,CV-A16,100.0,Could not assign,
LC438216,2445,891,3336,NC_001612,false,Picornaviridae Enterovirus A,94.83146,CV-A16,100.0,CV-A16,100.0,Could not assign,87.0
LC438238,2445,891,3336,NC_001612,false,Picornaviridae Enterovirus A,94.494385,CV-A16,100.0,CV-A16,100.0,Could not assign,
LC438253,2445,891,3336,NC_001612,false,Picornaviridae Enterovirus A,94.494385,CV-A16,100.0,CV-A16,100.0,B1a,84.0
LC438231,2445,891,3336,NC_001612,false,Picornaviridae Enterovirus A,94.83146,CV-A16,100.0,CV-A16,100.0,B1a,87.0
LC438232,2445,891,3336,NC_001612,false,Picornaviridae Enterovirus A,94.7191,CV-A16,100.0,CV-A16,100.0,B1a,80.0
LC438250,2445,891,3336,NC_001612,false,Picornaviridae Enterovirus A,94.7191,CV-A16,100.0,CV-A16,100.0,B1a,80.0
OP562198,714,6700,7412,NC_001612,false,Picornaviridae Enterovirus A,94.99701,CV-A16,100.0,CV-A16,100.0,B1a,82.0
KM675925,2445,891,3336,NC_001612,false,Picornaviridae Enterovirus A,94.494385,CV-A16,100.0,CV-A16,100.0,B1a,80.0
MZ043565,2445,891,3336,NC_001612,false,Picornaviridae Enterovirus A,95.61798,CV-A16,100.0,CV-A16,100.0,B1a,84.0
LC438233,2445,891,3336,NC_001612,false,Picornaviridae Enterovirus A,95.05618,CV-A16,100.0,CV-A16,100.0,B1a,82.0
LC438254,2445,891,3336,NC_001612,false,Picornaviridae Enterovirus A,95.39326,CV-A16,100.0,CV-A16,100.0,B1a,82.0
MW999292,660,6337,7000,NC_001612,false,Picornaviridae Enterovirus A,94.96528,CV-A16,100.0,CV-A16,100.0,B1a,84.0
MW999283,660,6337,7000,NC_001612,false,Picornaviridae Enterovirus A,94.933716,CV-A16,100.0,CV-A16,100.0,Could not assign,83.0
MZ043549,2445,891,3336,NC_001612,false,Picornaviridae Enterovirus A,94.7191,CV-A16,100.0,CV-A16,100.0,B1a,84.0
MW999285,660,6337,7000,NC_001612,false,Picornaviridae Enterovirus A,94.88636,CV-A16,100.0,CV-A16,100.0,B1a,80.0
MW999245,660,6337,7000,NC_001612,false,Picornaviridae Enterovirus A,95.028404,CV-A16,100.0,CV-A16,100.0,B1a,87.0
LC438241,2445,891,3336,NC_001612,false,Picornaviridae Enterovirus A,95.39842,CV-A16,100.0,CV-A16,100.0,B1a,85.0
LC506460,15,7388,7407,NC_001612,false,Picornaviridae Enterovirus A,95.059555,CV-A16,100.0,CV-A16,100.0,B1a,90.0
LC438242,2445,891,3336,NC_001612,false,Picornaviridae Enterovirus A,94.50056,CV-A16,100.0,CV-A16,100.0,Could not assign,84.0
LC438218,2445,891,3336,NC_001612,false,Picornaviridae Enterovirus A,94.26966,CV-A16,100.0,CV-A16,100.0,Could not assign,
MW999239,660,6337,7000,NC_001612,false,Picornaviridae Enterovirus A,94.77589,CV-A16,100.0,CV-A16,100.0,B1a,85.0
MW999252,660,6337,7000,NC_001612,false,Picornaviridae Enterovirus A,94.981064,CV-A16,100.0,CV-A16,100.0,Could not assign,83.0
MZ043551,2445,891,3336,NC_001612,false,Picornaviridae Enterovirus A,94.943825,CV-A16,100.0,CV-A16,100.0,B1a,85.0
PV466960,2445,891,3336,NC_001612,false,Picornaviridae Enterovirus A,94.38203,CV-A16,100.0,CV-A16,100.0,B1a,80.0
LC412333,2445,891,3336,NC_001612,false,Picornaviridae Enterovirus A,93.93259,CV-A16,100.0,CV-A16,100.0,Could not assign,
LC438257,2445,891,3336,NC_001612,false,Picornaviridae Enterovirus A,94.044945,CV-A16,100.0,CV-A16,100.0,Could not assign,
PV466962,2445,891,3336,NC_001612,false,Picornaviridae Enterovirus A,94.494385,CV-A16,100.0,CV-A16,100.0,B1a,80.0
MW197294,2445,891,3336,NC_001612,false,Picornaviridae Enterovirus A,94.044945,CV-A16,100.0,CV-A16,100.0,Could not assign,
PV466961,2445,891,3336,NC_001612,false,Picornaviridae Enterovirus A,94.38203,CV-A16,100.0,CV-A16,100.0,Could not assign,
MW197320,2445,891,3336,NC_001612,false,Picornaviridae Enterovirus A,94.26966,CV-A16,100.0,CV-A16,100.0,Could not assign,
LC412331,2445,891,3336,NC_001612,false,Picornaviridae Enterovirus A,94.1573,CV-A16,100.0,CV-A16,100.0,Could not assign,
LC412309,2445,891,3336,NC_001612,false,Picornaviridae Enterovirus A,94.26966,CV-A16,100.0,CV-A16,100.0,Could not assign,
LC412316,2445,891,3336,NC_001612,false,Picornaviridae Enterovirus A,94.1573,CV-A16,100.0,CV-A16,100.0,Could not assign,
LC412335,2445,891,3336,NC_001612,false,Picornaviridae Enterovirus A,94.1573,CV-A16,100.0,CV-A16,100.0,Could not assign,
MW999262,660,6337,7000,NC_001612,false,Picornaviridae Enterovirus A,94.902145,CV-A16,100.0,CV-A16,100.0,Could not assign,88.0
KX430816,137,7095,7235,NC_001612,false,Picornaviridae Enterovirus A,84.721634,CV-A16,100.0,CV-A16,100.0,B1a,84.0
MZ043552,2445,891,3336,NC_001612,false,Picornaviridae Enterovirus A,95.2809,CV-A16,100.0,CV-A16,100.0,B1a,83.0
KX871336,2445,891,3336,NC_001612,false,Picornaviridae Enterovirus A,94.943825,CV-A16,100.0,CV-A16,100.0,B1a,80.0
LC438240,2445,891,3336,NC_001612,false,Picornaviridae Enterovirus A,95.39326,CV-A16,100.0,CV-A16,100.0,B1a,86.0
LC438255,2445,891,3336,NC_001612,false,Picornaviridae Enterovirus A,94.943825,CV-A16,100.0,CV-A16,100.0,Could not assign,83.0
LC438237,2445,891,3336,NC_001612,false,Picornaviridae Enterovirus A,95.16853,CV-A16,100.0,CV-A16,100.0,Could not assign,
MW999270,660,6337,7000,NC_001612,false,Picornaviridae Enterovirus A,95.028404,CV-A16,100.0,CV-A16,100.0,B1a,82.0
LC438207,2448,888,3336,NC_001612,false,Picornaviridae Enterovirus A,95.828636,CV-A16,100.0,CV-A16,100.0,B1a,87.0
OR507277,2445,833,3278,NC_001612,false,Picornaviridae Enterovirus A,94.35774,CV-A16,100.0,CV-A16,100.0,Could not assign,
MW999271,660,6337,7000,NC_001612,false,Picornaviridae Enterovirus A,93.68687,CV-A16,100.0,CV-A16,100.0,B1a,90.0
MW999281,660,6338,7000,NC_001612,false,Picornaviridae Enterovirus A,94.58734,CV-A16,100.0,CV-A16,100.0,Could not assign,81.0
MZ043542,2445,891,3336,NC_001612,false,Picornaviridae Enterovirus A,94.38203,CV-A16,100.0,CV-A16,100.0,B1a,89.0
MW999256,660,6337,7000,NC_001612,false,Picornaviridae Enterovirus A,94.52336,CV-A16,100.0,CV-A16,100.0,Could not assign,81.0
LC412321,2445,891,3336,NC_001612,false,Picornaviridae Enterovirus A,94.943825,CV-A16,100.0,CV-A16,100.0,Could not assign,83.0
LC438261,2445,858,3303,NC_001612,false,Picornaviridae Enterovirus A,95.215866,CV-A16,100.0,CV-A16,100.0,Could not assign,83.0
MW999257,660,6337,7000,NC_001612,false,Picornaviridae Enterovirus A,94.397095,CV-A16,100.0,CV-A16,100.0,Could not assign,82.0
MW999255,660,6337,7000,NC_001612,false,Picornaviridae Enterovirus A,94.476006,CV-A16,100.0,CV-A16,100.0,B1a,81.0
MW999279,660,6337,7000,NC_001612,false,Picornaviridae Enterovirus A,94.57071,CV-A16,100.0,CV-A16,100.0,B1a,82.0
MT119436,2445,891,3336,NC_001612,false,Picornaviridae Enterovirus A,93.93259,CV-A16,100.0,CV-A16,100.0,Could not assign,
PP333142,2445,891,3336,NC_001612,false,Picornaviridae Enterovirus A,93.48315,CV-A16,100.0,CV-A16,100.0,Could not assign,
PQ872449,2445,891,3336,NC_001612,false,Picornaviridae Enterovirus A,93.82023,CV-A16,100.0,CV-A16,100.0,Could not assign,
PQ872456,2445,891,3336,NC_001612,false,Picornaviridae Enterovirus A,93.82023,CV-A16,100.0,CV-A16,100.0,Could not assign,
MW999258,660,6337,7000,NC_001612,false,Picornaviridae Enterovirus A,94.44444,CV-A16,100.0,CV-A16,100.0,B1a,91.0
MT119429,2445,891,3336,NC_001612,false,Picornaviridae Enterovirus A,94.38203,CV-A16,100.0,CV-A16,100.0,B1a,81.0
MH111071,23,7360,7390,NC_001612,false,Picornaviridae Enterovirus A,93.46912,CV-A16,100.0,CV-A16,100.0,B1a,84.0
PV466966,2445,891,3336,NC_001612,false,Picornaviridae Enterovirus A,94.7191,CV-A16,100.0,CV-A16,100.0,B1a,86.0
PV466964,2445,891,3336,NC_001612,false,Picornaviridae Enterovirus A,94.7191,CV-A16,100.0,CV-A16,100.0,B1a,87.0
PV466963,2445,891,3336,NC_001612,false,Picornaviridae Enterovirus A,94.7191,CV-A16,100.0,CV-A16,100.0,B1a,85.0
PV466965,2445,891,3336,NC_001612,false,Picornaviridae Enterovirus A,94.7191,CV-A16,100.0,CV-A16,100.0,B1a,91.0
PV466967,2445,891,3336,NC_001612,false,Picornaviridae Enterovirus A,94.60674,CV-A16,100.0,CV-A16,100.0,B1a,80.0
PV466969,2445,891,3336,NC_001612,false,Picornaviridae Enterovirus A,94.60674,CV-A16,100.0,CV-A16,100.0,B1a,84.0
PV466979,2445,891,3336,NC_001612,false,Picornaviridae Enterovirus A,93.93259,CV-A16,100.0,CV-A16,100.0,Could not assign,
PV466968,2445,891,3336,NC_001612,false,Picornaviridae Enterovirus A,94.26966,CV-A16,100.0,CV-A16,100.0,Could not assign,83.0
PV466970,2445,891,3336,NC_001612,false,Picornaviridae Enterovirus A,94.26966,CV-A16,100.0,CV-A16,100.0,B1a,84.0
MH644627,2445,891,3336,NC_001612,false,Picornaviridae Enterovirus A,94.7191,CV-A16,100.0,CV-A16,100.0,B1a,86.0
PQ872363,2445,891,3336,NC_001612,false,Picornaviridae Enterovirus A,94.83146,CV-A16,100.0,CV-A16,100.0,B1a,84.0
PQ872364,2445,891,3336,NC_001612,false,Picornaviridae Enterovirus A,94.83146,CV-A16,100.0,CV-A16,100.0,B1a,87.0
PQ872374,2445,891,3336,NC_001612,false,Picornaviridae Enterovirus A,94.943825,CV-A16,100.0,CV-A16,100.0,Could not assign,80.0
PQ872377,2445,891,3336,NC_001612,false,Picornaviridae Enterovirus A,94.83146,CV-A16,100.0,CV-A16,100.0,B1a,87.0
PQ872353,2445,891,3336,NC_001612,false,Picornaviridae Enterovirus A,94.943825,CV-A16,100.0,CV-A16,100.0,B1a,88.0
PV466971,2445,891,3336,NC_001612,false,Picornaviridae Enterovirus A,94.60674,CV-A16,100.0,CV-A16,100.0,B1a,85.0
PQ872366,2445,891,3336,NC_001612,false,Picornaviridae Enterovirus A,94.7191,CV-A16,100.0,CV-A16,100.0,B1a,88.0
LC626213,2445,891,3336,NC_001612,false,Picornaviridae Enterovirus A,94.7191,CV-A16,100.0,CV-A16,100.0,B1a,84.0
MW179081,2445,891,3336,NC_001612,false,Picornaviridae Enterovirus A,94.83146,CV-A16,100.0,CV-A16,100.0,B1a,85.0
MW179157,2445,891,3336,NC_001612,false,Picornaviridae Enterovirus A,94.26966,CV-A16,100.0,CV-A16,100.0,B1a,86.0
PQ872379,2445,891,3336,NC_001612,false,Picornaviridae Enterovirus A,94.83146,CV-A16,100.0,CV-A16,100.0,B1a,86.0
PQ872404,2445,891,3336,NC_001612,false,Picornaviridae Enterovirus A,94.943825,CV-A16,100.0,CV-A16,100.0,B1a,84.0
PQ872397,2445,891,3336,NC_001612,false,Picornaviridae Enterovirus A,94.83146,CV-A16,100.0,CV-A16,100.0,Could not assign,82.0
MZ043540,2445,891,3336,NC_001612,false,Picornaviridae Enterovirus A,94.7191,CV-A16,100.0,CV-A16,100.0,B1a,84.0
MZ043538,2445,891,3336,NC_001612,false,Picornaviridae Enterovirus A,94.60674,CV-A16,100.0,CV-A16,100.0,Could not assign,83.0
OQ626512,2445,891,3336,NC_001612,false,Picornaviridae Enterovirus A,93.827156,CV-A16,100.0,CV-A16,100.0,Could not assign,
OQ626426,2445,891,3336,NC_001612,false,Picornaviridae Enterovirus A,94.044945,CV-A16,100.0,CV-A16,100.0,Could not assign,
OQ626509,2445,891,3336,NC_001612,false,Picornaviridae Enterovirus A,92.247185,CV-A16,100.0,CV-A16,100.0,Could not assign,
OQ626510,2445,891,3336,NC_001612,false,Picornaviridae Enterovirus A,93.595505,CV-A16,100.0,CV-A16,100.0,B1a,82.0
OR507377,2445,833,3278,NC_001612,false,Picornaviridae Enterovirus A,94.59784,CV-A16,100.0,CV-A16,100.0,Could not assign,
OQ626417,2445,891,3336,NC_001612,false,Picornaviridae Enterovirus A,94.1573,CV-A16,100.0,CV-A16,100.0,Could not assign,
OQ626418,2445,891,3336,NC_001612,false,Picornaviridae Enterovirus A,94.26966,CV-A16,100.0,CV-A16,100.0,Could not assign,
OR507265,2445,833,3278,NC_001612,false,Picornaviridae Enterovirus A,94.23769,CV-A16,100.0,CV-A16,100.0,Could not assign,80.0
OP351763,2505,715,3220,NC_001612,false,Picornaviridae Enterovirus A,93.426575,CV-A16,100.0,CV-A16,100.0,Could not assign,80.0
LC656513,2445,891,3336,NC_001612,false,Picornaviridae Enterovirus A,93.37079,CV-A16,100.0,CV-A16,100.0,Could not assign,
PQ872422,2445,891,3336,NC_001612,false,Picornaviridae Enterovirus A,93.37079,CV-A16,100.0,CV-A16,100.0,Could not assign,
PQ872418,2445,891,3336,NC_001612,false,Picornaviridae Enterovirus A,93.37079,CV-A16,100.0,CV-A16,100.0,Could not assign,
PQ872451,2445,891,3336,NC_001612,false,Picornaviridae Enterovirus A,93.03371,CV-A16,100.0,CV-A16,100.0,Could not assign,
PQ872461,2445,891,3336,NC_001612,false,Picornaviridae Enterovirus A,93.37079,CV-A16,100.0,CV-A16,100.0,Could not assign,
PV466976,2445,891,3336,NC_001612,false,Picornaviridae Enterovirus A,93.93259,CV-A16,100.0,CV-A16,100.0,Could not assign,
PV466972,2445,891,3336,NC_001612,false,Picornaviridae Enterovirus A,94.60674,CV-A16,100.0,CV-A16,100.0,Could not assign,
PV466975,2445,891,3336,NC_001612,false,Picornaviridae Enterovirus A,94.60674,CV-A16,100.0,CV-A16,100.0,Could not assign,
PV466974,2445,891,3336,NC_001612,false,Picornaviridae Enterovirus A,94.60674,CV-A16,100.0,CV-A16,100.0,Could not assign,85.0
LC533789,2445,891,3336,NC_001612,false,Picornaviridae Enterovirus A,94.494385,CV-A16,100.0,CV-A16,100.0,Could not assign,
PV466973,2445,891,3336,NC_001612,false,Picornaviridae Enterovirus A,94.38203,CV-A16,100.0,CV-A16,100.0,B1a,85.0
PV466977,2445,891,3336,NC_001612,false,Picornaviridae Enterovirus A,94.38203,CV-A16,100.0,CV-A16,100.0,Could not assign,80.0
PV466984,2445,891,3336,NC_001612,false,Picornaviridae Enterovirus A,94.38203,CV-A16,100.0,CV-A16,100.0,Could not assign,80.0
MW197387,2445,891,3336,NC_001612,false,Picornaviridae Enterovirus A,93.48315,CV-A16,100.0,CV-A16,100.0,Could not assign,
PQ872392,2445,891,3336,NC_001612,false,Picornaviridae Enterovirus A,93.48315,CV-A16,100.0,CV-A16,100.0,Could not assign,
ON715419,2445,891,3336,NC_001612,false,Picornaviridae Enterovirus A,93.70786,CV-A16,100.0,CV-A16,100.0,Could not assign,81.0
LC603085,2445,891,3336,NC_001612,false,Picornaviridae Enterovirus A,93.70786,CV-A16,100.0,CV-A16,100.0,Could not assign,83.0
LC656498,2445,891,3336,NC_001612,false,Picornaviridae Enterovirus A,93.37079,CV-A16,100.0,CV-A16,100.0,Could not assign,
OQ626471,2445,891,3336,NC_001612,false,Picornaviridae Enterovirus A,93.93259,CV-A16,100.0,CV-A16,100.0,B1a,82.0
OQ626437,2445,891,3336,NC_001612,false,Picornaviridae Enterovirus A,93.70786,CV-A16,100.0,CV-A16,100.0,Could not assign,
PP482046,2445,891,3336,NC_001612,false,Picornaviridae Enterovirus A,93.70786,CV-A16,100.0,CV-A16,100.0,Could not assign,
MZ671908,64,7329,7401,NC_001612,false,Picornaviridae Enterovirus A,92.92337,CV-A16,100.0,CV-A16,100.0,Could not assign,89.0
OQ626419,2445,891,3336,NC_001612,false,Picornaviridae Enterovirus A,93.82023,CV-A16,100.0,CV-A16,100.0,Could not assign,82.0
OQ626470,2445,891,3336,NC_001612,false,Picornaviridae Enterovirus A,93.93259,CV-A16,100.0,CV-A16,100.0,B1a,81.0
OQ626497,2445,891,3336,NC_001612,false,Picornaviridae Enterovirus A,93.48315,CV-A16,100.0,CV-A16,100.0,Could not assign,
MW999272,660,6337,7000,NC_001612,false,Picornaviridae Enterovirus A,93.81313,CV-A16,100.0,CV-A16,100.0,B1a,84.0
OR507385,2445,833,3278,NC_001612,false,Picornaviridae Enterovirus A,93.75751,CV-A16,100.0,CV-A16,100.0,Could not assign,
OR507392,2445,833,3278,NC_001612,false,Picornaviridae Enterovirus A,93.63745,CV-A16,100.0,CV-A16,100.0,Could not assign,
OR507393,2445,833,3278,NC_001612,false,Picornaviridae Enterovirus A,93.63745,CV-A16,100.0,CV-A16,100.0,Could not assign,
OR507390,2445,833,3278,NC_001612,false,Picornaviridae Enterovirus A,93.63745,CV-A16,100.0,CV-A16,100.0,Could not assign,
OP373934,2445,891,3336,NC_001612,false,Picornaviridae Enterovirus A,94.26966,CV-A16,100.0,CV-A16,100.0,B1a,81.0
OP373935,2445,891,3336,NC_001612,false,Picornaviridae Enterovirus A,93.82023,CV-A16,100.0,CV-A16,100.0,Could not assign,84.0
OP373933,2445,891,3336,NC_001612,false,Picornaviridae Enterovirus A,94.044945,CV-A16,100.0,CV-A16,100.0,B1a,83.0
OQ626494,2445,891,3336,NC_001612,false,Picornaviridae Enterovirus A,93.82023,CV-A16,100.0,CV-A16,100.0,Could not assign,
OQ626499,2445,891,3336,NC_001612,false,Picornaviridae Enterovirus A,94.044945,CV-A16,100.0,CV-A16,100.0,Could not assign,81.0
OQ942659,2445,891,3336,NC_001612,false,Picornaviridae Enterovirus A,93.82023,CV-A16,100.0,CV-A16,100.0,Could not assign,87.0
OQ942657,2445,891,3336,NC_001612,false,Picornaviridae Enterovirus A,94.38203,CV-A16,100.0,CV-A16,100.0,B1a,81.0
MW999276,660,6337,7000,NC_001612,false,Picornaviridae Enterovirus A,93.90783,CV-A16,100.0,CV-A16,100.0,B1a,87.0
LC438266,2445,891,3336,NC_001612,false,Picornaviridae Enterovirus A,94.26966,CV-A16,100.0,CV-A16,100.0,Could not assign,83.0
MZ043543,2445,891,3336,NC_001612,false,Picornaviridae Enterovirus A,94.1573,CV-A16,100.0,CV-A16,100.0,B1a,84.0
MZ043541,2445,891,3336,NC_001612,false,Picornaviridae Enterovirus A,93.82023,CV-A16,100.0,CV-A16,100.0,B1a,86.0
LC438268,2445,891,3336,NC_001612,false,Picornaviridae Enterovirus A,94.044945,CV-A16,100.0,CV-A16,100.0,Could not assign,82.0
MW999286,663,6337,7000,NC_001612,false,Picornaviridae Enterovirus A,93.87626,CV-A16,100.0,CV-A16,100.0,B1a,83.0
MZ043544,2445,891,3336,NC_001612,false,Picornaviridae Enterovirus A,94.044945,CV-A16,100.0,CV-A16,100.0,B1a,86.0
LC438273,2445,891,3336,NC_001612,false,Picornaviridae Enterovirus A,94.26966,CV-A16,100.0,CV-A16,100.0,Could not assign,81.0
LC533790,2445,891,3336,NC_001612,false,Picornaviridae Enterovirus A,94.38203,CV-A16,100.0,CV-A16,100.0,Could not assign,85.0
LC533792,2445,891,3336,NC_001612,false,Picornaviridae Enterovirus A,94.044945,CV-A16,100.0,CV-A16,100.0,B1a,86.0
OR507274,2445,833,3278,NC_001612,false,Picornaviridae Enterovirus A,93.63745,CV-A16,100.0,CV-A16,100.0,Could not assign,
PQ872417,2445,891,3336,NC_001612,false,Picornaviridae Enterovirus A,93.70786,CV-A16,100.0,CV-A16,100.0,B1a,82.0
PP482050,2445,891,3336,NC_001612,false,Picornaviridae Enterovirus A,93.48315,CV-A16,100.0,CV-A16,100.0,Could not assign,
MW197385,2445,891,3336,NC_001612,false,Picornaviridae Enterovirus A,93.595505,CV-A16,100.0,CV-A16,100.0,Could not assign,
PQ872390,2445,891,3336,NC_001612,false,Picornaviridae Enterovirus A,93.595505,CV-A16,100.0,CV-A16,100.0,Could not assign,
PV466980,2445,891,3336,NC_001612,false,Picornaviridae Enterovirus A,93.82023,CV-A16,100.0,CV-A16,100.0,Could not assign,
PV466985,2445,891,3336,NC_001612,false,Picornaviridae Enterovirus A,93.70786,CV-A16,100.0,CV-A16,100.0,Could not assign,
PP482049,2445,891,3336,NC_001612,false,Picornaviridae Enterovirus A,93.93259,CV-A16,100.0,CV-A16,100.0,B1a,84.0
MW197380,2445,891,3336,NC_001612,false,Picornaviridae Enterovirus A,93.93259,CV-A16,100.0,CV-A16,100.0,Could not assign,
OQ626413,2445,891,3336,NC_001612,false,Picornaviridae Enterovirus A,94.26966,CV-A16,100.0,CV-A16,100.0,Could not assign,
OQ626452,2445,891,3336,NC_001612,false,Picornaviridae Enterovirus A,94.38203,CV-A16,100.0,CV-A16,100.0,Could not assign,
OQ626468,2445,891,3336,NC_001612,false,Picornaviridae Enterovirus A,93.37079,CV-A16,100.0,CV-A16,100.0,Could not assign,
OQ626506,2445,891,3336,NC_001612,false,Picornaviridae Enterovirus A,93.82023,CV-A16,100.0,CV-A16,100.0,Could not assign,
OQ626539,2445,891,3336,NC_001612,false,Picornaviridae Enterovirus A,93.146065,CV-A16,100.0,CV-A16,100.0,Could not assign,
OQ626515,2445,891,3336,NC_001612,false,Picornaviridae Enterovirus A,93.37079,CV-A16,100.0,CV-A16,100.0,Could not assign,
PX448844,64,7329,7401,NC_001612,false,Picornaviridae Enterovirus A,92.568855,CV-A16,100.0,CV-A16,100.0,Could not assign,
PX448908,64,7329,7401,NC_001612,false,Picornaviridae Enterovirus A,92.568855,CV-A16,100.0,CV-A16,100.0,Could not assign,
PX448910,23,7357,7390,NC_001612,false,Picornaviridae Enterovirus A,92.34112,CV-A16,100.0,CV-A16,100.0,Could not assign,
OQ626518,2445,891,3336,NC_001612,false,Picornaviridae Enterovirus A,93.146065,CV-A16,100.0,CV-A16,100.0,Could not assign,
PQ182727,25,7355,7388,NC_001612,false,Picornaviridae Enterovirus A,92.527176,CV-A16,100.0,CV-A16,100.0,Could not assign,
PQ182728,23,7359,7390,NC_001612,false,Picornaviridae Enterovirus A,92.504074,CV-A16,100.0,CV-A16,100.0,Could not assign,
PX448834,23,7359,7390,NC_001612,false,Picornaviridae Enterovirus A,92.531235,CV-A16,100.0,CV-A16,100.0,Could not assign,
PX448918,23,7358,7390,NC_001612,false,Picornaviridae Enterovirus A,92.17817,CV-A16,100.0,CV-A16,100.0,Could not assign,
PX448833,23,7359,7390,NC_001612,false,Picornaviridae Enterovirus A,92.17817,CV-A16,100.0,CV-A16,100.0,Could not assign,
PX448835,23,7359,7390,NC_001612,false,Picornaviridae Enterovirus A,92.3547,CV-A16,100.0,CV-A16,100.0,Could not assign,
PQ182741,23,7359,7390,NC_001612,false,Picornaviridae Enterovirus A,92.46333,CV-A16,100.0,CV-A16,100.0,Could not assign,
OP373944,2445,891,3336,NC_001612,false,Picornaviridae Enterovirus A,93.03371,CV-A16,100.0,CV-A16,100.0,Could not assign,
PX448843,64,7329,7401,NC_001612,false,Picornaviridae Enterovirus A,92.65067,CV-A16,100.0,CV-A16,100.0,Could not assign,
OP373943,2445,891,3336,NC_001612,false,Picornaviridae Enterovirus A,93.37079,CV-A16,100.0,CV-A16,100.0,Could not assign,
PX448845,64,7329,7401,NC_001612,false,Picornaviridae Enterovirus A,92.54159,CV-A16,100.0,CV-A16,100.0,Could not assign,
PX448838,64,7329,7401,NC_001612,false,Picornaviridae Enterovirus A,92.52795,CV-A16,100.0,CV-A16,100.0,Could not assign,
PX448836,23,7358,7390,NC_001612,false,Picornaviridae Enterovirus A,92.4226,CV-A16,100.0,CV-A16,100.0,Could not assign,
PX448839,64,7329,7401,NC_001612,false,Picornaviridae Enterovirus A,92.50068,CV-A16,100.0,CV-A16,100.0,Could not assign,83.0
PX448851,23,7359,7390,NC_001612,false,Picornaviridae Enterovirus A,92.39544,CV-A16,100.0,CV-A16,100.0,Could not assign,
PX448840,64,7329,7401,NC_001612,false,Picornaviridae Enterovirus A,92.54159,CV-A16,100.0,CV-A16,100.0,Could not assign,
PX448837,23,7359,7390,NC_001612,false,Picornaviridae Enterovirus A,92.44975,CV-A16,100.0,CV-A16,100.0,Could not assign,
PX448849,64,7329,7401,NC_001612,false,Picornaviridae Enterovirus A,92.45978,CV-A16,100.0,CV-A16,100.0,Could not assign,
PX448842,23,7359,7390,NC_001612,false,Picornaviridae Enterovirus A,92.17817,CV-A16,100.0,CV-A16,100.0,Could not assign,
PX448850,64,7328,7401,NC_001612,false,Picornaviridae Enterovirus A,92.20071,CV-A16,100.0,CV-A16,100.0,Could not assign,
PX448848,64,7329,7401,NC_001612,false,Picornaviridae Enterovirus A,92.405235,CV-A16,100.0,CV-A16,100.0,Could not assign,
PX448847,64,7329,7401,NC_001612,false,Picornaviridae Enterovirus A,92.3916,CV-A16,99.0,CV-A16,100.0,Could not assign,
PX448846,64,7329,7401,NC_001612,false,Picornaviridae Enterovirus A,92.29615,CV-A16,100.0,CV-A16,100.0,Could not assign,
PX448852,23,7357,7390,NC_001612,false,Picornaviridae Enterovirus A,92.32754,CV-A16,100.0,CV-A16,100.0,Could not assign,
PX448854,64,7328,7401,NC_001612,false,Picornaviridae Enterovirus A,92.13253,CV-A16,100.0,CV-A16,100.0,Could not assign,
PX448841,23,7358,7390,NC_001612,false,Picornaviridae Enterovirus A,92.19174,CV-A16,100.0,CV-A16,100.0,Could not assign,
PX448855,64,7329,7401,NC_001612,false,Picornaviridae Enterovirus A,91.914375,CV-A16,100.0,CV-A16,100.0,Could not assign,
PQ182732,1,7388,7397,NC_001612,false,Picornaviridae Enterovirus A,92.003784,CV-A16,100.0,CV-A16,100.0,Could not assign,
PX448853,23,7357,7390,NC_001612,false,Picornaviridae Enterovirus A,92.32754,CV-A16,100.0,CV-A16,100.0,Could not assign,
PX448879,23,7359,7390,NC_001612,false,Picornaviridae Enterovirus A,91.64856,CV-A16,100.0,CV-A16,100.0,Could not assign,
PQ872606,2445,891,3336,NC_001612,false,Picornaviridae Enterovirus A,91.79775,CV-A16,100.0,CV-A16,100.0,Could not assign,
PQ872544,2445,891,3336,NC_001612,false,Picornaviridae Enterovirus A,92.02248,CV-A16,100.0,CV-A16,100.0,Could not assign,
PQ872602,2445,891,3336,NC_001612,false,Picornaviridae Enterovirus A,91.685394,CV-A16,100.0,CV-A16,100.0,Could not assign,
LC923191,2445,891,3336,NC_001612,false,Picornaviridae Enterovirus A,91.34831,CV-A16,100.0,CV-A16,100.0,Could not assign,
LC925538,2445,891,3336,NC_001612,false,Picornaviridae Enterovirus A,91.34831,CV-A16,100.0,CV-A16,100.0,Could not assign,
PX448856,23,7359,7390,NC_001612,false,Picornaviridae Enterovirus A,91.73004,CV-A16,100.0,CV-A16,100.0,Could not assign,
LC923221,2445,891,3336,NC_001612,false,Picornaviridae Enterovirus A,91.91011,CV-A16,100.0,CV-A16,100.0,Could not assign,
PX448984,23,7359,7390,NC_001612,false,Picornaviridae Enterovirus A,89.584465,CV-A16,100.0,CV-A16,100.0,Could not assign,
LC923193,2445,891,3336,NC_001612,false,Picornaviridae Enterovirus A,91.79775,CV-A16,100.0,CV-A16,100.0,Could not assign,
LC925529,2445,891,3336,NC_001612,false,Picornaviridae Enterovirus A,91.79775,CV-A16,100.0,CV-A16,100.0,Could not assign,
LC923182,2445,891,3336,NC_001612,false,Picornaviridae Enterovirus A,91.79775,CV-A16,100.0,CV-A16,100.0,Could not assign,
LC925540,2445,891,3336,NC_001612,false,Picornaviridae Enterovirus A,91.79775,CV-A16,100.0,CV-A16,100.0,Could not assign,
LC923183,2445,891,3336,NC_001612,false,Picornaviridae Enterovirus A,91.685394,CV-A16,100.0,CV-A16,100.0,Could not assign,
LC925530,2445,891,3336,NC_001612,false,Picornaviridae Enterovirus A,91.685394,CV-A16,100.0,CV-A16,100.0,Could not assign,
LC923179,2445,891,3336,NC_001612,false,Picornaviridae Enterovirus A,91.685394,CV-A16,100.0,CV-A16,100.0,Could not assign,
LC925526,2445,891,3336,NC_001612,false,Picornaviridae Enterovirus A,91.685394,CV-A16,100.0,CV-A16,100.0,Could not assign,
LC925539,2445,891,3336,NC_001612,false,Picornaviridae Enterovirus A,91.685394,CV-A16,100.0,CV-A16,100.0,Could not assign,
LC923223,2445,891,3336,NC_001612,false,Picornaviridae Enterovirus A,91.79775,CV-A16,100.0,CV-A16,100.0,Could not assign,
LC923224,2445,891,3336,NC_001612,false,Picornaviridae Enterovirus A,91.79775,CV-A16,100.0,CV-A16,100.0,Could not assign,
LC923232,2445,891,3336,NC_001612,false,Picornaviridae Enterovirus A,91.79775,CV-A16,100.0,CV-A16,100.0,Could not assign,
LC923233,2445,891,3336,NC_001612,false,Picornaviridae Enterovirus A,91.79775,CV-A16,100.0,CV-A16,100.0,Could not assign,
PX448877,23,7359,7390,NC_001612,false,Picornaviridae Enterovirus A,91.63498,CV-A16,100.0,CV-A16,100.0,Could not assign,
PX448876,23,7359,7390,NC_001612,false,Picornaviridae Enterovirus A,91.63498,CV-A16,100.0,CV-A16,100.0,Could not assign,
PX448871,23,7359,7390,NC_001612,false,Picornaviridae Enterovirus A,91.70288,CV-A16,100.0,CV-A16,100.0,Could not assign,
PX448872,23,7359,7390,NC_001612,false,Picornaviridae Enterovirus A,91.73004,CV-A16,100.0,CV-A16,100.0,Could not assign,
PX448874,23,7359,7390,NC_001612,false,Picornaviridae Enterovirus A,91.67572,CV-A16,100.0,CV-A16,100.0,Could not assign,
PX448875,23,7359,7390,NC_001612,false,Picornaviridae Enterovirus A,91.73004,CV-A16,100.0,CV-A16,100.0,Could not assign,
PX448873,23,7359,7390,NC_001612,false,Picornaviridae Enterovirus A,91.70288,CV-A16,100.0,CV-A16,100.0,Could not assign,
PX448857,23,7359,7390,NC_001612,false,Picornaviridae Enterovirus A,91.83868,CV-A16,100.0,CV-A16,100.0,Could not assign,
PX448858,23,7359,7390,NC_001612,false,Picornaviridae Enterovirus A,91.811516,CV-A16,100.0,CV-A16,100.0,Could not assign,
PQ872605,2445,891,3336,NC_001612,false,Picornaviridae Enterovirus A,92.134834,CV-A16,100.0,CV-A16,100.0,Could not assign,
PX448870,23,7359,7390,NC_001612,false,Picornaviridae Enterovirus A,91.6893,CV-A16,100.0,CV-A16,100.0,Could not assign,
PX448864,23,7359,7390,NC_001612,false,Picornaviridae Enterovirus A,91.71645,CV-A16,100.0,CV-A16,100.0,Could not assign,
PX448869,23,7359,7390,NC_001612,false,Picornaviridae Enterovirus A,91.71645,CV-A16,100.0,CV-A16,100.0,Could not assign,
PX448860,23,7359,7390,NC_001612,false,Picornaviridae Enterovirus A,91.797935,CV-A16,100.0,CV-A16,100.0,Could not assign,
PX448878,23,7358,7390,NC_001612,false,Picornaviridae Enterovirus A,91.43129,CV-A16,100.0,CV-A16,100.0,Could not assign,
PX448859,23,7359,7390,NC_001612,false,Picornaviridae Enterovirus A,91.797935,CV-A16,99.0,CV-A16,100.0,Could not assign,
PX448861,23,7359,7390,NC_001612,false,Picornaviridae Enterovirus A,91.811516,CV-A16,100.0,CV-A16,100.0,Could not assign,
PX448862,23,7359,7390,NC_001612,false,Picornaviridae Enterovirus A,91.73004,CV-A16,100.0,CV-A16,100.0,Could not assign,
PX448863,23,7359,7390,NC_001612,false,Picornaviridae Enterovirus A,91.811516,CV-A16,100.0,CV-A16,100.0,Could not assign,
PX448866,23,7359,7390,NC_001612,false,Picornaviridae Enterovirus A,91.74362,CV-A16,100.0,CV-A16,100.0,Could not assign,
PX448865,23,7359,7390,NC_001612,false,Picornaviridae Enterovirus A,91.73004,CV-A16,100.0,CV-A16,100.0,Could not assign,
PX448867,23,7359,7390,NC_001612,false,Picornaviridae Enterovirus A,91.71645,CV-A16,100.0,CV-A16,100.0,Could not assign,
PQ872420,2445,891,3336,NC_001612,false,Picornaviridae Enterovirus A,93.48315,CV-A16,100.0,CV-A16,100.0,Could not assign,
PQ872421,2445,891,3336,NC_001612,false,Picornaviridae Enterovirus A,93.48315,CV-A16,100.0,CV-A16,100.0,Could not assign,
PQ872465,2445,891,3336,NC_001612,false,Picornaviridae Enterovirus A,93.595505,CV-A16,100.0,CV-A16,100.0,Could not assign,
PV466987,2445,891,3336,NC_001612,false,Picornaviridae Enterovirus A,93.595505,CV-A16,100.0,CV-A16,100.0,Could not assign,
PV466995,2445,891,3336,NC_001612,false,Picornaviridae Enterovirus A,93.595505,CV-A16,100.0,CV-A16,100.0,Could not assign,
PV466990,2445,891,3336,NC_001612,false,Picornaviridae Enterovirus A,93.595505,CV-A16,100.0,CV-A16,100.0,Could not assign,
PV466992,2445,891,3336,NC_001612,false,Picornaviridae Enterovirus A,93.595505,CV-A16,100.0,CV-A16,100.0,Could not assign,
PV466988,2445,891,3336,NC_001612,false,Picornaviridae Enterovirus A,93.595505,CV-A16,100.0,CV-A16,100.0,Could not assign,
PV466994,2445,891,3336,NC_001612,false,Picornaviridae Enterovirus A,93.595505,CV-A16,100.0,CV-A16,100.0,Could not assign,
PQ872469,2445,891,3336,NC_001612,false,Picornaviridae Enterovirus A,93.25843,CV-A16,100.0,CV-A16,100.0,Could not assign,
PQ872453,2445,891,3336,NC_001612,false,Picornaviridae Enterovirus A,93.25843,CV-A16,100.0,CV-A16,100.0,Could not assign,
PV467029,2445,891,3336,NC_001612,false,Picornaviridae Enterovirus A,93.37079,CV-A16,100.0,CV-A16,100.0,Could not assign,
PQ872479,2445,891,3336,NC_001612,false,Picornaviridae Enterovirus A,93.146065,CV-A16,100.0,CV-A16,100.0,Could not assign,
PQ872455,2445,891,3336,NC_001612,false,Picornaviridae Enterovirus A,93.37079,CV-A16,100.0,CV-A16,100.0,Could not assign,
PV467021,2445,891,3336,NC_001612,false,Picornaviridae Enterovirus A,93.146065,CV-A16,100.0,CV-A16,100.0,Could not assign,
OQ626533,2445,891,3336,NC_001612,false,Picornaviridae Enterovirus A,93.25843,CV-A16,100.0,CV-A16,100.0,Could not assign,
PQ872439,2445,891,3336,NC_001612,false,Picornaviridae Enterovirus A,93.595505,CV-A16,100.0,CV-A16,100.0,Could not assign,
PV467050,2445,891,3336,NC_001612,false,Picornaviridae Enterovirus A,93.595505,CV-A16,100.0,CV-A16,100.0,Could not assign,
PV466989,2445,891,3336,NC_001612,false,Picornaviridae Enterovirus A,93.48315,CV-A16,100.0,CV-A16,100.0,Could not assign,
PV466996,2445,891,3336,NC_001612,false,Picornaviridae Enterovirus A,93.25843,CV-A16,100.0,CV-A16,100.0,Could not assign,
PV467028,2445,891,3336,NC_001612,false,Picornaviridae Enterovirus A,93.03371,CV-A16,100.0,CV-A16,100.0,Could not assign,
PX448831,64,7326,7401,NC_001612,false,Picornaviridae Enterovirus A,92.227974,CV-A16,100.0,CV-A16,100.0,Could not assign,
PP333135,2445,891,3336,NC_001612,false,Picornaviridae Enterovirus A,92.69663,CV-A16,100.0,CV-A16,100.0,Could not assign,
PP333134,2445,891,3336,NC_001612,false,Picornaviridae Enterovirus A,92.80899,CV-A16,100.0,CV-A16,100.0,Could not assign,
OP373945,2445,891,3336,NC_001612,false,Picornaviridae Enterovirus A,93.37079,CV-A16,100.0,CV-A16,100.0,Could not assign,
PX448827,64,7346,7418,NC_001612,false,Picornaviridae Enterovirus A,92.15228,CV-A16,100.0,CV-A16,100.0,Could not assign,
PX448829,23,7360,7390,NC_001612,false,Picornaviridae Enterovirus A,92.08311,CV-A16,100.0,CV-A16,100.0,Could not assign,
PQ872460,2445,891,3336,NC_001612,false,Picornaviridae Enterovirus A,93.146065,CV-A16,100.0,CV-A16,100.0,Could not assign,
PX448819,64,7331,7401,NC_001612,false,Picornaviridae Enterovirus A,92.33706,CV-A16,100.0,CV-A16,100.0,Could not assign,
PX448820,64,7330,7401,NC_001612,false,Picornaviridae Enterovirus A,92.33706,CV-A16,100.0,CV-A16,100.0,Could not assign,
LC707425,2445,891,3336,NC_001612,false,Picornaviridae Enterovirus A,93.25843,CV-A16,100.0,CV-A16,100.0,Could not assign,
LC707421,2445,891,3336,NC_001612,false,Picornaviridae Enterovirus A,93.25843,CV-A16,100.0,CV-A16,100.0,Could not assign,
LC707462,2445,891,3336,NC_001612,false,Picornaviridae Enterovirus A,93.146065,CV-A16,100.0,CV-A16,100.0,Could not assign,
LC707420,2445,891,3336,NC_001612,false,Picornaviridae Enterovirus A,93.146065,CV-A16,100.0,CV-A16,100.0,Could not assign,
PV467026,2445,891,3336,NC_001612,false,Picornaviridae Enterovirus A,93.37079,CV-A16,100.0,CV-A16,100.0,Could not assign,
PV467037,2445,891,3336,NC_001612,false,Picornaviridae Enterovirus A,93.48315,CV-A16,100.0,CV-A16,100.0,Could not assign,
PV467035,2445,891,3336,NC_001612,false,Picornaviridae Enterovirus A,93.48315,CV-A16,100.0,CV-A16,100.0,Could not assign,
PV467036,2445,891,3336,NC_001612,false,Picornaviridae Enterovirus A,93.48315,CV-A16,100.0,CV-A16,100.0,Could not assign,
PV467040,2445,891,3336,NC_001612,false,Picornaviridae Enterovirus A,93.48315,CV-A16,100.0,CV-A16,100.0,Could not assign,
PV467003,2445,891,3336,NC_001612,false,Picornaviridae Enterovirus A,93.48315,CV-A16,100.0,CV-A16,100.0,Could not assign,
PV467038,2445,891,3336,NC_001612,false,Picornaviridae Enterovirus A,93.48315,CV-A16,100.0,CV-A16,100.0,Could not assign,
PQ872450,2445,891,3336,NC_001612,false,Picornaviridae Enterovirus A,93.37079,CV-A16,100.0,CV-A16,100.0,Could not assign,
PQ872468,2445,891,3336,NC_001612,false,Picornaviridae Enterovirus A,93.146065,CV-A16,100.0,CV-A16,100.0,Could not assign,
PQ872462,2445,891,3336,NC_001612,false,Picornaviridae Enterovirus A,93.37079,CV-A16,100.0,CV-A16,100.0,Could not assign,
PQ872476,2445,891,3336,NC_001612,false,Picornaviridae Enterovirus A,93.25843,CV-A16,100.0,CV-A16,100.0,Could not assign,
PQ872480,2445,891,3336,NC_001612,false,Picornaviridae Enterovirus A,93.37079,CV-A16,100.0,CV-A16,100.0,Could not assign,
PV467041,2445,891,3336,NC_001612,false,Picornaviridae Enterovirus A,93.48315,CV-A16,100.0,CV-A16,100.0,Could not assign,
PQ872463,2445,891,3336,NC_001612,false,Picornaviridae Enterovirus A,93.37079,CV-A16,100.0,CV-A16,100.0,Could not assign,
PQ872495,2445,891,3336,NC_001612,false,Picornaviridae Enterovirus A,93.25843,CV-A16,100.0,CV-A16,100.0,Could not assign,
PQ872496,2445,891,3336,NC_001612,false,Picornaviridae Enterovirus A,93.146065,CV-A16,100.0,CV-A16,100.0,Could not assign,
PQ872467,2445,891,3336,NC_001612,false,Picornaviridae Enterovirus A,93.48315,CV-A16,100.0,CV-A16,100.0,Could not assign,
PQ872427,2445,891,3336,NC_001612,false,Picornaviridae Enterovirus A,93.48315,CV-A16,100.0,CV-A16,100.0,Could not assign,
PQ872425,2445,891,3336,NC_001612,false,Picornaviridae Enterovirus A,93.48315,CV-A16,100.0,CV-A16,100.0,Could not assign,
PQ872426,2445,891,3336,NC_001612,false,Picornaviridae Enterovirus A,93.48315,CV-A16,100.0,CV-A16,100.0,Could not assign,
LC707419,2445,891,3336,NC_001612,false,Picornaviridae Enterovirus A,93.48315,CV-A16,100.0,CV-A16,100.0,Could not assign,
PV467022,2445,891,3336,NC_001612,false,Picornaviridae Enterovirus A,93.595505,CV-A16,100.0,CV-A16,100.0,Could not assign,
PV467055,2445,891,3336,NC_001612,false,Picornaviridae Enterovirus A,93.03371,CV-A16,100.0,CV-A16,100.0,Could not assign,
PV467056,2445,891,3336,NC_001612,false,Picornaviridae Enterovirus A,93.03371,CV-A16,100.0,CV-A16,100.0,Could not assign,
PV467057,2445,891,3336,NC_001612,false,Picornaviridae Enterovirus A,92.92135,CV-A16,100.0,CV-A16,100.0,Could not assign,
PX448822,64,7331,7401,NC_001612,false,Picornaviridae Enterovirus A,92.338104,CV-A16,100.0,CV-A16,100.0,Could not assign,
PV466986,2445,891,3336,NC_001612,false,Picornaviridae Enterovirus A,93.806305,CV-A16,100.0,CV-A16,100.0,Could not assign,
PQ872483,2445,891,3336,NC_001612,false,Picornaviridae Enterovirus A,93.24324,CV-A16,100.0,CV-A16,100.0,Could not assign,
PQ872486,2445,891,3336,NC_001612,false,Picornaviridae Enterovirus A,93.58108,CV-A16,100.0,CV-A16,100.0,Could not assign,
OR507348,2445,833,3278,NC_001612,false,Picornaviridae Enterovirus A,93.39736,CV-A16,100.0,CV-A16,100.0,Could not assign,
OR507365,2445,833,3278,NC_001612,false,Picornaviridae Enterovirus A,93.63745,CV-A16,100.0,CV-A16,100.0,Could not assign,
PV467033,2445,891,3336,NC_001612,false,Picornaviridae Enterovirus A,93.35586,CV-A16,100.0,CV-A16,100.0,Could not assign,
PQ872436,2445,891,3336,NC_001612,false,Picornaviridae Enterovirus A,93.24324,CV-A16,100.0,CV-A16,100.0,Could not assign,
PV467019,2445,891,3336,NC_001612,false,Picornaviridae Enterovirus A,93.46847,CV-A16,100.0,CV-A16,100.0,Could not assign,
PV467024,2445,891,3336,NC_001612,false,Picornaviridae Enterovirus A,93.46847,CV-A16,100.0,CV-A16,100.0,Could not assign,
PV467001,2445,891,3336,NC_001612,false,Picornaviridae Enterovirus A,93.46847,CV-A16,100.0,CV-A16,100.0,Could not assign,
PV467054,2445,891,3336,NC_001612,false,Picornaviridae Enterovirus A,93.46847,CV-A16,100.0,CV-A16,100.0,Could not assign,
PX448828,64,7332,7401,NC_001612,false,Picornaviridae Enterovirus A,92.282524,CV-A16,100.0,CV-A16,100.0,Could not assign,
PQ872458,2445,891,3336,NC_001612,false,Picornaviridae Enterovirus A,93.24324,CV-A16,100.0,CV-A16,100.0,Could not assign,
PQ872457,2445,891,3336,NC_001612,false,Picornaviridae Enterovirus A,93.24324,CV-A16,100.0,CV-A16,100.0,Could not assign,
PV467025,2445,891,3336,NC_001612,false,Picornaviridae Enterovirus A,93.24324,CV-A16,100.0,CV-A16,100.0,Could not assign,
PQ872487,2445,891,3336,NC_001612,false,Picornaviridae Enterovirus A,92.567566,CV-A16,100.0,CV-A16,100.0,Could not assign,
PV467020,2445,891,3336,NC_001612,false,Picornaviridae Enterovirus A,93.01802,CV-A16,100.0,CV-A16,100.0,Could not assign,
PQ872428,2445,891,3336,NC_001612,false,Picornaviridae Enterovirus A,93.48315,CV-A16,100.0,CV-A16,100.0,Could not assign,
PQ872430,2445,891,3336,NC_001612,false,Picornaviridae Enterovirus A,93.48315,CV-A16,100.0,CV-A16,100.0,Could not assign,
PV467002,2445,891,3336,NC_001612,false,Picornaviridae Enterovirus A,93.146065,CV-A16,100.0,CV-A16,100.0,Could not assign,
PV467034,2445,891,3336,NC_001612,false,Picornaviridae Enterovirus A,93.146065,CV-A16,100.0,CV-A16,100.0,Could not assign,
PQ872452,2445,891,3336,NC_001612,false,Picornaviridae Enterovirus A,93.48315,CV-A16,100.0,CV-A16,100.0,Could not assign,
PQ872477,2445,891,3336,NC_001612,false,Picornaviridae Enterovirus A,93.48315,CV-A16,100.0,CV-A16,100.0,Could not assign,
PV467052,2445,891,3336,NC_001612,false,Picornaviridae Enterovirus A,93.595505,CV-A16,100.0,CV-A16,100.0,Could not assign,
LC685240,2445,891,3336,NC_001612,false,Picornaviridae Enterovirus A,93.595505,CV-A16,100.0,CV-A16,100.0,Could not assign,
PQ872478,2445,891,3336,NC_001612,false,Picornaviridae Enterovirus A,93.25843,CV-A16,100.0,CV-A16,100.0,Could not assign,
PX448832,64,7330,7401,NC_001612,false,Picornaviridae Enterovirus A,91.914375,CV-A16,100.0,CV-A16,100.0,Could not assign,
PQ872523,2445,891,3336,NC_001612,false,Picornaviridae Enterovirus A,93.25843,CV-A16,100.0,CV-A16,100.0,Could not assign,
PQ872510,2445,891,3336,NC_001612,false,Picornaviridae Enterovirus A,93.37079,CV-A16,100.0,CV-A16,100.0,Could not assign,
PQ872511,2445,891,3336,NC_001612,false,Picornaviridae Enterovirus A,93.37079,CV-A16,100.0,CV-A16,100.0,Could not assign,
PX448885,23,7359,7390,NC_001612,false,Picornaviridae Enterovirus A,91.594246,CV-A16,100.0,CV-A16,100.0,Could not assign,
PX448884,23,7357,7390,NC_001612,false,Picornaviridae Enterovirus A,91.89299,CV-A16,100.0,CV-A16,100.0,Could not assign,
LC923280,2445,891,3336,NC_001612,false,Picornaviridae Enterovirus A,93.03371,CV-A16,100.0,CV-A16,100.0,Could not assign,
LC923279,2445,891,3336,NC_001612,false,Picornaviridae Enterovirus A,93.146065,CV-A16,100.0,CV-A16,100.0,Could not assign,
LC923277,2445,891,3336,NC_001612,false,Picornaviridae Enterovirus A,93.146065,CV-A16,100.0,CV-A16,100.0,Could not assign,
LC923296,2445,891,3336,NC_001612,false,Picornaviridae Enterovirus A,93.146065,CV-A16,100.0,CV-A16,100.0,Could not assign,
LC923297,2445,891,3336,NC_001612,false,Picornaviridae Enterovirus A,93.146065,CV-A16,100.0,CV-A16,100.0,Could not assign,
LC923276,2445,891,3336,NC_001612,false,Picornaviridae Enterovirus A,93.146065,CV-A16,100.0,CV-A16,100.0,Could not assign,
LC923281,2445,891,3336,NC_001612,false,Picornaviridae Enterovirus A,93.146065,CV-A16,100.0,CV-A16,100.0,Could not assign,
LC923278,2445,891,3336,NC_001612,false,Picornaviridae Enterovirus A,93.03371,CV-A16,100.0,CV-A16,100.0,Could not assign,
LC923295,2445,891,3336,NC_001612,false,Picornaviridae Enterovirus A,92.92135,CV-A16,100.0,CV-A16,100.0,Could not assign,
PX448887,23,7359,7390,NC_001612,false,Picornaviridae Enterovirus A,91.67572,CV-A16,100.0,CV-A16,100.0,Could not assign,
PX448886,23,7359,7390,NC_001612,false,Picornaviridae Enterovirus A,92.015205,CV-A16,100.0,CV-A16,100.0,Could not assign,
PP333144,2445,891,3336,NC_001612,false,Picornaviridae Enterovirus A,93.153755,CV-A16,100.0,CV-A16,100.0,Could not assign,
PP333156,2445,891,3336,NC_001612,false,Picornaviridae Enterovirus A,92.92929,CV-A16,100.0,CV-A16,100.0,Could not assign,
PP333151,2445,891,3336,NC_001612,false,Picornaviridae Enterovirus A,93.153755,CV-A16,100.0,CV-A16,100.0,Could not assign,
PP333150,2445,891,3336,NC_001612,false,Picornaviridae Enterovirus A,92.92929,CV-A16,100.0,CV-A16,100.0,Could not assign,
PP333147,2445,891,3336,NC_001612,false,Picornaviridae Enterovirus A,92.92929,CV-A16,100.0,CV-A16,100.0,Could not assign,
PP333155,2445,891,3336,NC_001612,false,Picornaviridae Enterovirus A,93.04153,CV-A16,100.0,CV-A16,100.0,Could not assign,
PP333153,2445,891,3336,NC_001612,false,Picornaviridae Enterovirus A,93.04153,CV-A16,100.0,CV-A16,100.0,Could not assign,
PP333148,2445,891,3336,NC_001612,false,Picornaviridae Enterovirus A,92.92929,CV-A16,100.0,CV-A16,100.0,Could not assign,
PP333152,2445,891,3336,NC_001612,false,Picornaviridae Enterovirus A,92.92929,CV-A16,100.0,CV-A16,100.0,Could not assign,
PP333154,2445,891,3336,NC_001612,false,Picornaviridae Enterovirus A,92.81706,CV-A16,100.0,CV-A16,100.0,Could not assign,
PP333145,2445,891,3336,NC_001612,false,Picornaviridae Enterovirus A,92.92929,CV-A16,100.0,CV-A16,100.0,Could not assign,
PP333149,2445,891,3336,NC_001612,false,Picornaviridae Enterovirus A,92.92929,CV-A16,100.0,CV-A16,100.0,Could not assign,
PP333146,2445,891,3336,NC_001612,false,Picornaviridae Enterovirus A,93.04153,CV-A16,100.0,CV-A16,100.0,Could not assign,
PP333157,2445,891,3336,NC_001612,false,Picornaviridae Enterovirus A,92.92929,CV-A16,100.0,CV-A16,100.0,Could not assign,
OQ626531,2445,891,3336,NC_001612,false,Picornaviridae Enterovirus A,93.146065,CV-A16,100.0,CV-A16,100.0,Could not assign,
OQ626550,2445,891,3336,NC_001612,false,Picornaviridae Enterovirus A,92.247185,CV-A16,100.0,CV-A16,100.0,Could not assign,
OQ626551,2445,891,3336,NC_001612,false,Picornaviridae Enterovirus A,92.69663,CV-A16,100.0,CV-A16,100.0,Could not assign,
OQ626554,2445,891,3336,NC_001612,false,Picornaviridae Enterovirus A,92.69663,CV-A16,100.0,CV-A16,100.0,Could not assign,
PP333143,2445,891,3336,NC_001612,false,Picornaviridae Enterovirus A,92.58427,CV-A16,100.0,CV-A16,100.0,Could not assign,
OQ626548,2445,891,3336,NC_001612,false,Picornaviridae Enterovirus A,92.69663,CV-A16,100.0,CV-A16,100.0,Could not assign,
OQ626553,2445,891,3336,NC_001612,false,Picornaviridae Enterovirus A,92.58427,CV-A16,100.0,CV-A16,100.0,Could not assign,
OQ626555,2445,891,3336,NC_001612,false,Picornaviridae Enterovirus A,92.58427,CV-A16,100.0,CV-A16,100.0,Could not assign,
OQ626540,2445,891,3336,NC_001612,false,Picornaviridae Enterovirus A,92.58427,CV-A16,100.0,CV-A16,100.0,Could not assign,
PQ872464,2445,891,3336,NC_001612,false,Picornaviridae Enterovirus A,92.80899,CV-A16,100.0,CV-A16,100.0,Could not assign,
PQ872474,2445,891,3336,NC_001612,false,Picornaviridae Enterovirus A,92.58427,CV-A16,100.0,CV-A16,100.0,Could not assign,
PX448830,23,7360,7390,NC_001612,false,Picornaviridae Enterovirus A,92.286804,CV-A16,100.0,CV-A16,100.0,Could not assign,
OQ626544,2445,891,3336,NC_001612,false,Picornaviridae Enterovirus A,92.80899,CV-A16,100.0,CV-A16,100.0,Could not assign,
LC865900,2445,891,3336,NC_001612,false,Picornaviridae Enterovirus A,91.91011,CV-A16,100.0,CV-A16,100.0,Could not assign,
LC865911,2445,891,3336,NC_001612,false,Picornaviridae Enterovirus A,91.79775,CV-A16,100.0,CV-A16,100.0,Could not assign,
LC865905,2445,891,3336,NC_001612,false,Picornaviridae Enterovirus A,92.247185,CV-A16,100.0,CV-A16,100.0,Could not assign,
LC865904,2445,891,3336,NC_001612,false,Picornaviridae Enterovirus A,92.35955,CV-A16,100.0,CV-A16,100.0,Could not assign,
LC865914,2445,891,3336,NC_001612,false,Picornaviridae Enterovirus A,92.02248,CV-A16,100.0,CV-A16,100.0,Could not assign,
LC865920,2445,891,3336,NC_001612,false,Picornaviridae Enterovirus A,91.91011,CV-A16,100.0,CV-A16,100.0,Could not assign,
LC865917,2445,891,3336,NC_001612,false,Picornaviridae Enterovirus A,91.91011,CV-A16,100.0,CV-A16,100.0,Could not assign,
LC865918,2445,891,3336,NC_001612,false,Picornaviridae Enterovirus A,92.02248,CV-A16,100.0,CV-A16,100.0,Could not assign,
LC865919,2445,891,3336,NC_001612,false,Picornaviridae Enterovirus A,91.91011,CV-A16,100.0,CV-A16,100.0,Could not assign,
LC865903,2445,891,3336,NC_001612,false,Picornaviridae Enterovirus A,91.91011,CV-A16,100.0,CV-A16,100.0,Could not assign,
LC865913,2445,891,3336,NC_001612,false,Picornaviridae Enterovirus A,92.134834,CV-A16,100.0,CV-A16,100.0,Could not assign,
LC865912,2445,891,3336,NC_001612,false,Picornaviridae Enterovirus A,92.134834,CV-A16,100.0,CV-A16,100.0,Could not assign,
LC865970,2445,891,3336,NC_001612,false,Picornaviridae Enterovirus A,92.02248,CV-A16,100.0,CV-A16,100.0,Could not assign,
LC923156,2445,891,3336,NC_001612,false,Picornaviridae Enterovirus A,92.247185,CV-A16,100.0,CV-A16,100.0,Could not assign,
LC925503,2445,891,3336,NC_001612,false,Picornaviridae Enterovirus A,92.247185,CV-A16,100.0,CV-A16,100.0,Could not assign,
LC923165,2445,891,3336,NC_001612,false,Picornaviridae Enterovirus A,92.134834,CV-A16,100.0,CV-A16,100.0,Could not assign,
LC925512,2445,891,3336,NC_001612,false,Picornaviridae Enterovirus A,92.134834,CV-A16,100.0,CV-A16,100.0,Could not assign,
LC923153,2445,891,3336,NC_001612,false,Picornaviridae Enterovirus A,92.134834,CV-A16,100.0,CV-A16,100.0,Could not assign,
LC925500,2445,891,3336,NC_001612,false,Picornaviridae Enterovirus A,92.134834,CV-A16,100.0,CV-A16,100.0,Could not assign,
LC923154,2445,891,3336,NC_001612,false,Picornaviridae Enterovirus A,92.134834,CV-A16,100.0,CV-A16,100.0,Could not assign,
LC925501,2445,891,3336,NC_001612,false,Picornaviridae Enterovirus A,92.134834,CV-A16,100.0,CV-A16,100.0,Could not assign,
LC923166,2445,891,3336,NC_001612,false,Picornaviridae Enterovirus A,92.02248,CV-A16,100.0,CV-A16,100.0,Could not assign,
LC925513,2445,891,3336,NC_001612,false,Picornaviridae Enterovirus A,92.02248,CV-A16,100.0,CV-A16,100.0,Could not assign,
LC923213,2445,891,3336,NC_001612,false,Picornaviridae Enterovirus A,92.134834,CV-A16,100.0,CV-A16,100.0,Could not assign,
LC925560,2445,891,3336,NC_001612,false,Picornaviridae Enterovirus A,92.134834,CV-A16,100.0,CV-A16,100.0,Could not assign,
LC923168,2445,891,3336,NC_001612,false,Picornaviridae Enterovirus A,92.247185,CV-A16,100.0,CV-A16,100.0,Could not assign,
LC925515,2445,891,3336,NC_001612,false,Picornaviridae Enterovirus A,92.247185,CV-A16,100.0,CV-A16,100.0,Could not assign,
LC923155,2445,891,3336,NC_001612,false,Picornaviridae Enterovirus A,92.35955,CV-A16,100.0,CV-A16,100.0,Could not assign,
LC925502,2445,891,3336,NC_001612,false,Picornaviridae Enterovirus A,92.35955,CV-A16,100.0,CV-A16,100.0,Could not assign,
PQ872448,2445,891,3336,NC_001612,false,Picornaviridae Enterovirus A,93.37079,CV-A16,100.0,CV-A16,100.0,Could not assign,
PX448821,64,7330,7401,NC_001612,false,Picornaviridae Enterovirus A,92.3507,CV-A16,100.0,CV-A16,100.0,Could not assign,
PQ872447,2445,891,3336,NC_001612,false,Picornaviridae Enterovirus A,93.48315,CV-A16,100.0,CV-A16,100.0,Could not assign,
PQ872437,2445,891,3336,NC_001612,false,Picornaviridae Enterovirus A,93.37079,CV-A16,100.0,CV-A16,100.0,Could not assign,
PQ872438,2445,891,3336,NC_001612,false,Picornaviridae Enterovirus A,93.37079,CV-A16,100.0,CV-A16,100.0,Could not assign,
PQ872431,2445,891,3336,NC_001612,false,Picornaviridae Enterovirus A,93.37079,CV-A16,100.0,CV-A16,100.0,Could not assign,
PQ872429,2445,891,3336,NC_001612,false,Picornaviridae Enterovirus A,93.37079,CV-A16,100.0,CV-A16,100.0,Could not assign,
PQ872470,2445,891,3336,NC_001612,false,Picornaviridae Enterovirus A,93.37079,CV-A16,100.0,CV-A16,100.0,Could not assign,
PQ182730,25,7350,7383,NC_001612,false,Picornaviridae Enterovirus A,92.08702,CV-A16,100.0,CV-A16,100.0,Could not assign,
PQ872466,2445,891,3336,NC_001612,false,Picornaviridae Enterovirus A,93.146065,CV-A16,100.0,CV-A16,100.0,Could not assign,
PQ872490,2445,891,3336,NC_001612,false,Picornaviridae Enterovirus A,92.58427,CV-A16,100.0,CV-A16,100.0,Could not assign,
PQ872498,2445,891,3336,NC_001612,false,Picornaviridae Enterovirus A,93.37079,CV-A16,100.0,CV-A16,100.0,Could not assign,
PQ872484,2445,891,3336,NC_001612,false,Picornaviridae Enterovirus A,93.48315,CV-A16,100.0,CV-A16,100.0,Could not assign,
PQ872494,2445,891,3336,NC_001612,false,Picornaviridae Enterovirus A,93.48315,CV-A16,100.0,CV-A16,100.0,Could not assign,
PQ872489,2445,891,3336,NC_001612,false,Picornaviridae Enterovirus A,93.48315,CV-A16,100.0,CV-A16,100.0,Could not assign,
PQ872481,2445,891,3336,NC_001612,false,Picornaviridae Enterovirus A,93.37079,CV-A16,100.0,CV-A16,100.0,Could not assign,
PX448824,64,7330,7401,NC_001612,false,Picornaviridae Enterovirus A,92.227974,CV-A16,100.0,CV-A16,100.0,Could not assign,
PQ182745,26,7300,7333,NC_001612,false,Picornaviridae Enterovirus A,92.11283,CV-A16,100.0,CV-A16,100.0,Could not assign,
PQ872482,2445,891,3336,NC_001612,false,Picornaviridae Enterovirus A,93.03371,CV-A16,100.0,CV-A16,100.0,Could not assign,
PX448825,64,7326,7401,NC_001612,false,Picornaviridae Enterovirus A,92.405235,CV-A16,100.0,CV-A16,100.0,Could not assign,
PX448826,64,7328,7401,NC_001612,false,Picornaviridae Enterovirus A,92.26888,CV-A16,100.0,CV-A16,100.0,Could not assign,
PQ872488,2445,891,3336,NC_001612,false,Picornaviridae Enterovirus A,92.80899,CV-A16,100.0,CV-A16,100.0,Could not assign,
PX448962,64,7327,7401,NC_001612,false,Picornaviridae Enterovirus A,92.145096,CV-A16,100.0,CV-A16,100.0,Could not assign,
PX448963,64,7327,7401,NC_001612,false,Picornaviridae Enterovirus A,92.090546,CV-A16,100.0,CV-A16,100.0,Could not assign,
PX448964,64,7327,7401,NC_001612,false,Picornaviridae Enterovirus A,92.00873,CV-A16,100.0,CV-A16,100.0,Could not assign,
PX448881,23,7358,7390,NC_001612,false,Picornaviridae Enterovirus A,92.259636,CV-A16,100.0,CV-A16,100.0,Could not assign,
PX448961,64,7333,7401,NC_001612,false,Picornaviridae Enterovirus A,91.573494,CV-A16,100.0,CV-A16,100.0,Could not assign,
PX448883,23,7358,7390,NC_001612,false,Picornaviridae Enterovirus A,91.87942,CV-A16,100.0,CV-A16,100.0,Could not assign,
PX448882,23,7357,7390,NC_001612,false,Picornaviridae Enterovirus A,92.17817,CV-A16,100.0,CV-A16,100.0,Could not assign,
OR507313,2445,833,3278,NC_001612,false,Picornaviridae Enterovirus A,92.79712,CV-A16,100.0,CV-A16,100.0,Could not assign,
OR507309,2445,833,3278,NC_001612,false,Picornaviridae Enterovirus A,92.79712,CV-A16,100.0,CV-A16,100.0,Could not assign,
OR507310,2445,833,3278,NC_001612,false,Picornaviridae Enterovirus A,92.91717,CV-A16,100.0,CV-A16,100.0,Could not assign,
OR507308,2445,833,3278,NC_001612,false,Picornaviridae Enterovirus A,92.19688,CV-A16,100.0,CV-A16,100.0,Could not assign,
OR507316,2445,833,3278,NC_001612,false,Picornaviridae Enterovirus A,92.316925,CV-A16,100.0,CV-A16,100.0,Could not assign,
OR507296,2445,833,3278,NC_001612,false,Picornaviridae Enterovirus A,92.55702,CV-A16,100.0,CV-A16,100.0,Could not assign,
OR507342,2445,833,3278,NC_001612,false,Picornaviridae Enterovirus A,92.316925,CV-A16,100.0,CV-A16,100.0,Could not assign,
OR507341,2445,833,3278,NC_001612,false,Picornaviridae Enterovirus A,92.316925,CV-A16,100.0,CV-A16,100.0,Could not assign,
OR507318,2445,833,3278,NC_001612,false,Picornaviridae Enterovirus A,92.55702,CV-A16,100.0,CV-A16,100.0,Could not assign,
OR507311,2445,833,3278,NC_001612,false,Picornaviridae Enterovirus A,92.55702,CV-A16,100.0,CV-A16,100.0,Could not assign,
OR507319,2445,833,3278,NC_001612,false,Picornaviridae Enterovirus A,92.55702,CV-A16,100.0,CV-A16,100.0,Could not assign,
OR507315,2445,833,3278,NC_001612,false,Picornaviridae Enterovirus A,92.55702,CV-A16,100.0,CV-A16,100.0,Could not assign,
OR507317,2445,833,3278,NC_001612,false,Picornaviridae Enterovirus A,92.55702,CV-A16,100.0,CV-A16,100.0,Could not assign,
OR507339,2445,833,3278,NC_001612,false,Picornaviridae Enterovirus A,92.55702,CV-A16,100.0,CV-A16,100.0,Could not assign,
OR507320,2445,833,3278,NC_001612,false,Picornaviridae Enterovirus A,92.316925,CV-A16,100.0,CV-A16,100.0,Could not assign,
OR507312,2445,833,3278,NC_001612,false,Picornaviridae Enterovirus A,92.55702,CV-A16,100.0,CV-A16,100.0,Could not assign,
PV467000,2445,891,3336,NC_001612,false,Picornaviridae Enterovirus A,93.48315,CV-A16,100.0,CV-A16,100.0,Could not assign,
PV467051,2445,891,3336,NC_001612,false,Picornaviridae Enterovirus A,93.595505,CV-A16,100.0,CV-A16,100.0,Could not assign,
PV466999,2445,891,3336,NC_001612,false,Picornaviridae Enterovirus A,93.25843,CV-A16,100.0,CV-A16,100.0,Could not assign,
PV466991,2445,891,3336,NC_001612,false,Picornaviridae Enterovirus A,93.37079,CV-A16,100.0,CV-A16,100.0,Could not assign,
PV467011,2445,891,3336,NC_001612,false,Picornaviridae Enterovirus A,93.595505,CV-A16,100.0,CV-A16,100.0,Could not assign,
OQ626522,2445,891,3336,NC_001612,false,Picornaviridae Enterovirus A,93.595505,CV-A16,100.0,CV-A16,100.0,Could not assign,
PQ872485,2445,891,3336,NC_001612,false,Picornaviridae Enterovirus A,93.48315,CV-A16,100.0,CV-A16,100.0,Could not assign,
PV467043,2445,891,3336,NC_001612,false,Picornaviridae Enterovirus A,93.146065,CV-A16,100.0,CV-A16,100.0,Could not assign,
PV467042,2445,891,3336,NC_001612,false,Picornaviridae Enterovirus A,93.146065,CV-A16,100.0,CV-A16,100.0,Could not assign,
PQ872441,2445,891,3336,NC_001612,false,Picornaviridae Enterovirus A,93.595505,CV-A16,100.0,CV-A16,100.0,Could not assign,
PQ872440,2445,891,3336,NC_001612,false,Picornaviridae Enterovirus A,93.595505,CV-A16,100.0,CV-A16,100.0,Could not assign,
PV467008,2445,891,3336,NC_001612,false,Picornaviridae Enterovirus A,93.25843,CV-A16,100.0,CV-A16,100.0,Could not assign,
PV466997,2445,891,3336,NC_001612,false,Picornaviridae Enterovirus A,93.25843,CV-A16,100.0,CV-A16,100.0,Could not assign,
PV467009,2445,891,3336,NC_001612,false,Picornaviridae Enterovirus A,93.37079,CV-A16,100.0,CV-A16,100.0,Could not assign,
PV467053,2445,891,3336,NC_001612,false,Picornaviridae Enterovirus A,93.595505,CV-A16,100.0,CV-A16,100.0,Could not assign,
PV467049,2445,891,3336,NC_001612,false,Picornaviridae Enterovirus A,93.595505,CV-A16,100.0,CV-A16,100.0,Could not assign,
PV467010,2445,891,3336,NC_001612,false,Picornaviridae Enterovirus A,93.595505,CV-A16,100.0,CV-A16,100.0,Could not assign,
PV467031,2445,891,3336,NC_001612,false,Picornaviridae Enterovirus A,93.48315,CV-A16,100.0,CV-A16,100.0,Could not assign,
PV467032,2445,891,3336,NC_001612,false,Picornaviridae Enterovirus A,93.48315,CV-A16,100.0,CV-A16,100.0,Could not assign,
PV467065,2445,891,3336,NC_001612,false,Picornaviridae Enterovirus A,93.48315,CV-A16,100.0,CV-A16,100.0,Could not assign,
LC685241,2445,891,3336,NC_001612,false,Picornaviridae Enterovirus A,93.595505,CV-A16,100.0,CV-A16,100.0,Could not assign,
PV467027,2445,891,3336,NC_001612,false,Picornaviridae Enterovirus A,93.595505,CV-A16,100.0,CV-A16,100.0,Could not assign,
PV467030,2445,891,3336,NC_001612,false,Picornaviridae Enterovirus A,93.48315,CV-A16,100.0,CV-A16,100.0,Could not assign,
PV467045,2445,891,3336,NC_001612,false,Picornaviridae Enterovirus A,93.48315,CV-A16,100.0,CV-A16,100.0,Could not assign,
PV467046,2445,891,3336,NC_001612,false,Picornaviridae Enterovirus A,93.48315,CV-A16,100.0,CV-A16,100.0,Could not assign,
PV467047,2445,891,3336,NC_001612,false,Picornaviridae Enterovirus A,93.48315,CV-A16,100.0,CV-A16,100.0,Could not assign,
PV467044,2445,891,3336,NC_001612,false,Picornaviridae Enterovirus A,93.48315,CV-A16,100.0,CV-A16,100.0,Could not assign,
PV467048,2445,891,3336,NC_001612,false,Picornaviridae Enterovirus A,93.48315,CV-A16,100.0,CV-A16,100.0,Could not assign,
PQ872446,2445,891,3336,NC_001612,false,Picornaviridae Enterovirus A,93.595505,CV-A16,100.0,CV-A16,100.0,Could not assign,
PQ872433,2445,891,3336,NC_001612,false,Picornaviridae Enterovirus A,93.70786,CV-A16,100.0,CV-A16,100.0,Could not assign,
PQ872432,2445,891,3336,NC_001612,false,Picornaviridae Enterovirus A,93.70786,CV-A16,100.0,CV-A16,100.0,Could not assign,
PV466998,2445,891,3336,NC_001612,false,Picornaviridae Enterovirus A,93.70786,CV-A16,100.0,CV-A16,100.0,Could not assign,
PQ872471,2445,891,3336,NC_001612,false,Picornaviridae Enterovirus A,93.37079,CV-A16,100.0,CV-A16,100.0,Could not assign,
PX448823,64,7330,7401,NC_001612,false,Picornaviridae Enterovirus A,92.6234,CV-A16,100.0,CV-A16,100.0,Could not assign,
PV466993,2445,891,3336,NC_001612,false,Picornaviridae Enterovirus A,93.595505,CV-A16,100.0,CV-A16,100.0,Could not assign,
PV467059,2445,891,3336,NC_001612,false,Picornaviridae Enterovirus A,93.37079,CV-A16,100.0,CV-A16,100.0,Could not assign,
PV467063,2445,891,3336,NC_001612,false,Picornaviridae Enterovirus A,93.37079,CV-A16,100.0,CV-A16,100.0,Could not assign,
PV467023,2445,891,3336,NC_001612,false,Picornaviridae Enterovirus A,93.48315,CV-A16,100.0,CV-A16,100.0,Could not assign,
PV467062,2445,891,3336,NC_001612,false,Picornaviridae Enterovirus A,93.48315,CV-A16,100.0,CV-A16,100.0,Could not assign,
PV467058,2445,891,3336,NC_001612,false,Picornaviridae Enterovirus A,93.37079,CV-A16,100.0,CV-A16,100.0,Could not assign,
PQ872472,2445,891,3336,NC_001612,false,Picornaviridae Enterovirus A,93.25843,CV-A16,100.0,CV-A16,100.0,Could not assign,
PV467039,2445,891,3336,NC_001612,false,Picornaviridae Enterovirus A,93.70786,CV-A16,100.0,CV-A16,100.0,Could not assign,
PV467016,2445,891,3336,NC_001612,false,Picornaviridae Enterovirus A,93.70786,CV-A16,100.0,CV-A16,100.0,Could not assign,
PV467007,2445,891,3336,NC_001612,false,Picornaviridae Enterovirus A,93.25843,CV-A16,100.0,CV-A16,100.0,Could not assign,
PQ872444,2445,891,3336,NC_001612,false,Picornaviridae Enterovirus A,93.70786,CV-A16,100.0,CV-A16,100.0,Could not assign,
PQ872491,2445,891,3336,NC_001612,false,Picornaviridae Enterovirus A,93.146065,CV-A16,100.0,CV-A16,100.0,Could not assign,
PQ872434,2445,891,3336,NC_001612,false,Picornaviridae Enterovirus A,93.70786,CV-A16,100.0,CV-A16,100.0,Could not assign,
PQ872445,2445,891,3336,NC_001612,false,Picornaviridae Enterovirus A,93.70786,CV-A16,100.0,CV-A16,100.0,Could not assign,
PQ872442,2445,891,3336,NC_001612,false,Picornaviridae Enterovirus A,93.70786,CV-A16,100.0,CV-A16,100.0,Could not assign,
PV467064,2445,891,3336,NC_001612,false,Picornaviridae Enterovirus A,93.595505,CV-A16,100.0,CV-A16,100.0,Could not assign,
PQ872443,2445,891,3336,NC_001612,false,Picornaviridae Enterovirus A,93.70786,CV-A16,100.0,CV-A16,100.0,Could not assign,
OQ626547,2445,891,3336,NC_001612,false,Picornaviridae Enterovirus A,93.48315,CV-A16,100.0,CV-A16,100.0,Could not assign,
PQ872435,2445,891,3336,NC_001612,false,Picornaviridae Enterovirus A,93.595505,CV-A16,100.0,CV-A16,100.0,Could not assign,
PV467014,2445,891,3336,NC_001612,false,Picornaviridae Enterovirus A,93.595505,CV-A16,100.0,CV-A16,100.0,Could not assign,
PV467015,2445,891,3336,NC_001612,false,Picornaviridae Enterovirus A,93.595505,CV-A16,100.0,CV-A16,100.0,Could not assign,
PV467061,2445,891,3336,NC_001612,false,Picornaviridae Enterovirus A,93.595505,CV-A16,100.0,CV-A16,100.0,Could not assign,
PV467060,2445,891,3336,NC_001612,false,Picornaviridae Enterovirus A,93.595505,CV-A16,100.0,CV-A16,100.0,Could not assign,
PV467017,2445,891,3336,NC_001612,false,Picornaviridae Enterovirus A,93.595505,CV-A16,100.0,CV-A16,100.0,Could not assign,
PV467018,2445,891,3336,NC_001612,false,Picornaviridae Enterovirus A,93.595505,CV-A16,100.0,CV-A16,100.0,Could not assign,
PV467013,2445,891,3336,NC_001612,false,Picornaviridae Enterovirus A,93.48315,CV-A16,100.0,CV-A16,100.0,Could not assign,
PV467012,2445,891,3336,NC_001612,false,Picornaviridae Enterovirus A,93.48315,CV-A16,100.0,CV-A16,100.0,Could not assign,
OR507375,2445,833,3278,NC_001612,false,Picornaviridae Enterovirus A,94.23769,CV-A16,100.0,CV-A16,100.0,Could not assign,80.0
OR507387,2445,833,3278,NC_001612,false,Picornaviridae Enterovirus A,94.47779,CV-A16,100.0,CV-A16,100.0,B1a,83.0
MW179158,2445,891,3336,NC_001612,false,Picornaviridae Enterovirus A,93.37823,CV-A16,100.0,CV-A16,100.0,Could not assign,
OQ942648,2445,891,3336,NC_001612,false,Picornaviridae Enterovirus A,92.90541,CV-A16,100.0,CV-A16,100.0,B1a,81.0
OQ942651,2445,891,3336,NC_001612,false,Picornaviridae Enterovirus A,93.70786,CV-A16,100.0,CV-A16,100.0,Could not assign,
PQ872473,2445,891,3336,NC_001612,false,Picornaviridae Enterovirus A,94.044945,CV-A16,100.0,CV-A16,100.0,B1a,81.0
PQ872419,2445,891,3336,NC_001612,false,Picornaviridae Enterovirus A,94.1573,CV-A16,100.0,CV-A16,100.0,Could not assign,80.0
PQ182735,85,7285,7372,NC_001612,false,Picornaviridae Enterovirus A,92.48411,CV-A16,100.0,CV-A16,100.0,B1a,83.0
PP333136,2445,891,3336,NC_001612,false,Picornaviridae Enterovirus A,93.25843,CV-A16,100.0,CV-A16,100.0,Could not assign,81.0
PP333137,2445,891,3336,NC_001612,false,Picornaviridae Enterovirus A,93.48315,CV-A16,100.0,CV-A16,100.0,Could not assign,
OR507295,2445,833,3278,NC_001612,false,Picornaviridae Enterovirus A,93.39736,CV-A16,100.0,CV-A16,100.0,Could not assign,
OR507343,2445,833,3278,NC_001612,false,Picornaviridae Enterovirus A,93.5174,CV-A16,100.0,CV-A16,100.0,Could not assign,
PX448913,64,7329,7401,NC_001612,false,Picornaviridae Enterovirus A,92.37797,CV-A16,100.0,CV-A16,100.0,Could not assign,
PQ872424,2445,891,3336,NC_001612,false,Picornaviridae Enterovirus A,93.93259,CV-A16,100.0,CV-A16,100.0,Could not assign,81.0
PQ872423,2445,891,3336,NC_001612,false,Picornaviridae Enterovirus A,93.93259,CV-A16,100.0,CV-A16,100.0,B1a,86.0
PX448915,23,7359,7390,NC_001612,false,Picornaviridae Enterovirus A,92.151,CV-A16,100.0,CV-A16,100.0,B1a,85.0
PX448914,23,7359,7390,NC_001612,false,Picornaviridae Enterovirus A,92.13743,CV-A16,100.0,CV-A16,100.0,Could not assign,80.0
PQ872475,2445,891,3336,NC_001612,false,Picornaviridae Enterovirus A,94.044945,CV-A16,100.0,CV-A16,100.0,B1a,85.0
PX448880,64,6806,6879,NC_001612,false,Picornaviridae Enterovirus A,92.36904,CV-A16,100.0,CV-A16,100.0,B1a,85.0
OP373939,2445,891,3336,NC_001612,false,Picornaviridae Enterovirus A,94.044945,CV-A16,100.0,CV-A16,100.0,Could not assign,
LC656490,2445,891,3336,NC_001612,false,Picornaviridae Enterovirus A,94.26966,CV-A16,100.0,CV-A16,100.0,B1a,84.0
OQ626427,2445,891,3336,NC_001612,false,Picornaviridae Enterovirus A,94.1573,CV-A16,100.0,CV-A16,100.0,B1a,84.0
MW197397,2445,891,3336,NC_001612,false,Picornaviridae Enterovirus A,94.38203,CV-A16,100.0,CV-A16,100.0,Could not assign,
PQ872402,2445,891,3336,NC_001612,false,Picornaviridae Enterovirus A,94.38203,CV-A16,100.0,CV-A16,100.0,B1a,88.0
OP373940,2445,891,3336,NC_001612,false,Picornaviridae Enterovirus A,94.1573,CV-A16,100.0,CV-A16,100.0,Could not assign,84.0
OR507276,2445,833,3278,NC_001612,false,Picornaviridae Enterovirus A,94.35774,CV-A16,100.0,CV-A16,100.0,B1a,81.0
OQ626519,2445,891,3336,NC_001612,false,Picornaviridae Enterovirus A,93.37079,CV-A16,100.0,CV-A16,100.0,B1a,83.0
OQ626527,2445,891,3336,NC_001612,false,Picornaviridae Enterovirus A,93.37079,CV-A16,100.0,CV-A16,100.0,Could not assign,84.0
LC656502,2445,891,3336,NC_001612,false,Picornaviridae Enterovirus A,93.595505,CV-A16,100.0,CV-A16,100.0,B1a,81.0
LC685244,2445,891,3336,NC_001612,false,Picornaviridae Enterovirus A,93.48315,CV-A16,100.0,CV-A16,100.0,B1a,81.0
LC656503,2445,891,3336,NC_001612,false,Picornaviridae Enterovirus A,93.70786,CV-A16,100.0,CV-A16,100.0,Could not assign,83.0
LC685238,2445,891,3336,NC_001612,false,Picornaviridae Enterovirus A,93.25843,CV-A16,100.0,CV-A16,100.0,Could not assign,
LC685245,2445,891,3336,NC_001612,false,Picornaviridae Enterovirus A,93.25843,CV-A16,100.0,CV-A16,100.0,B1a,88.0
LC685236,2445,891,3336,NC_001612,false,Picornaviridae Enterovirus A,92.80899,CV-A16,100.0,CV-A16,100.0,Could not assign,
LC685235,2445,891,3336,NC_001612,false,Picornaviridae Enterovirus A,93.48315,CV-A16,100.0,CV-A16,100.0,Could not assign,
LC685246,2445,891,3336,NC_001612,false,Picornaviridae Enterovirus A,93.48315,CV-A16,100.0,CV-A16,100.0,Could not assign,
PQ373829,23,7436,7467,NC_001612,false,Picornaviridae Enterovirus A,92.50034,CV-A16,100.0,CV-A16,100.0,Could not assign,
PV467004,2445,891,3336,NC_001612,false,Picornaviridae Enterovirus A,94.1573,CV-A16,100.0,CV-A16,100.0,B1a,87.0
PV467006,2445,891,3336,NC_001612,false,Picornaviridae Enterovirus A,94.1573,CV-A16,100.0,CV-A16,100.0,Could not assign,80.0
PV467005,2445,891,3336,NC_001612,false,Picornaviridae Enterovirus A,94.1573,CV-A16,100.0,CV-A16,100.0,B1a,87.0
OQ942647,2445,891,3336,NC_001612,false,Picornaviridae Enterovirus A,93.46847,CV-A16,100.0,CV-A16,100.0,Could not assign,80.0
LC626232,2445,891,3336,NC_001612,false,Picornaviridae Enterovirus A,93.595505,CV-A16,100.0,CV-A16,100.0,Could not assign,
PP482042,2445,891,3336,NC_001612,false,Picornaviridae Enterovirus A,93.48315,CV-A16,100.0,CV-A16,100.0,B1a,81.0
PP482040,2445,891,3336,NC_001612,false,Picornaviridae Enterovirus A,93.37079,CV-A16,100.0,CV-A16,100.0,Could not assign,
PX448916,64,7328,7401,NC_001612,false,Picornaviridae Enterovirus A,92.30979,CV-A16,100.0,CV-A16,100.0,Could not assign,
LC707430,2445,891,3336,NC_001612,false,Picornaviridae Enterovirus A,93.46847,CV-A16,100.0,CV-A16,100.0,B1a,81.0
PX448917,64,7327,7401,NC_001612,false,Picornaviridae Enterovirus A,91.85983,CV-A16,100.0,CV-A16,100.0,Could not assign,
OR507278,2445,833,3278,NC_001612,false,Picornaviridae Enterovirus A,93.39736,CV-A16,100.0,CV-A16,100.0,Could not assign,
OR507279,2445,833,3278,NC_001612,false,Picornaviridae Enterovirus A,93.39736,CV-A16,100.0,CV-A16,100.0,Could not assign,
OR507282,2445,833,3278,NC_001612,false,Picornaviridae Enterovirus A,93.39736,CV-A16,100.0,CV-A16,100.0,Could not assign,
PQ872501,2445,891,3336,NC_001612,false,Picornaviridae Enterovirus A,92.69663,CV-A16,100.0,CV-A16,100.0,Could not assign,
PQ872503,2445,891,3336,NC_001612,false,Picornaviridae Enterovirus A,92.47191,CV-A16,100.0,CV-A16,100.0,Could not assign,
PQ872528,2445,891,3336,NC_001612,false,Picornaviridae Enterovirus A,92.35955,CV-A16,100.0,CV-A16,100.0,Could not assign,
PQ872504,2445,891,3336,NC_001612,false,Picornaviridae Enterovirus A,92.47191,CV-A16,100.0,CV-A16,100.0,Could not assign,
PQ872516,2445,891,3336,NC_001612,false,Picornaviridae Enterovirus A,92.47191,CV-A16,100.0,CV-A16,100.0,Could not assign,
OQ942652,2445,891,3336,NC_001612,false,Picornaviridae Enterovirus A,93.58108,CV-A16,100.0,CV-A16,100.0,B1a,81.0
OQ942656,2445,891,3336,NC_001612,false,Picornaviridae Enterovirus A,93.35586,CV-A16,100.0,CV-A16,100.0,Could not assign,
LC791351,2445,891,3336,NC_001612,false,Picornaviridae Enterovirus A,93.48315,CV-A16,100.0,CV-A16,100.0,Could not assign,
PP532684,0,7397,7405,NC_001612,false,Picornaviridae Enterovirus A,92.11024,CV-A16,100.0,CV-A16,100.0,Could not assign,
LC865909,2445,891,3336,NC_001612,false,Picornaviridae Enterovirus A,92.92135,CV-A16,100.0,CV-A16,100.0,Could not assign,82.0
LC865910,2445,891,3336,NC_001612,false,Picornaviridae Enterovirus A,92.92135,CV-A16,100.0,CV-A16,100.0,B1a,81.0
LC923158,2445,891,3336,NC_001612,false,Picornaviridae Enterovirus A,92.69663,CV-A16,100.0,CV-A16,100.0,Could not assign,
LC925505,2445,891,3336,NC_001612,false,Picornaviridae Enterovirus A,92.69663,CV-A16,100.0,CV-A16,100.0,Could not assign,
PX448888,23,7357,7390,NC_001612,false,Picornaviridae Enterovirus A,92.31396,CV-A16,100.0,CV-A16,100.0,B1a,88.0
LC707432,2445,891,3336,NC_001612,false,Picornaviridae Enterovirus A,94.26966,CV-A16,100.0,CV-A16,100.0,Could not assign,86.0
OQ942646,2445,891,3336,NC_001612,false,Picornaviridae Enterovirus A,92.92135,CV-A16,100.0,CV-A16,100.0,Could not assign,
OQ942653,2445,891,3336,NC_001612,false,Picornaviridae Enterovirus A,93.70786,CV-A16,100.0,CV-A16,100.0,Could not assign,84.0
OQ942664,2445,891,3336,NC_001612,false,Picornaviridae Enterovirus A,94.044945,CV-A16,100.0,CV-A16,100.0,B1a,85.0
OQ942662,2445,891,3336,NC_001612,false,Picornaviridae Enterovirus A,94.1573,CV-A16,100.0,CV-A16,100.0,Could not assign,
OQ942655,2445,891,3336,NC_001612,false,Picornaviridae Enterovirus A,93.806305,CV-A16,100.0,CV-A16,100.0,Could not assign,
OQ942663,2445,891,3336,NC_001612,false,Picornaviridae Enterovirus A,93.91892,CV-A16,100.0,CV-A16,100.0,Could not assign,
LC865899,2445,891,3336,NC_001612,false,Picornaviridae Enterovirus A,93.37079,CV-A16,100.0,CV-A16,100.0,Could not assign,
PP532686,0,7358,7366,NC_001612,false,Picornaviridae Enterovirus A,91.28073,CV-A16,100.0,CV-A16,100.0,Could not assign,
PP532683,0,7358,7366,NC_001612,false,Picornaviridae Enterovirus A,91.62027,CV-A16,100.0,CV-A16,100.0,B1a,81.0
PP532685,0,7404,7412,NC_001612,false,Picornaviridae Enterovirus A,91.922195,CV-A16,100.0,CV-A16,100.0,Could not assign,
LC923212,2445,891,3336,NC_001612,false,Picornaviridae Enterovirus A,93.82023,CV-A16,100.0,CV-A16,100.0,Could not assign,
LC925559,2445,891,3336,NC_001612,false,Picornaviridae Enterovirus A,93.82023,CV-A16,100.0,CV-A16,100.0,Could not assign,
PQ872512,2445,891,3336,NC_001612,false,Picornaviridae Enterovirus A,93.595505,CV-A16,100.0,CV-A16,100.0,Could not assign,
PQ872513,2445,891,3336,NC_001612,false,Picornaviridae Enterovirus A,93.595505,CV-A16,100.0,CV-A16,100.0,Could not assign,
MW197399,2445,891,3336,NC_001612,false,Picornaviridae Enterovirus A,94.26966,CV-A16,100.0,CV-A16,100.0,Could not assign,
PQ872405,2445,891,3336,NC_001612,false,Picornaviridae Enterovirus A,94.26966,CV-A16,100.0,CV-A16,100.0,Could not assign,
MW179146,2445,891,3336,NC_001612,false,Picornaviridae Enterovirus A,93.82023,CV-A16,100.0,CV-A16,100.0,Could not assign,82.0
OP351778,2499,721,3220,NC_001612,false,Picornaviridae Enterovirus A,93.48128,CV-A16,100.0,CV-A16,100.0,Could not assign,82.0
MW179163,2445,891,3336,NC_001612,false,Picornaviridae Enterovirus A,93.82023,CV-A16,100.0,CV-A16,100.0,B1a,87.0
OP373930,2445,891,3336,NC_001612,false,Picornaviridae Enterovirus A,93.48315,CV-A16,100.0,CV-A16,100.0,Could not assign,85.0
OQ942660,2445,891,3336,NC_001612,false,Picornaviridae Enterovirus A,94.25676,CV-A16,100.0,CV-A16,100.0,Could not assign,
OQ942649,2445,891,3336,NC_001612,false,Picornaviridae Enterovirus A,93.93259,CV-A16,100.0,CV-A16,100.0,Could not assign,84.0
OQ942665,2445,891,3336,NC_001612,false,Picornaviridae Enterovirus A,94.25676,CV-A16,100.0,CV-A16,100.0,B1a,84.0
OQ942666,2445,891,3336,NC_001612,false,Picornaviridae Enterovirus A,94.26966,CV-A16,100.0,CV-A16,100.0,B1a,83.0
PP532687,0,7405,7411,NC_001612,false,Picornaviridae Enterovirus A,91.87035,CV-A16,100.0,CV-A16,100.0,B1a,88.0
LC865925,2445,891,3336,NC_001612,false,Picornaviridae Enterovirus A,93.595505,CV-A16,100.0,CV-A16,100.0,B1a,80.0
LC865931,2445,891,3336,NC_001612,false,Picornaviridae Enterovirus A,93.48315,CV-A16,100.0,CV-A16,100.0,Could not assign,
LC865906,2445,891,3336,NC_001612,false,Picornaviridae Enterovirus A,93.595505,CV-A16,100.0,CV-A16,100.0,B1a,88.0
LC865927,2445,891,3336,NC_001612,false,Picornaviridae Enterovirus A,93.37079,CV-A16,100.0,CV-A16,100.0,Could not assign,82.0
LC865935,2445,891,3336,NC_001612,false,Picornaviridae Enterovirus A,93.48315,CV-A16,100.0,CV-A16,100.0,B1a,86.0
LC865932,2445,891,3336,NC_001612,false,Picornaviridae Enterovirus A,93.48315,CV-A16,100.0,CV-A16,100.0,B1a,83.0
LC865928,2445,891,3336,NC_001612,false,Picornaviridae Enterovirus A,93.48315,CV-A16,100.0,CV-A16,100.0,Could not assign,
LC865946,2445,891,3336,NC_001612,false,Picornaviridae Enterovirus A,93.48315,CV-A16,100.0,CV-A16,100.0,B1a,86.0
LC865942,2445,891,3336,NC_001612,false,Picornaviridae Enterovirus A,93.37079,CV-A16,100.0,CV-A16,100.0,Could not assign,
LC865939,2445,891,3336,NC_001612,false,Picornaviridae Enterovirus A,93.48315,CV-A16,100.0,CV-A16,100.0,Could not assign,80.0
LC865926,2445,891,3336,NC_001612,false,Picornaviridae Enterovirus A,93.48315,CV-A16,100.0,CV-A16,100.0,B1a,83.0
LC865940,2445,891,3336,NC_001612,false,Picornaviridae Enterovirus A,93.48315,CV-A16,100.0,CV-A16,100.0,Could not assign,83.0
LC865937,2445,891,3336,NC_001612,false,Picornaviridae Enterovirus A,93.48315,CV-A16,100.0,CV-A16,100.0,B1a,86.0
LC865938,2445,891,3336,NC_001612,false,Picornaviridae Enterovirus A,93.48315,CV-A16,100.0,CV-A16,100.0,B1a,80.0
LC865941,2445,891,3336,NC_001612,false,Picornaviridae Enterovirus A,93.48315,CV-A16,100.0,CV-A16,100.0,B1a,82.0
LC865936,2445,891,3336,NC_001612,false,Picornaviridae Enterovirus A,93.48315,CV-A16,100.0,CV-A16,100.0,Could not assign,84.0
LC865933,2445,891,3336,NC_001612,false,Picornaviridae Enterovirus A,93.48315,CV-A16,100.0,CV-A16,100.0,B1a,81.0
LC865934,2445,891,3336,NC_001612,false,Picornaviridae Enterovirus A,93.48315,CV-A16,100.0,CV-A16,100.0,B1a,84.0
MW179169,2445,891,3336,NC_001612,false,Picornaviridae Enterovirus A,93.82023,CV-A16,100.0,CV-A16,100.0,Could not assign,
PV173117,79,7322,7409,NC_001612,false,Picornaviridae Enterovirus A,91.915306,CV-A16,100.0,CV-A16,100.0,Could not assign,
PV173116,104,7305,7411,NC_001612,false,Picornaviridae Enterovirus A,91.97472,CV-A16,100.0,CV-A16,100.0,Could not assign,
PV173115,104,7282,7388,NC_001612,false,Picornaviridae Enterovirus A,91.935486,CV-A16,100.0,CV-A16,100.0,Could not assign,
PV173113,86,7251,7340,NC_001612,false,Picornaviridae Enterovirus A,91.85288,CV-A16,100.0,CV-A16,100.0,Could not assign,
PV173114,91,7250,7344,NC_001612,false,Picornaviridae Enterovirus A,91.87128,CV-A16,100.0,CV-A16,100.0,Could not assign,
PV173112,86,7299,7387,NC_001612,false,Picornaviridae Enterovirus A,91.905685,CV-A16,100.0,CV-A16,100.0,Could not assign,
PV173118,79,7324,7411,NC_001612,false,Picornaviridae Enterovirus A,91.823555,CV-A16,100.0,CV-A16,100.0,Could not assign,
PP333164,2445,891,3336,NC_001612,false,Picornaviridae Enterovirus A,92.80899,CV-A16,100.0,CV-A16,100.0,Could not assign,
PP333160,2445,891,3336,NC_001612,false,Picornaviridae Enterovirus A,92.80899,CV-A16,100.0,CV-A16,100.0,Could not assign,
PP333158,2445,891,3336,NC_001612,false,Picornaviridae Enterovirus A,92.80899,CV-A16,100.0,CV-A16,100.0,Could not assign,
PP333159,2445,891,3336,NC_001612,false,Picornaviridae Enterovirus A,92.58427,CV-A16,100.0,CV-A16,100.0,Could not assign,
PP333163,2445,891,3336,NC_001612,false,Picornaviridae Enterovirus A,92.47191,CV-A16,100.0,CV-A16,100.0,Could not assign,
PP333162,2445,891,3336,NC_001612,false,Picornaviridae Enterovirus A,92.47191,CV-A16,100.0,CV-A16,100.0,Could not assign,
PP333161,2445,891,3336,NC_001612,false,Picornaviridae Enterovirus A,92.58427,CV-A16,100.0,CV-A16,100.0,Could not assign,
LC923256,2445,891,3336,NC_001612,false,Picornaviridae Enterovirus A,92.92135,CV-A16,100.0,CV-A16,100.0,Could not assign,
LC923225,2445,891,3336,NC_001612,false,Picornaviridae Enterovirus A,92.92135,CV-A16,100.0,CV-A16,100.0,Could not assign,
PX448953,23,7359,7390,NC_001612,false,Picornaviridae Enterovirus A,91.90657,CV-A16,100.0,CV-A16,100.0,Could not assign,
PX448952,23,7359,7390,NC_001612,false,Picornaviridae Enterovirus A,91.86583,CV-A16,100.0,CV-A16,100.0,Could not assign,
PX448955,23,7359,7390,NC_001612,false,Picornaviridae Enterovirus A,91.93373,CV-A16,100.0,CV-A16,100.0,Could not assign,
PX448954,23,7359,7390,NC_001612,false,Picornaviridae Enterovirus A,91.98805,CV-A16,100.0,CV-A16,100.0,Could not assign,
PQ872558,2445,891,3336,NC_001612,false,Picornaviridae Enterovirus A,92.58427,CV-A16,100.0,CV-A16,100.0,Could not assign,
LC923190,2445,891,3336,NC_001612,false,Picornaviridae Enterovirus A,92.92135,CV-A16,100.0,CV-A16,100.0,Could not assign,
LC925537,2445,891,3336,NC_001612,false,Picornaviridae Enterovirus A,92.92135,CV-A16,100.0,CV-A16,100.0,Could not assign,
LC923207,2445,891,3336,NC_001612,false,Picornaviridae Enterovirus A,93.146065,CV-A16,100.0,CV-A16,100.0,Could not assign,
LC925554,2445,891,3336,NC_001612,false,Picornaviridae Enterovirus A,93.146065,CV-A16,100.0,CV-A16,100.0,Could not assign,
LC923208,2445,891,3336,NC_001612,false,Picornaviridae Enterovirus A,93.03371,CV-A16,100.0,CV-A16,100.0,Could not assign,
LC925555,2445,891,3336,NC_001612,false,Picornaviridae Enterovirus A,93.03371,CV-A16,100.0,CV-A16,100.0,Could not assign,
PQ872508,2445,891,3336,NC_001612,false,Picornaviridae Enterovirus A,93.146065,CV-A16,100.0,CV-A16,100.0,Could not assign,
LC865908,2445,891,3336,NC_001612,false,Picornaviridae Enterovirus A,93.25843,CV-A16,100.0,CV-A16,100.0,Could not assign,
PX448951,23,7359,7390,NC_001612,false,Picornaviridae Enterovirus A,91.784355,CV-A16,100.0,CV-A16,100.0,Could not assign,
PX448950,23,7359,7390,NC_001612,false,Picornaviridae Enterovirus A,91.784355,CV-A16,100.0,CV-A16,100.0,Could not assign,
PX448957,23,7359,7390,NC_001612,false,Picornaviridae Enterovirus A,91.87942,CV-A16,100.0,CV-A16,100.0,Could not assign,
PX448959,23,7359,7390,NC_001612,false,Picornaviridae Enterovirus A,91.797935,CV-A16,100.0,CV-A16,100.0,Could not assign,
PX448958,23,7359,7390,NC_001612,false,Picornaviridae Enterovirus A,91.86583,CV-A16,99.0,CV-A16,100.0,Could not assign,
PX448956,23,7359,7390,NC_001612,false,Picornaviridae Enterovirus A,91.87942,CV-A16,100.0,CV-A16,100.0,Could not assign,
PX448960,23,7359,7390,NC_001612,false,Picornaviridae Enterovirus A,91.784355,CV-A16,100.0,CV-A16,100.0,Could not assign,
PQ182739,9,7385,7402,NC_001612,false,Picornaviridae Enterovirus A,91.745605,CV-A16,100.0,CV-A16,100.0,Could not assign,
PQ182729,1,7363,7372,NC_001612,false,Picornaviridae Enterovirus A,91.78659,CV-A16,100.0,CV-A16,100.0,Could not assign,
PX448933,23,7358,7390,NC_001612,false,Picornaviridae Enterovirus A,91.83868,CV-A16,100.0,CV-A16,100.0,Could not assign,
PQ182736,86,7323,7411,NC_001612,false,Picornaviridae Enterovirus A,92.07091,CV-A16,100.0,CV-A16,100.0,Could not assign,
PQ182740,79,7324,7411,NC_001612,false,Picornaviridae Enterovirus A,92.01594,CV-A16,100.0,CV-A16,100.0,Could not assign,
PX448931,23,7358,7390,NC_001612,false,Picornaviridae Enterovirus A,91.811516,CV-A16,100.0,CV-A16,100.0,Could not assign,
PQ182734,1,7402,7411,NC_001612,false,Picornaviridae Enterovirus A,91.82984,CV-A16,100.0,CV-A16,100.0,Could not assign,
PX448932,23,7358,7390,NC_001612,false,Picornaviridae Enterovirus A,91.83868,CV-A16,100.0,CV-A16,100.0,Could not assign,
PQ182726,79,7324,7411,NC_001612,false,Picornaviridae Enterovirus A,92.09839,CV-A16,100.0,CV-A16,100.0,Could not assign,
PQ182733,79,7315,7402,NC_001612,false,Picornaviridae Enterovirus A,92.074844,CV-A16,100.0,CV-A16,100.0,Could not assign,
PX448934,23,7358,7390,NC_001612,false,Picornaviridae Enterovirus A,92.02879,CV-A16,100.0,CV-A16,100.0,Could not assign,
PX448935,23,7359,7390,NC_001612,false,Picornaviridae Enterovirus A,91.93373,CV-A16,100.0,CV-A16,100.0,Could not assign,
PQ182737,1,7402,7411,NC_001612,false,Picornaviridae Enterovirus A,91.816345,CV-A16,100.0,CV-A16,100.0,Could not assign,
PQ872531,2445,891,3336,NC_001612,false,Picornaviridae Enterovirus A,92.35955,CV-A16,100.0,CV-A16,100.0,Could not assign,
PQ872540,2445,891,3336,NC_001612,false,Picornaviridae Enterovirus A,92.35955,CV-A16,100.0,CV-A16,100.0,Could not assign,
PQ872535,2445,891,3336,NC_001612,false,Picornaviridae Enterovirus A,92.35955,CV-A16,100.0,CV-A16,100.0,Could not assign,
PQ872532,2445,891,3336,NC_001612,false,Picornaviridae Enterovirus A,92.247185,CV-A16,100.0,CV-A16,100.0,Could not assign,
PX448939,23,7358,7390,NC_001612,false,Picornaviridae Enterovirus A,91.94731,CV-A16,100.0,CV-A16,100.0,Could not assign,
PQ872518,2445,891,3336,NC_001612,false,Picornaviridae Enterovirus A,92.47191,CV-A16,100.0,CV-A16,100.0,Could not assign,
PX448938,23,7358,7390,NC_001612,false,Picornaviridae Enterovirus A,91.94731,CV-A16,100.0,CV-A16,100.0,Could not assign,
PX448936,23,7359,7390,NC_001612,false,Picornaviridae Enterovirus A,91.89299,CV-A16,100.0,CV-A16,100.0,Could not assign,
PX448937,23,7358,7390,NC_001612,false,Picornaviridae Enterovirus A,91.98805,CV-A16,100.0,CV-A16,100.0,Could not assign,
PQ872524,2445,891,3336,NC_001612,false,Picornaviridae Enterovirus A,92.47191,CV-A16,100.0,CV-A16,100.0,Could not assign,
PQ872517,2445,891,3336,NC_001612,false,Picornaviridae Enterovirus A,92.35955,CV-A16,100.0,CV-A16,100.0,Could not assign,
PQ872525,2445,891,3336,NC_001612,false,Picornaviridae Enterovirus A,92.35955,CV-A16,100.0,CV-A16,100.0,Could not assign,
PQ872582,2445,891,3336,NC_001612,false,Picornaviridae Enterovirus A,92.69663,CV-A16,100.0,CV-A16,100.0,Could not assign,
PQ872571,2445,891,3336,NC_001612,false,Picornaviridae Enterovirus A,92.134834,CV-A16,100.0,CV-A16,100.0,Could not assign,
PQ872600,2445,891,3336,NC_001612,false,Picornaviridae Enterovirus A,92.134834,CV-A16,100.0,CV-A16,100.0,Could not assign,
PQ872597,2445,891,3336,NC_001612,false,Picornaviridae Enterovirus A,92.247185,CV-A16,100.0,CV-A16,100.0,Could not assign,
PQ872683,2445,891,3336,NC_001612,false,Picornaviridae Enterovirus A,91.79775,CV-A16,100.0,CV-A16,100.0,Could not assign,
PX448948,23,7359,7390,NC_001612,false,Picornaviridae Enterovirus A,91.93373,CV-A16,100.0,CV-A16,100.0,Could not assign,
PX448947,23,7359,7390,NC_001612,false,Picornaviridae Enterovirus A,91.594246,CV-A16,100.0,CV-A16,100.0,Could not assign,
PX448943,23,7359,7390,NC_001612,false,Picornaviridae Enterovirus A,91.85226,CV-A16,100.0,CV-A16,100.0,Could not assign,
PX448944,23,7359,7390,NC_001612,false,Picornaviridae Enterovirus A,91.825096,CV-A16,100.0,CV-A16,100.0,Could not assign,
PX448942,23,7359,7390,NC_001612,false,Picornaviridae Enterovirus A,91.90657,CV-A16,100.0,CV-A16,100.0,Could not assign,
PX448946,23,7358,7390,NC_001612,false,Picornaviridae Enterovirus A,91.90657,CV-A16,100.0,CV-A16,100.0,Could not assign,
PX448945,23,7359,7390,NC_001612,false,Picornaviridae Enterovirus A,91.89299,CV-A16,100.0,CV-A16,100.0,Could not assign,
PX448940,23,7358,7390,NC_001612,false,Picornaviridae Enterovirus A,91.92015,CV-A16,100.0,CV-A16,100.0,Could not assign,
PX448941,23,7358,7390,NC_001612,false,Picornaviridae Enterovirus A,91.85114,CV-A16,100.0,CV-A16,100.0,Could not assign,
PQ872536,2445,891,3336,NC_001612,false,Picornaviridae Enterovirus A,92.80899,CV-A16,100.0,CV-A16,100.0,Could not assign,
PQ872526,2445,891,3336,NC_001612,false,Picornaviridae Enterovirus A,92.80899,CV-A16,100.0,CV-A16,100.0,Could not assign,
PQ872507,2445,891,3336,NC_001612,false,Picornaviridae Enterovirus A,92.69663,CV-A16,100.0,CV-A16,100.0,Could not assign,
PQ872505,2445,891,3336,NC_001612,false,Picornaviridae Enterovirus A,92.80899,CV-A16,100.0,CV-A16,100.0,Could not assign,
PQ872553,2445,891,3336,NC_001612,false,Picornaviridae Enterovirus A,92.58427,CV-A16,100.0,CV-A16,100.0,Could not assign,
PQ872635,2445,891,3336,NC_001612,false,Picornaviridae Enterovirus A,92.80899,CV-A16,100.0,CV-A16,100.0,Could not assign,
PQ872633,2445,891,3336,NC_001612,false,Picornaviridae Enterovirus A,92.80899,CV-A16,100.0,CV-A16,100.0,Could not assign,
PQ872632,2445,891,3336,NC_001612,false,Picornaviridae Enterovirus A,92.80899,CV-A16,100.0,CV-A16,100.0,Could not assign,
PQ872636,2445,891,3336,NC_001612,false,Picornaviridae Enterovirus A,92.80899,CV-A16,100.0,CV-A16,100.0,Could not assign,
PQ872631,2445,891,3336,NC_001612,false,Picornaviridae Enterovirus A,92.92135,CV-A16,100.0,CV-A16,100.0,Could not assign,
PQ872634,2445,891,3336,NC_001612,false,Picornaviridae Enterovirus A,92.80899,CV-A16,100.0,CV-A16,100.0,Could not assign,
PQ872627,2445,891,3336,NC_001612,false,Picornaviridae Enterovirus A,92.58427,CV-A16,100.0,CV-A16,100.0,Could not assign,
PQ872630,2445,891,3336,NC_001612,false,Picornaviridae Enterovirus A,92.80899,CV-A16,100.0,CV-A16,100.0,Could not assign,
PQ872506,2445,891,3336,NC_001612,false,Picornaviridae Enterovirus A,92.80899,CV-A16,100.0,CV-A16,100.0,Could not assign,
PQ872662,2445,891,3336,NC_001612,false,Picornaviridae Enterovirus A,92.247185,CV-A16,100.0,CV-A16,100.0,Could not assign,
PQ872667,2445,891,3336,NC_001612,false,Picornaviridae Enterovirus A,92.247185,CV-A16,100.0,CV-A16,100.0,Could not assign,
PQ872671,2445,891,3336,NC_001612,false,Picornaviridae Enterovirus A,92.02248,CV-A16,100.0,CV-A16,100.0,Could not assign,
PQ872668,2445,891,3336,NC_001612,false,Picornaviridae Enterovirus A,92.02248,CV-A16,100.0,CV-A16,100.0,Could not assign,
PQ872665,2445,891,3336,NC_001612,false,Picornaviridae Enterovirus A,92.02248,CV-A16,100.0,CV-A16,100.0,Could not assign,
PQ872666,2445,891,3336,NC_001612,false,Picornaviridae Enterovirus A,91.91011,CV-A16,100.0,CV-A16,100.0,Could not assign,
PQ872552,2445,891,3336,NC_001612,false,Picornaviridae Enterovirus A,92.80899,CV-A16,100.0,CV-A16,100.0,Could not assign,
PV613765,10,7395,7413,NC_001612,false,Picornaviridae Enterovirus A,91.501144,CV-A16,100.0,CV-A16,100.0,Could not assign,
PV613768,5,7395,7413,NC_001612,false,Picornaviridae Enterovirus A,91.38303,CV-A16,100.0,CV-A16,100.0,Could not assign,
PV613770,10,7395,7413,NC_001612,false,Picornaviridae Enterovirus A,91.48763,CV-A16,100.0,CV-A16,100.0,Could not assign,
PV613771,6,7399,7413,NC_001612,false,Picornaviridae Enterovirus A,91.47873,CV-A16,100.0,CV-A16,100.0,Could not assign,
PV613766,10,7395,7413,NC_001612,false,Picornaviridae Enterovirus A,91.47413,CV-A16,100.0,CV-A16,100.0,Could not assign,
PV613764,5,7400,7413,NC_001612,false,Picornaviridae Enterovirus A,91.47988,CV-A16,100.0,CV-A16,100.0,Could not assign,
PV613767,6,7399,7413,NC_001612,false,Picornaviridae Enterovirus A,91.49223,CV-A16,100.0,CV-A16,100.0,Could not assign,
PV613773,5,7400,7413,NC_001612,false,Picornaviridae Enterovirus A,91.5879,CV-A16,100.0,CV-A16,100.0,Could not assign,
PQ872551,2445,891,3336,NC_001612,false,Picornaviridae Enterovirus A,92.80899,CV-A16,100.0,CV-A16,100.0,Could not assign,
PQ872689,2445,891,3336,NC_001612,false,Picornaviridae Enterovirus A,92.58427,CV-A16,100.0,CV-A16,100.0,Could not assign,
PQ872590,2445,891,3336,NC_001612,false,Picornaviridae Enterovirus A,92.92929,CV-A16,100.0,CV-A16,100.0,Could not assign,
PV613772,10,7395,7413,NC_001612,false,Picornaviridae Enterovirus A,91.744354,CV-A16,100.0,CV-A16,100.0,Could not assign,
PX448949,23,7360,7390,NC_001612,false,Picornaviridae Enterovirus A,91.6497,CV-A16,100.0,CV-A16,100.0,Could not assign,
PQ872577,2445,891,3336,NC_001612,false,Picornaviridae Enterovirus A,92.92135,CV-A16,100.0,CV-A16,100.0,Could not assign,
PQ872589,2445,891,3336,NC_001612,false,Picornaviridae Enterovirus A,92.92135,CV-A16,100.0,CV-A16,100.0,Could not assign,
PQ872620,2445,891,3336,NC_001612,false,Picornaviridae Enterovirus A,92.92929,CV-A16,100.0,CV-A16,100.0,Could not assign,
PQ872698,2445,891,3336,NC_001612,false,Picornaviridae Enterovirus A,93.146065,CV-A16,100.0,CV-A16,100.0,Could not assign,
PQ872643,2445,891,3336,NC_001612,false,Picornaviridae Enterovirus A,93.03371,CV-A16,100.0,CV-A16,100.0,Could not assign,
PQ872640,2445,891,3336,NC_001612,false,Picornaviridae Enterovirus A,93.03371,CV-A16,100.0,CV-A16,100.0,Could not assign,
PQ872603,2445,891,3336,NC_001612,false,Picornaviridae Enterovirus A,92.92135,CV-A16,100.0,CV-A16,100.0,Could not assign,
PQ872579,2445,891,3336,NC_001612,false,Picornaviridae Enterovirus A,92.92135,CV-A16,100.0,CV-A16,100.0,Could not assign,
PQ872651,2445,891,3336,NC_001612,false,Picornaviridae Enterovirus A,93.03371,CV-A16,100.0,CV-A16,100.0,Could not assign,
PQ872588,2445,891,3336,NC_001612,false,Picornaviridae Enterovirus A,93.03371,CV-A16,100.0,CV-A16,100.0,Could not assign,
PQ872674,2445,891,3336,NC_001612,false,Picornaviridae Enterovirus A,92.92135,CV-A16,100.0,CV-A16,100.0,Could not assign,
PQ872578,2445,891,3336,NC_001612,false,Picornaviridae Enterovirus A,93.03371,CV-A16,100.0,CV-A16,100.0,Could not assign,
PQ872587,2445,891,3336,NC_001612,false,Picornaviridae Enterovirus A,93.03371,CV-A16,100.0,CV-A16,100.0,Could not assign,
PQ872580,2445,891,3336,NC_001612,false,Picornaviridae Enterovirus A,93.03371,CV-A16,100.0,CV-A16,100.0,Could not assign,
PQ872657,2445,891,3336,NC_001612,false,Picornaviridae Enterovirus A,92.92135,CV-A16,100.0,CV-A16,100.0,Could not assign,
PQ872642,2445,891,3336,NC_001612,false,Picornaviridae Enterovirus A,93.146065,CV-A16,100.0,CV-A16,100.0,Could not assign,
PQ872641,2445,891,3336,NC_001612,false,Picornaviridae Enterovirus A,93.146065,CV-A16,100.0,CV-A16,100.0,Could not assign,
LC438269,2445,891,3336,NC_001612,false,Picornaviridae Enterovirus A,94.60674,CV-A16,100.0,CV-A16,100.0,B1a,82.0
PV466983,2445,891,3336,NC_001612,false,Picornaviridae Enterovirus A,94.044945,CV-A16,100.0,CV-A16,100.0,Could not assign,86.0
OQ626475,2445,891,3336,NC_001612,false,Picornaviridae Enterovirus A,93.82023,CV-A16,100.0,CV-A16,100.0,B1a,85.0
OQ626476,2445,891,3336,NC_001612,false,Picornaviridae Enterovirus A,93.82023,CV-A16,100.0,CV-A16,100.0,B1a,81.0
OP351794,2478,742,3220,NC_001612,false,Picornaviridae Enterovirus A,93.51351,CV-A16,100.0,CV-A16,100.0,Could not assign,
OR507259,2445,833,3278,NC_001612,false,Picornaviridae Enterovirus A,93.877556,CV-A16,100.0,CV-A16,100.0,Could not assign,
LC626214,2445,891,3336,NC_001612,false,Picornaviridae Enterovirus A,93.93259,CV-A16,100.0,CV-A16,100.0,Could not assign,88.0
MW179215,2445,891,3336,NC_001612,false,Picornaviridae Enterovirus A,93.82023,CV-A16,100.0,CV-A16,100.0,B1a,81.0
MW179199,2445,891,3336,NC_001612,false,Picornaviridae Enterovirus A,94.1573,CV-A16,100.0,CV-A16,100.0,Could not assign,86.0
MW179193,2445,891,3336,NC_001612,false,Picornaviridae Enterovirus A,93.93259,CV-A16,100.0,CV-A16,100.0,Could not assign,
OQ626473,2445,891,3336,NC_001612,false,Picornaviridae Enterovirus A,93.595505,CV-A16,100.0,CV-A16,100.0,B1a,81.0
MW179190,2445,891,3336,NC_001612,false,Picornaviridae Enterovirus A,94.38203,CV-A16,100.0,CV-A16,100.0,Could not assign,90.0
PV466978,2445,891,3336,NC_001612,false,Picornaviridae Enterovirus A,94.38203,CV-A16,100.0,CV-A16,100.0,B1a,90.0
OQ942650,2445,891,3336,NC_001612,false,Picornaviridae Enterovirus A,93.48315,CV-A16,100.0,CV-A16,100.0,Could not assign,
OQ942658,2445,891,3336,NC_001612,false,Picornaviridae Enterovirus A,93.93259,CV-A16,100.0,CV-A16,100.0,B1a,86.0
OQ942654,2445,891,3336,NC_001612,false,Picornaviridae Enterovirus A,93.48315,CV-A16,100.0,CV-A16,100.0,B1a,86.0
PX448893,23,7361,7390,NC_001612,false,Picornaviridae Enterovirus A,92.370346,CV-A16,100.0,CV-A16,100.0,B1a,81.0
PX448909,64,7329,7401,NC_001612,false,Picornaviridae Enterovirus A,92.47341,CV-A16,100.0,CV-A16,100.0,Could not assign,
OQ626532,2445,891,3336,NC_001612,false,Picornaviridae Enterovirus A,93.48315,CV-A16,100.0,CV-A16,100.0,B1a,81.0
PX448906,64,7329,7401,NC_001612,false,Picornaviridae Enterovirus A,92.3916,CV-A16,100.0,CV-A16,100.0,Could not assign,
PQ182725,25,7299,7333,NC_001612,false,Picornaviridae Enterovirus A,92.00438,CV-A16,100.0,CV-A16,100.0,Could not assign,
PX448899,64,7329,7401,NC_001612,false,Picornaviridae Enterovirus A,92.3507,CV-A16,100.0,CV-A16,100.0,Could not assign,83.0
PX448895,64,7329,7401,NC_001612,false,Picornaviridae Enterovirus A,92.37797,CV-A16,100.0,CV-A16,100.0,Could not assign,82.0
PX448892,23,7359,7390,NC_001612,false,Picornaviridae Enterovirus A,92.4226,CV-A16,100.0,CV-A16,100.0,Could not assign,
PX448898,64,7329,7401,NC_001612,false,Picornaviridae Enterovirus A,92.41888,CV-A16,100.0,CV-A16,100.0,B1a,82.0
PX448897,64,7329,7401,NC_001612,false,Picornaviridae Enterovirus A,92.405235,CV-A16,100.0,CV-A16,100.0,Could not assign,
PX448896,64,7329,7401,NC_001612,false,Picornaviridae Enterovirus A,92.405235,CV-A16,100.0,CV-A16,100.0,Could not assign,
PX448894,23,7359,7390,NC_001612,false,Picornaviridae Enterovirus A,92.16458,CV-A16,100.0,CV-A16,100.0,Could not assign,80.0
PX448907,64,7329,7401,NC_001612,false,Picornaviridae Enterovirus A,92.18708,CV-A16,100.0,CV-A16,100.0,Could not assign,81.0
PX448890,23,7357,7390,NC_001612,false,Picornaviridae Enterovirus A,92.24606,CV-A16,100.0,CV-A16,100.0,Could not assign,
PX448889,23,7357,7390,NC_001612,false,Picornaviridae Enterovirus A,92.24606,CV-A16,100.0,CV-A16,100.0,Could not assign,87.0
PX448891,23,7357,7390,NC_001612,false,Picornaviridae Enterovirus A,92.20532,CV-A16,100.0,CV-A16,100.0,Could not assign,
PX448905,64,7329,7401,NC_001612,false,Picornaviridae Enterovirus A,92.14617,CV-A16,100.0,CV-A16,100.0,Could not assign,
PP532688,0,7397,7405,NC_001612,false,Picornaviridae Enterovirus A,92.21832,CV-A16,100.0,CV-A16,100.0,B1a,81.0
PX448901,64,7328,7401,NC_001612,false,Picornaviridae Enterovirus A,92.33706,CV-A16,100.0,CV-A16,100.0,Could not assign,
PX448900,64,7328,7401,NC_001612,false,Picornaviridae Enterovirus A,92.33706,CV-A16,100.0,CV-A16,100.0,Could not assign,
PX448904,64,7330,7401,NC_001612,false,Picornaviridae Enterovirus A,92.25525,CV-A16,100.0,CV-A16,100.0,Could not assign,
PX448903,64,7330,7401,NC_001612,false,Picornaviridae Enterovirus A,92.282524,CV-A16,100.0,CV-A16,100.0,Could not assign,
PX448902,64,7330,7401,NC_001612,false,Picornaviridae Enterovirus A,92.29615,CV-A16,99.0,CV-A16,100.0,B1a,83.0
PP333140,2445,891,3336,NC_001612,false,Picornaviridae Enterovirus A,93.146065,CV-A16,100.0,CV-A16,100.0,Could not assign,
PP333141,2445,891,3336,NC_001612,false,Picornaviridae Enterovirus A,93.25843,CV-A16,100.0,CV-A16,100.0,Could not assign,
PX448912,23,7355,7390,NC_001612,false,Picornaviridae Enterovirus A,91.811516,CV-A16,100.0,CV-A16,100.0,Could not assign,
LC923310,2445,891,3336,NC_001612,false,Picornaviridae Enterovirus A,92.134834,CV-A16,100.0,CV-A16,100.0,Could not assign,
LC865901,2445,891,3336,NC_001612,false,Picornaviridae Enterovirus A,92.69663,CV-A16,100.0,CV-A16,100.0,Could not assign,
LC865916,2445,891,3336,NC_001612,false,Picornaviridae Enterovirus A,92.69663,CV-A16,100.0,CV-A16,100.0,Could not assign,
LC865907,2445,891,3336,NC_001612,false,Picornaviridae Enterovirus A,92.80899,CV-A16,100.0,CV-A16,100.0,Could not assign,
LC865898,2445,891,3336,NC_001612,false,Picornaviridae Enterovirus A,92.80899,CV-A16,100.0,CV-A16,100.0,Could not assign,
LC865902,2445,891,3336,NC_001612,false,Picornaviridae Enterovirus A,92.80899,CV-A16,100.0,CV-A16,100.0,Could not assign,
PX448911,23,7359,7390,NC_001612,false,Picornaviridae Enterovirus A,91.770775,CV-A16,100.0,CV-A16,100.0,Could not assign,
LC923214,2445,891,3336,NC_001612,false,Picornaviridae Enterovirus A,92.35955,CV-A16,100.0,CV-A16,100.0,Could not assign,
PQ872609,2445,891,3336,NC_001612,false,Picornaviridae Enterovirus A,92.58427,CV-A16,100.0,CV-A16,100.0,Could not assign,
PQ872610,2445,891,3336,NC_001612,false,Picornaviridae Enterovirus A,92.58427,CV-A16,100.0,CV-A16,100.0,Could not assign,
LC923203,2445,891,3336,NC_001612,false,Picornaviridae Enterovirus A,92.58427,CV-A16,100.0,CV-A16,100.0,Could not assign,
LC925550,2445,891,3336,NC_001612,false,Picornaviridae Enterovirus A,92.58427,CV-A16,100.0,CV-A16,100.0,Could not assign,
LC923235,2445,891,3336,NC_001612,false,Picornaviridae Enterovirus A,92.47191,CV-A16,100.0,CV-A16,100.0,Could not assign,
LC923300,2445,891,3336,NC_001612,false,Picornaviridae Enterovirus A,92.247185,CV-A16,100.0,CV-A16,100.0,Could not assign,
LC923205,2445,891,3336,NC_001612,false,Picornaviridae Enterovirus A,92.35955,CV-A16,100.0,CV-A16,100.0,Could not assign,
LC925552,2445,891,3336,NC_001612,false,Picornaviridae Enterovirus A,92.35955,CV-A16,100.0,CV-A16,100.0,Could not assign,
LC923204,2445,891,3336,NC_001612,false,Picornaviridae Enterovirus A,92.69663,CV-A16,100.0,CV-A16,100.0,Could not assign,
LC925551,2445,891,3336,NC_001612,false,Picornaviridae Enterovirus A,92.69663,CV-A16,100.0,CV-A16,100.0,Could not assign,
OQ942661,2445,891,3336,NC_001612,false,Picornaviridae Enterovirus A,93.595505,CV-A16,100.0,CV-A16,100.0,Could not assign,
OQ626505,2445,891,3336,NC_001612,false,Picornaviridae Enterovirus A,93.82023,CV-A16,100.0,CV-A16,100.0,B1a,80.0
OQ626495,2445,891,3336,NC_001612,false,Picornaviridae Enterovirus A,93.91892,CV-A16,100.0,CV-A16,100.0,Could not assign,
OQ626474,2445,891,3336,NC_001612,false,Picornaviridae Enterovirus A,94.044945,CV-A16,100.0,CV-A16,100.0,B1a,86.0
OP373942,2445,891,3336,NC_001612,false,Picornaviridae Enterovirus A,93.48315,CV-A16,100.0,CV-A16,100.0,Could not assign,
OQ626529,2445,891,3336,NC_001612,false,Picornaviridae Enterovirus A,93.37079,CV-A16,100.0,CV-A16,100.0,Could not assign,
OQ626523,2445,891,3336,NC_001612,false,Picornaviridae Enterovirus A,93.37079,CV-A16,100.0,CV-A16,100.0,Could not assign,
OQ626525,2445,891,3336,NC_001612,false,Picornaviridae Enterovirus A,93.48315,CV-A16,100.0,CV-A16,100.0,Could not assign,
OQ626537,2445,891,3336,NC_001612,false,Picornaviridae Enterovirus A,93.37079,CV-A16,100.0,CV-A16,100.0,Could not assign,
OQ626541,2445,891,3336,NC_001612,false,Picornaviridae Enterovirus A,93.25843,CV-A16,100.0,CV-A16,100.0,Could not assign,
PQ872459,2445,891,3336,NC_001612,false,Picornaviridae Enterovirus A,93.48315,CV-A16,100.0,CV-A16,100.0,Could not assign,
OQ626517,2445,891,3336,NC_001612,false,Picornaviridae Enterovirus A,93.595505,CV-A16,100.0,CV-A16,100.0,Could not assign,
OQ626545,2445,891,3336,NC_001612,false,Picornaviridae Enterovirus A,93.37079,CV-A16,100.0,CV-A16,100.0,Could not assign,80.0
LC707467,2445,891,3336,NC_001612,false,Picornaviridae Enterovirus A,93.146065,CV-A16,100.0,CV-A16,100.0,Could not assign,
LC707426,2445,891,3336,NC_001612,false,Picornaviridae Enterovirus A,93.37079,CV-A16,100.0,CV-A16,100.0,Could not assign,
OQ626542,2445,891,3336,NC_001612,false,Picornaviridae Enterovirus A,93.48315,CV-A16,100.0,CV-A16,100.0,Could not assign,
OQ626526,2445,891,3336,NC_001612,false,Picornaviridae Enterovirus A,93.48315,CV-A16,100.0,CV-A16,100.0,Could not assign,
PQ182742,25,7356,7390,NC_001612,false,Picornaviridae Enterovirus A,91.95871,CV-A16,100.0,CV-A16,100.0,Could not assign,
OQ626538,2445,891,3336,NC_001612,false,Picornaviridae Enterovirus A,93.25843,CV-A16,100.0,CV-A16,100.0,Could not assign,
OQ626543,2445,891,3336,NC_001612,false,Picornaviridae Enterovirus A,93.48315,CV-A16,100.0,CV-A16,100.0,Could not assign,
OQ626552,2445,891,3336,NC_001612,false,Picornaviridae Enterovirus A,93.595505,CV-A16,100.0,CV-A16,100.0,Could not assign,
OQ626549,2445,891,3336,NC_001612,false,Picornaviridae Enterovirus A,92.69663,CV-A16,100.0,CV-A16,100.0,Could not assign,
OP373967,2445,891,3336,NC_001612,false,Picornaviridae Enterovirus A,93.82023,CV-A16,100.0,CV-A16,100.0,Could not assign,
LC707437,2445,891,3336,NC_001612,false,Picornaviridae Enterovirus A,93.595505,CV-A16,100.0,CV-A16,100.0,Could not assign,
LC707433,2445,891,3336,NC_001612,false,Picornaviridae Enterovirus A,93.70786,CV-A16,100.0,CV-A16,100.0,B1a,84.0
OQ626535,2445,891,3336,NC_001612,false,Picornaviridae Enterovirus A,93.595505,CV-A16,100.0,CV-A16,100.0,Could not assign,
PQ872500,2445,891,3336,NC_001612,false,Picornaviridae Enterovirus A,93.03371,CV-A16,100.0,CV-A16,100.0,Could not assign,
PP333139,2445,891,3336,NC_001612,false,Picornaviridae Enterovirus A,93.70786,CV-A16,100.0,CV-A16,100.0,Could not assign,
PP333138,2445,891,3336,NC_001612,false,Picornaviridae Enterovirus A,93.37079,CV-A16,100.0,CV-A16,100.0,Could not assign,
OQ626530,2445,891,3336,NC_001612,false,Picornaviridae Enterovirus A,93.82023,CV-A16,100.0,CV-A16,100.0,Could not assign,
LC923317,2445,891,3336,NC_001612,false,Picornaviridae Enterovirus A,92.47191,CV-A16,100.0,CV-A16,100.0,Could not assign,
LC923253,2445,891,3336,NC_001612,false,Picornaviridae Enterovirus A,92.134834,CV-A16,100.0,CV-A16,100.0,Could not assign,
LC923220,2445,891,3336,NC_001612,false,Picornaviridae Enterovirus A,92.02248,CV-A16,100.0,CV-A16,100.0,Could not assign,
LC923228,2445,891,3336,NC_001612,false,Picornaviridae Enterovirus A,92.134834,CV-A16,100.0,CV-A16,100.0,Could not assign,
LC923239,2445,891,3336,NC_001612,false,Picornaviridae Enterovirus A,92.80899,CV-A16,100.0,CV-A16,100.0,Could not assign,
LC923252,2445,891,3336,NC_001612,false,Picornaviridae Enterovirus A,92.69663,CV-A16,100.0,CV-A16,100.0,Could not assign,
LC923243,2445,891,3336,NC_001612,false,Picornaviridae Enterovirus A,92.134834,CV-A16,100.0,CV-A16,100.0,Could not assign,
LC923241,2445,891,3336,NC_001612,false,Picornaviridae Enterovirus A,92.35955,CV-A16,100.0,CV-A16,100.0,Could not assign,
LC923242,2445,891,3336,NC_001612,false,Picornaviridae Enterovirus A,92.134834,CV-A16,100.0,CV-A16,100.0,Could not assign,
LC923254,2445,891,3336,NC_001612,false,Picornaviridae Enterovirus A,92.247185,CV-A16,100.0,CV-A16,100.0,Could not assign,
LC923238,2445,891,3336,NC_001612,false,Picornaviridae Enterovirus A,92.35955,CV-A16,100.0,CV-A16,100.0,Could not assign,
LC923247,2445,891,3336,NC_001612,false,Picornaviridae Enterovirus A,92.35955,CV-A16,100.0,CV-A16,100.0,Could not assign,
OQ626546,2445,891,3336,NC_001612,false,Picornaviridae Enterovirus A,93.25843,CV-A16,100.0,CV-A16,100.0,Could not assign,
LC923275,2445,891,3336,NC_001612,false,Picornaviridae Enterovirus A,92.92135,CV-A16,100.0,CV-A16,100.0,Could not assign,
PQ179549,2445,891,3336,NC_001612,false,Picornaviridae Enterovirus A,93.490456,CV-A16,100.0,CV-A16,100.0,Could not assign,
PQ179548,2445,891,3336,NC_001612,false,Picornaviridae Enterovirus A,93.60269,CV-A16,100.0,CV-A16,100.0,Could not assign,
LC865930,2445,891,3336,NC_001612,false,Picornaviridae Enterovirus A,93.25843,CV-A16,100.0,CV-A16,100.0,Could not assign,
LC865921,2445,891,3336,NC_001612,false,Picornaviridae Enterovirus A,92.92135,CV-A16,100.0,CV-A16,100.0,Could not assign,
LC865973,2445,891,3336,NC_001612,false,Picornaviridae Enterovirus A,92.69663,CV-A16,100.0,CV-A16,100.0,Could not assign,
LC923173,2445,891,3336,NC_001612,false,Picornaviridae Enterovirus A,92.58427,CV-A16,100.0,CV-A16,100.0,Could not assign,
LC925520,2445,891,3336,NC_001612,false,Picornaviridae Enterovirus A,92.58427,CV-A16,100.0,CV-A16,100.0,Could not assign,
LC865971,2445,891,3336,NC_001612,false,Picornaviridae Enterovirus A,92.69663,CV-A16,100.0,CV-A16,100.0,Could not assign,
LC923157,2445,891,3336,NC_001612,false,Picornaviridae Enterovirus A,92.69663,CV-A16,100.0,CV-A16,100.0,Could not assign,
LC925504,2445,891,3336,NC_001612,false,Picornaviridae Enterovirus A,92.69663,CV-A16,100.0,CV-A16,100.0,Could not assign,
LC923172,2445,891,3336,NC_001612,false,Picornaviridae Enterovirus A,92.35955,CV-A16,100.0,CV-A16,100.0,Could not assign,
LC925519,2445,891,3336,NC_001612,false,Picornaviridae Enterovirus A,92.35955,CV-A16,100.0,CV-A16,100.0,Could not assign,
LC865949,2445,891,3336,NC_001612,false,Picornaviridae Enterovirus A,92.69663,CV-A16,100.0,CV-A16,100.0,Could not assign,
LC865929,2445,891,3336,NC_001612,false,Picornaviridae Enterovirus A,92.80899,CV-A16,100.0,CV-A16,100.0,Could not assign,
LC865947,2445,891,3336,NC_001612,false,Picornaviridae Enterovirus A,92.80899,CV-A16,100.0,CV-A16,100.0,Could not assign,
LC865948,2445,891,3336,NC_001612,false,Picornaviridae Enterovirus A,92.69663,CV-A16,100.0,CV-A16,100.0,Could not assign,
LC865969,2445,891,3336,NC_001612,false,Picornaviridae Enterovirus A,92.92135,CV-A16,100.0,CV-A16,100.0,Could not assign,
LC865968,2445,891,3336,NC_001612,false,Picornaviridae Enterovirus A,92.92135,CV-A16,100.0,CV-A16,100.0,Could not assign,
LC865965,2445,891,3336,NC_001612,false,Picornaviridae Enterovirus A,92.92135,CV-A16,100.0,CV-A16,100.0,Could not assign,
LC865964,2445,891,3336,NC_001612,false,Picornaviridae Enterovirus A,92.92135,CV-A16,100.0,CV-A16,100.0,Could not assign,
LC865967,2445,891,3336,NC_001612,false,Picornaviridae Enterovirus A,92.92135,CV-A16,100.0,CV-A16,100.0,Could not assign,
LC865966,2445,891,3336,NC_001612,false,Picornaviridae Enterovirus A,92.80899,CV-A16,100.0,CV-A16,100.0,Could not assign,
LC865951,2445,891,3336,NC_001612,false,Picornaviridae Enterovirus A,92.80899,CV-A16,100.0,CV-A16,100.0,Could not assign,
LC865923,2445,891,3336,NC_001612,false,Picornaviridae Enterovirus A,92.80899,CV-A16,100.0,CV-A16,100.0,Could not assign,
LC865922,2445,891,3336,NC_001612,false,Picornaviridae Enterovirus A,92.80899,CV-A16,100.0,CV-A16,100.0,Could not assign,
LC865943,2445,891,3336,NC_001612,false,Picornaviridae Enterovirus A,92.69663,CV-A16,100.0,CV-A16,100.0,Could not assign,
LC865972,2445,891,3336,NC_001612,false,Picornaviridae Enterovirus A,92.69663,CV-A16,100.0,CV-A16,100.0,Could not assign,
LC923237,2445,891,3336,NC_001612,false,Picornaviridae Enterovirus A,92.47191,CV-A16,100.0,CV-A16,100.0,Could not assign,
LC865950,2445,891,3336,NC_001612,false,Picornaviridae Enterovirus A,92.58427,CV-A16,100.0,CV-A16,100.0,Could not assign,
LC923170,2445,891,3336,NC_001612,false,Picornaviridae Enterovirus A,93.03371,CV-A16,100.0,CV-A16,100.0,Could not assign,
LC925517,2445,891,3336,NC_001612,false,Picornaviridae Enterovirus A,93.03371,CV-A16,100.0,CV-A16,100.0,Could not assign,
LC923161,2445,891,3336,NC_001612,false,Picornaviridae Enterovirus A,93.03371,CV-A16,100.0,CV-A16,100.0,Could not assign,
LC925508,2445,891,3336,NC_001612,false,Picornaviridae Enterovirus A,93.03371,CV-A16,100.0,CV-A16,100.0,Could not assign,
LC923169,2445,891,3336,NC_001612,false,Picornaviridae Enterovirus A,92.92135,CV-A16,100.0,CV-A16,100.0,Could not assign,
LC925516,2445,891,3336,NC_001612,false,Picornaviridae Enterovirus A,92.92135,CV-A16,100.0,CV-A16,100.0,Could not assign,
LC923162,2445,891,3336,NC_001612,false,Picornaviridae Enterovirus A,92.92135,CV-A16,100.0,CV-A16,100.0,Could not assign,
LC925509,2445,891,3336,NC_001612,false,Picornaviridae Enterovirus A,92.92135,CV-A16,100.0,CV-A16,100.0,Could not assign,
LC865915,2445,891,3336,NC_001612,false,Picornaviridae Enterovirus A,92.69663,CV-A16,100.0,CV-A16,100.0,Could not assign,
LC923202,2445,891,3336,NC_001612,false,Picornaviridae Enterovirus A,92.80899,CV-A16,100.0,CV-A16,100.0,Could not assign,
LC925549,2445,891,3336,NC_001612,false,Picornaviridae Enterovirus A,92.80899,CV-A16,100.0,CV-A16,100.0,Could not assign,
LC923201,2445,891,3336,NC_001612,false,Picornaviridae Enterovirus A,92.69663,CV-A16,100.0,CV-A16,100.0,Could not assign,
LC925548,2445,891,3336,NC_001612,false,Picornaviridae Enterovirus A,92.69663,CV-A16,100.0,CV-A16,100.0,Could not assign,
LC923199,2445,891,3336,NC_001612,false,Picornaviridae Enterovirus A,92.80899,CV-A16,100.0,CV-A16,100.0,Could not assign,
LC925546,2445,891,3336,NC_001612,false,Picornaviridae Enterovirus A,92.80899,CV-A16,100.0,CV-A16,100.0,Could not assign,
LC923197,2445,891,3336,NC_001612,false,Picornaviridae Enterovirus A,92.80899,CV-A16,100.0,CV-A16,100.0,Could not assign,
LC925544,2445,891,3336,NC_001612,false,Picornaviridae Enterovirus A,92.80899,CV-A16,100.0,CV-A16,100.0,Could not assign,
LC923198,2445,891,3336,NC_001612,false,Picornaviridae Enterovirus A,92.69663,CV-A16,100.0,CV-A16,100.0,Could not assign,
LC925545,2445,891,3336,NC_001612,false,Picornaviridae Enterovirus A,92.69663,CV-A16,100.0,CV-A16,100.0,Could not assign,
LC923180,2445,891,3336,NC_001612,false,Picornaviridae Enterovirus A,92.92135,CV-A16,100.0,CV-A16,100.0,Could not assign,
LC925527,2445,891,3336,NC_001612,false,Picornaviridae Enterovirus A,92.92135,CV-A16,100.0,CV-A16,100.0,Could not assign,
LC923185,2445,891,3336,NC_001612,false,Picornaviridae Enterovirus A,92.80899,CV-A16,100.0,CV-A16,100.0,Could not assign,
LC925532,2445,891,3336,NC_001612,false,Picornaviridae Enterovirus A,92.80899,CV-A16,100.0,CV-A16,100.0,Could not assign,
LC923200,2445,891,3336,NC_001612,false,Picornaviridae Enterovirus A,92.69663,CV-A16,100.0,CV-A16,100.0,Could not assign,
LC925547,2445,891,3336,NC_001612,false,Picornaviridae Enterovirus A,92.69663,CV-A16,100.0,CV-A16,100.0,Could not assign,
LC923171,2445,891,3336,NC_001612,false,Picornaviridae Enterovirus A,92.58427,CV-A16,100.0,CV-A16,100.0,Could not assign,
LC925518,2445,891,3336,NC_001612,false,Picornaviridae Enterovirus A,92.58427,CV-A16,100.0,CV-A16,100.0,Could not assign,
LC923181,2445,891,3336,NC_001612,false,Picornaviridae Enterovirus A,92.35955,CV-A16,100.0,CV-A16,100.0,Could not assign,
LC925528,2445,891,3336,NC_001612,false,Picornaviridae Enterovirus A,92.35955,CV-A16,100.0,CV-A16,100.0,Could not assign,
LC923266,2445,891,3336,NC_001612,false,Picornaviridae Enterovirus A,93.03371,CV-A16,100.0,CV-A16,100.0,Could not assign,
LC923152,2445,891,3336,NC_001612,false,Picornaviridae Enterovirus A,92.47191,CV-A16,100.0,CV-A16,100.0,Could not assign,
LC925499,2445,891,3336,NC_001612,false,Picornaviridae Enterovirus A,92.47191,CV-A16,100.0,CV-A16,100.0,Could not assign,
LC923294,2445,891,3336,NC_001612,false,Picornaviridae Enterovirus A,92.47191,CV-A16,100.0,CV-A16,100.0,Could not assign,
LC923284,2445,891,3336,NC_001612,false,Picornaviridae Enterovirus A,92.58427,CV-A16,100.0,CV-A16,100.0,Could not assign,
LC923283,2445,891,3336,NC_001612,false,Picornaviridae Enterovirus A,92.58427,CV-A16,100.0,CV-A16,100.0,Could not assign,
LC923288,2445,891,3336,NC_001612,false,Picornaviridae Enterovirus A,92.58427,CV-A16,100.0,CV-A16,100.0,Could not assign,
LC923286,2445,891,3336,NC_001612,false,Picornaviridae Enterovirus A,92.58427,CV-A16,100.0,CV-A16,100.0,Could not assign,
LC923287,2445,891,3336,NC_001612,false,Picornaviridae Enterovirus A,92.58427,CV-A16,100.0,CV-A16,100.0,Could not assign,
LC923285,2445,891,3336,NC_001612,false,Picornaviridae Enterovirus A,92.58427,CV-A16,100.0,CV-A16,100.0,Could not assign,
LC923291,2445,891,3336,NC_001612,false,Picornaviridae Enterovirus A,92.58427,CV-A16,100.0,CV-A16,100.0,Could not assign,
LC923292,2445,891,3336,NC_001612,false,Picornaviridae Enterovirus A,92.47191,CV-A16,100.0,CV-A16,100.0,Could not assign,
LC923289,2445,891,3336,NC_001612,false,Picornaviridae Enterovirus A,92.47191,CV-A16,100.0,CV-A16,100.0,Could not assign,
LC923290,2445,891,3336,NC_001612,false,Picornaviridae Enterovirus A,92.47191,CV-A16,100.0,CV-A16,100.0,Could not assign,
LC923293,2445,891,3336,NC_001612,false,Picornaviridae Enterovirus A,92.47191,CV-A16,100.0,CV-A16,100.0,Could not assign,
LC923303,2445,891,3336,NC_001612,false,Picornaviridae Enterovirus A,92.247185,CV-A16,100.0,CV-A16,100.0,Could not assign,
LC865955,2445,891,3336,NC_001612,false,Picornaviridae Enterovirus A,92.47191,CV-A16,100.0,CV-A16,100.0,Could not assign,
LC865953,2445,891,3336,NC_001612,false,Picornaviridae Enterovirus A,92.47191,CV-A16,100.0,CV-A16,100.0,Could not assign,
LC865952,2445,891,3336,NC_001612,false,Picornaviridae Enterovirus A,92.247185,CV-A16,100.0,CV-A16,100.0,Could not assign,
LC865954,2445,891,3336,NC_001612,false,Picornaviridae Enterovirus A,92.35955,CV-A16,100.0,CV-A16,100.0,Could not assign,
PX448929,23,7359,7390,NC_001612,false,Picornaviridae Enterovirus A,91.512764,CV-A16,100.0,CV-A16,100.0,Could not assign,
LC923234,2445,891,3336,NC_001612,false,Picornaviridae Enterovirus A,92.134834,CV-A16,100.0,CV-A16,100.0,Could not assign,
LC923249,2445,891,3336,NC_001612,false,Picornaviridae Enterovirus A,92.02248,CV-A16,100.0,CV-A16,100.0,Could not assign,
LC923236,2445,891,3336,NC_001612,false,Picornaviridae Enterovirus A,91.91011,CV-A16,100.0,CV-A16,100.0,Could not assign,
LC923255,2445,891,3336,NC_001612,false,Picornaviridae Enterovirus A,91.91919,CV-A16,100.0,CV-A16,100.0,Could not assign,
LC923229,2445,891,3336,NC_001612,false,Picornaviridae Enterovirus A,92.031425,CV-A16,100.0,CV-A16,100.0,Could not assign,
LC923230,2445,891,3336,NC_001612,false,Picornaviridae Enterovirus A,92.14366,CV-A16,100.0,CV-A16,100.0,Could not assign,
LC865958,2445,891,3336,NC_001612,false,Picornaviridae Enterovirus A,92.35955,CV-A16,100.0,CV-A16,100.0,Could not assign,
LC925511,2445,891,3336,NC_001612,false,Picornaviridae Enterovirus A,92.35955,CV-A16,100.0,CV-A16,100.0,Could not assign,
LC923164,2445,891,3336,NC_001612,false,Picornaviridae Enterovirus A,92.35955,CV-A16,100.0,CV-A16,100.0,Could not assign,
LC865956,2445,891,3336,NC_001612,false,Picornaviridae Enterovirus A,92.247185,CV-A16,100.0,CV-A16,100.0,Could not assign,
LC923274,2445,891,3336,NC_001612,false,Picornaviridae Enterovirus A,92.35955,CV-A16,100.0,CV-A16,100.0,Could not assign,
PQ872677,2445,891,3336,NC_001612,false,Picornaviridae Enterovirus A,92.35955,CV-A16,100.0,CV-A16,100.0,Could not assign,
LC923160,2445,891,3336,NC_001612,false,Picornaviridae Enterovirus A,92.247185,CV-A16,100.0,CV-A16,100.0,Could not assign,
LC925507,2445,891,3336,NC_001612,false,Picornaviridae Enterovirus A,92.247185,CV-A16,100.0,CV-A16,100.0,Could not assign,
LC923163,2445,891,3336,NC_001612,false,Picornaviridae Enterovirus A,92.247185,CV-A16,100.0,CV-A16,100.0,Could not assign,
LC925510,2445,891,3336,NC_001612,false,Picornaviridae Enterovirus A,92.247185,CV-A16,100.0,CV-A16,100.0,Could not assign,
LC865957,2445,891,3336,NC_001612,false,Picornaviridae Enterovirus A,92.247185,CV-A16,100.0,CV-A16,100.0,Could not assign,
LC923159,2445,891,3336,NC_001612,false,Picornaviridae Enterovirus A,92.02248,CV-A16,100.0,CV-A16,100.0,Could not assign,
LC925506,2445,891,3336,NC_001612,false,Picornaviridae Enterovirus A,92.02248,CV-A16,100.0,CV-A16,100.0,Could not assign,
LC923222,2445,891,3336,NC_001612,false,Picornaviridae Enterovirus A,92.80899,CV-A16,100.0,CV-A16,100.0,Could not assign,
LC923178,2445,891,3336,NC_001612,false,Picornaviridae Enterovirus A,92.35955,CV-A16,100.0,CV-A16,100.0,Could not assign,
LC923174,2445,891,3336,NC_001612,false,Picornaviridae Enterovirus A,92.47191,CV-A16,100.0,CV-A16,100.0,Could not assign,
LC925521,2445,891,3336,NC_001612,false,Picornaviridae Enterovirus A,92.47191,CV-A16,100.0,CV-A16,100.0,Could not assign,
LC865963,2445,891,3336,NC_001612,false,Picornaviridae Enterovirus A,92.69663,CV-A16,100.0,CV-A16,100.0,Could not assign,
LC865961,2445,891,3336,NC_001612,false,Picornaviridae Enterovirus A,92.80899,CV-A16,100.0,CV-A16,100.0,Could not assign,
LC923167,2445,891,3336,NC_001612,false,Picornaviridae Enterovirus A,92.80899,CV-A16,100.0,CV-A16,100.0,Could not assign,
LC925514,2445,891,3336,NC_001612,false,Picornaviridae Enterovirus A,92.80899,CV-A16,100.0,CV-A16,100.0,Could not assign,
LC865962,2445,891,3336,NC_001612,false,Picornaviridae Enterovirus A,92.58427,CV-A16,100.0,CV-A16,100.0,Could not assign,
LC865944,2445,891,3336,NC_001612,false,Picornaviridae Enterovirus A,92.80899,CV-A16,100.0,CV-A16,100.0,Could not assign,
LC865924,2445,891,3336,NC_001612,false,Picornaviridae Enterovirus A,92.69663,CV-A16,100.0,CV-A16,100.0,Could not assign,
LC923318,2445,891,3336,NC_001612,false,Picornaviridae Enterovirus A,92.247185,CV-A16,100.0,CV-A16,100.0,Could not assign,
PX448927,23,7359,7390,NC_001612,false,Picornaviridae Enterovirus A,91.63498,CV-A16,100.0,CV-A16,100.0,Could not assign,
PX448919,23,7358,7390,NC_001612,false,Picornaviridae Enterovirus A,91.74362,CV-A16,100.0,CV-A16,100.0,Could not assign,
PX448925,23,7358,7390,NC_001612,false,Picornaviridae Enterovirus A,91.73004,CV-A16,100.0,CV-A16,100.0,Could not assign,
PX448926,23,7359,7390,NC_001612,false,Picornaviridae Enterovirus A,91.70288,CV-A16,100.0,CV-A16,100.0,Could not assign,
PX448922,23,7358,7390,NC_001612,false,Picornaviridae Enterovirus A,91.770775,CV-A16,100.0,CV-A16,100.0,Could not assign,
PX448924,23,7358,7390,NC_001612,false,Picornaviridae Enterovirus A,91.6893,CV-A16,100.0,CV-A16,100.0,Could not assign,
PX448928,23,7359,7390,NC_001612,false,Picornaviridae Enterovirus A,91.73004,CV-A16,100.0,CV-A16,100.0,Could not assign,
PX448921,23,7358,7390,NC_001612,false,Picornaviridae Enterovirus A,91.784355,CV-A16,100.0,CV-A16,100.0,Could not assign,
PX448923,23,7358,7390,NC_001612,false,Picornaviridae Enterovirus A,91.74362,CV-A16,99.0,CV-A16,100.0,Could not assign,
PX448920,23,7358,7390,NC_001612,false,Picornaviridae Enterovirus A,91.825096,CV-A16,100.0,CV-A16,100.0,Could not assign,
PX448930,64,7328,7401,NC_001612,false,Picornaviridae Enterovirus A,91.62804,CV-A16,100.0,CV-A16,100.0,Could not assign,
LC923306,2445,891,3336,NC_001612,false,Picornaviridae Enterovirus A,92.80899,CV-A16,100.0,CV-A16,100.0,Could not assign,
LC923302,2445,891,3336,NC_001612,false,Picornaviridae Enterovirus A,92.80899,CV-A16,100.0,CV-A16,100.0,Could not assign,
LC923304,2445,891,3336,NC_001612,false,Picornaviridae Enterovirus A,92.92135,CV-A16,100.0,CV-A16,100.0,Could not assign,
LC923305,2445,891,3336,NC_001612,false,Picornaviridae Enterovirus A,92.80899,CV-A16,100.0,CV-A16,100.0,Could not assign,
LC923313,2445,891,3336,NC_001612,false,Picornaviridae Enterovirus A,92.80899,CV-A16,100.0,CV-A16,100.0,Could not assign,
LC923175,2445,891,3336,NC_001612,false,Picornaviridae Enterovirus A,92.69663,CV-A16,100.0,CV-A16,100.0,Could not assign,
LC925522,2445,891,3336,NC_001612,false,Picornaviridae Enterovirus A,92.69663,CV-A16,100.0,CV-A16,100.0,Could not assign,
LC923176,2445,891,3336,NC_001612,false,Picornaviridae Enterovirus A,92.58427,CV-A16,100.0,CV-A16,100.0,Could not assign,
LC925523,2445,891,3336,NC_001612,false,Picornaviridae Enterovirus A,92.58427,CV-A16,100.0,CV-A16,100.0,Could not assign,
LC923309,2445,891,3336,NC_001612,false,Picornaviridae Enterovirus A,92.35955,CV-A16,100.0,CV-A16,100.0,Could not assign,
LC923299,2445,891,3336,NC_001612,false,Picornaviridae Enterovirus A,92.247185,CV-A16,100.0,CV-A16,100.0,Could not assign,
LC923308,2445,891,3336,NC_001612,false,Picornaviridae Enterovirus A,92.47191,CV-A16,100.0,CV-A16,100.0,Could not assign,
LC923217,2445,891,3336,NC_001612,false,Picornaviridae Enterovirus A,92.35955,CV-A16,100.0,CV-A16,100.0,Could not assign,
LC923216,2445,891,3336,NC_001612,false,Picornaviridae Enterovirus A,92.247185,CV-A16,100.0,CV-A16,100.0,Could not assign,
LC923226,2445,891,3336,NC_001612,false,Picornaviridae Enterovirus A,92.247185,CV-A16,100.0,CV-A16,100.0,Could not assign,
LC923227,2445,891,3336,NC_001612,false,Picornaviridae Enterovirus A,92.247185,CV-A16,100.0,CV-A16,100.0,Could not assign,
LC923218,2445,891,3336,NC_001612,false,Picornaviridae Enterovirus A,92.35955,CV-A16,100.0,CV-A16,100.0,Could not assign,
LC923219,2445,891,3336,NC_001612,false,Picornaviridae Enterovirus A,92.247185,CV-A16,100.0,CV-A16,100.0,Could not assign,
LC923188,2445,891,3336,NC_001612,false,Picornaviridae Enterovirus A,92.35955,CV-A16,100.0,CV-A16,100.0,Could not assign,
LC923186,2445,891,3336,NC_001612,false,Picornaviridae Enterovirus A,92.35955,CV-A16,100.0,CV-A16,100.0,Could not assign,
LC925536,2445,891,3336,NC_001612,false,Picornaviridae Enterovirus A,92.35955,CV-A16,100.0,CV-A16,100.0,Could not assign,
LC925535,2445,891,3336,NC_001612,false,Picornaviridae Enterovirus A,92.35955,CV-A16,100.0,CV-A16,100.0,Could not assign,
LC923311,2445,891,3336,NC_001612,false,Picornaviridae Enterovirus A,92.35955,CV-A16,100.0,CV-A16,100.0,Could not assign,
LC925531,2445,891,3336,NC_001612,false,Picornaviridae Enterovirus A,92.35955,CV-A16,100.0,CV-A16,100.0,Could not assign,
LC925534,2445,891,3336,NC_001612,false,Picornaviridae Enterovirus A,92.35955,CV-A16,100.0,CV-A16,100.0,Could not assign,
LC925533,2445,891,3336,NC_001612,false,Picornaviridae Enterovirus A,92.35955,CV-A16,100.0,CV-A16,100.0,Could not assign,
LC923189,2445,891,3336,NC_001612,false,Picornaviridae Enterovirus A,92.35955,CV-A16,100.0,CV-A16,100.0,Could not assign,
LC923184,2445,891,3336,NC_001612,false,Picornaviridae Enterovirus A,92.35955,CV-A16,100.0,CV-A16,100.0,Could not assign,
LC923187,2445,891,3336,NC_001612,false,Picornaviridae Enterovirus A,92.35955,CV-A16,100.0,CV-A16,100.0,Could not assign,
AM292442,2445,891,3336,NC_001612,false,Picornaviridae Enterovirus A,96.07183,CV-A16,100.0,CV-A16,100.0,B1b,80.0
KC787157,2208,1087,3295,NC_001612,false,Picornaviridae Enterovirus A,93.27189,CV-A16,100.0,CV-A16,100.0,Could not assign,
KC787165,2359,933,3292,NC_001612,false,Picornaviridae Enterovirus A,92.91085,CV-A16,100.0,CV-A16,100.0,Could not assign,
KC787164,2359,1006,3365,NC_001612,false,Picornaviridae Enterovirus A,92.90061,CV-A16,100.0,CV-A16,100.0,Could not assign,
LT577833,2445,891,3336,NC_001612,false,Picornaviridae Enterovirus A,96.18407,CV-A16,100.0,CV-A16,100.0,Could not assign,
GU142868,2445,891,3336,NC_001612,false,Picornaviridae Enterovirus A,95.286194,CV-A16,100.0,CV-A16,100.0,Could not assign,
AB465399,2445,891,3336,NC_001612,false,Picornaviridae Enterovirus A,94.27609,CV-A16,100.0,CV-A16,100.0,Could not assign,
GU142867,2445,891,3336,NC_001612,false,Picornaviridae Enterovirus A,95.17396,CV-A16,100.0,CV-A16,100.0,Could not assign,
AM292443,2445,891,3336,NC_001612,false,Picornaviridae Enterovirus A,94.61279,CV-A16,100.0,CV-A16,100.0,Could not assign,
AB119645,2609,723,3332,NC_001612,false,Picornaviridae Enterovirus A,95.56172,CV-A16,100.0,CV-A16,100.0,Could not assign,
AB119644,2609,723,3332,NC_001612,false,Picornaviridae Enterovirus A,95.15906,CV-A16,100.0,CV-A16,100.0,Could not assign,
AB542206,2614,665,3279,NC_001612,false,Picornaviridae Enterovirus A,96.69173,CV-A16,100.0,CV-A16,100.0,Could not assign,
OP562172,2,7407,7414,NC_001612,false,Picornaviridae Enterovirus A,95.96382,CV-A16,100.0,CV-A16,100.0,Could not assign,
AB542212,2614,665,3279,NC_001612,false,Picornaviridae Enterovirus A,96.090225,CV-A16,100.0,CV-A16,100.0,Could not assign,
AM292462,2445,891,3336,NC_001612,false,Picornaviridae Enterovirus A,95.39842,CV-A16,100.0,CV-A16,100.0,Could not assign,
OP562209,2445,880,3325,NC_001612,false,Picornaviridae Enterovirus A,95.795456,CV-A16,100.0,CV-A16,100.0,Could not assign,
HQ283565,1798,2736,4535,NC_001612,false,Picornaviridae Enterovirus A,95.622894,CV-A16,100.0,CV-A16,100.0,Could not assign,
AB542210,2614,665,3279,NC_001612,false,Picornaviridae Enterovirus A,96.390976,CV-A16,100.0,CV-A16,100.0,Could not assign,
HQ283631,1798,2735,4533,NC_001612,false,Picornaviridae Enterovirus A,85.786285,CV-A16,100.0,CV-A16,100.0,Could not assign,
OP562173,2,7407,7414,NC_001612,false,Picornaviridae Enterovirus A,95.77483,CV-A16,100.0,CV-A16,100.0,Could not assign,
OP562211,2445,880,3325,NC_001612,false,Picornaviridae Enterovirus A,95.90909,CV-A16,100.0,CV-A16,100.0,Could not assign,
OP562174,2,7406,7414,NC_001612,false,Picornaviridae Enterovirus A,95.39687,CV-A16,100.0,CV-A16,100.0,Could not assign,
HQ283571,1798,2736,4535,NC_001612,false,Picornaviridae Enterovirus A,95.622894,CV-A16,100.0,CV-A16,100.0,Could not assign,
OP562210,2445,880,3325,NC_001612,false,Picornaviridae Enterovirus A,95.454544,CV-A16,100.0,CV-A16,100.0,Could not assign,
OP562212,2445,880,3325,NC_001612,false,Picornaviridae Enterovirus A,95.681816,CV-A16,100.0,CV-A16,100.0,Could not assign,
AB542211,2614,665,3279,NC_001612,false,Picornaviridae Enterovirus A,96.54135,CV-A16,100.0,CV-A16,100.0,Could not assign,
LT577707,2445,891,3336,NC_001612,false,Picornaviridae Enterovirus A,93.93939,CV-A16,100.0,CV-A16,100.0,Could not assign,
LT577835,2445,891,3336,NC_001612,false,Picornaviridae Enterovirus A,95.06173,CV-A16,100.0,CV-A16,100.0,Could not assign,
LT617092,0,7406,7412,NC_001612,false,Picornaviridae Enterovirus A,95.36987,CV-A16,100.0,CV-A16,100.0,Could not assign,
LT577834,2445,891,3336,NC_001612,false,Picornaviridae Enterovirus A,94.61279,CV-A16,100.0,CV-A16,100.0,Could not assign,
LT577839,2445,891,3336,NC_001612,false,Picornaviridae Enterovirus A,94.61279,CV-A16,100.0,CV-A16,100.0,Could not assign,
LT577844,2445,891,3336,NC_001612,false,Picornaviridae Enterovirus A,93.37823,CV-A16,100.0,CV-A16,100.0,Could not assign,
LT577840,2445,891,3336,NC_001612,false,Picornaviridae Enterovirus A,93.93939,CV-A16,100.0,CV-A16,100.0,Could not assign,
LT617091,0,7406,7412,NC_001612,false,Picornaviridae Enterovirus A,95.275375,CV-A16,100.0,CV-A16,100.0,Could not assign,
AY956576,2606,736,3342,NC_001612,false,Picornaviridae Enterovirus A,94.55782,CV-A16,100.0,CV-A16,100.0,Could not assign,
LT577838,2445,891,3336,NC_001612,false,Picornaviridae Enterovirus A,93.490456,CV-A16,100.0,CV-A16,100.0,Could not assign,
KC879508,2445,891,3336,NC_001612,false,Picornaviridae Enterovirus A,94.27609,CV-A16,100.0,CV-A16,100.0,Could not assign,
KC879516,2445,891,3336,NC_001612,false,Picornaviridae Enterovirus A,93.26599,CV-A16,100.0,CV-A16,100.0,Could not assign,
KC879529,2445,891,3336,NC_001612,false,Picornaviridae Enterovirus A,92.81706,CV-A16,100.0,CV-A16,100.0,Could not assign,
LT577700,2445,891,3336,NC_001612,false,Picornaviridae Enterovirus A,96.07183,CV-A16,100.0,CV-A16,100.0,Could not assign,
LT577699,2445,891,3336,NC_001612,false,Picornaviridae Enterovirus A,95.73513,CV-A16,100.0,CV-A16,100.0,Could not assign,
AB465374,2445,891,3336,NC_001612,false,Picornaviridae Enterovirus A,95.73033,CV-A16,100.0,CV-A16,100.0,Could not assign,
AB465389,2445,891,3336,NC_001612,false,Picornaviridae Enterovirus A,95.8427,CV-A16,100.0,CV-A16,100.0,Could not assign,
AB465397,2445,891,3336,NC_001612,false,Picornaviridae Enterovirus A,95.61798,CV-A16,100.0,CV-A16,100.0,Could not assign,
AB465398,2445,891,3336,NC_001612,false,Picornaviridae Enterovirus A,95.505615,CV-A16,100.0,CV-A16,100.0,Could not assign,
AB465396,2445,891,3336,NC_001612,false,Picornaviridae Enterovirus A,95.505615,CV-A16,100.0,CV-A16,100.0,Could not assign,
AB465387,2445,891,3336,NC_001612,false,Picornaviridae Enterovirus A,95.61798,CV-A16,100.0,CV-A16,100.0,Could not assign,
AB465383,2445,891,3336,NC_001612,false,Picornaviridae Enterovirus A,95.73033,CV-A16,100.0,CV-A16,100.0,Could not assign,
AB465384,2445,891,3336,NC_001612,false,Picornaviridae Enterovirus A,95.73033,CV-A16,100.0,CV-A16,100.0,Could not assign,
AB465380,2445,891,3336,NC_001612,false,Picornaviridae Enterovirus A,95.73033,CV-A16,100.0,CV-A16,100.0,Could not assign,
AB465381,2445,891,3336,NC_001612,false,Picornaviridae Enterovirus A,95.73033,CV-A16,100.0,CV-A16,100.0,Could not assign,
AB465382,2445,891,3336,NC_001612,false,Picornaviridae Enterovirus A,95.73033,CV-A16,100.0,CV-A16,100.0,Could not assign,
AB465377,2445,891,3336,NC_001612,false,Picornaviridae Enterovirus A,95.73033,CV-A16,100.0,CV-A16,100.0,Could not assign,
AB465379,2445,891,3336,NC_001612,false,Picornaviridae Enterovirus A,95.15766,CV-A16,100.0,CV-A16,100.0,Could not assign,
AB465375,2445,891,3336,NC_001612,false,Picornaviridae Enterovirus A,95.38288,CV-A16,100.0,CV-A16,100.0,Could not assign,
AB465378,2445,891,3336,NC_001612,false,Picornaviridae Enterovirus A,95.15766,CV-A16,100.0,CV-A16,100.0,Could not assign,
AB465376,2445,891,3336,NC_001612,false,Picornaviridae Enterovirus A,95.27027,CV-A16,100.0,CV-A16,100.0,Could not assign,
AB634324,2445,891,3336,NC_001612,false,Picornaviridae Enterovirus A,97.86757,CV-A16,100.0,CV-A16,100.0,Could not assign,
AB465372,2445,891,3336,NC_001612,false,Picornaviridae Enterovirus A,97.53087,CV-A16,100.0,CV-A16,100.0,Could not assign,
AB465373,2445,891,3336,NC_001612,false,Picornaviridae Enterovirus A,97.41863,CV-A16,100.0,CV-A16,100.0,Could not assign,
FJ198212,0,7410,7414,NC_001612,false,Picornaviridae Enterovirus A,100.0,CV-A16,100.0,CV-A16,100.0,Could not assign,
AY895102,108,3242,3355,NC_001612,false,Picornaviridae Enterovirus A,96.57407,CV-A16,100.0,CV-A16,100.0,Could not assign,
AY895110,108,3242,3355,NC_001612,false,Picornaviridae Enterovirus A,97.37817,CV-A16,100.0,CV-A16,100.0,Could not assign,
AY895099,109,3242,3355,NC_001612,false,Picornaviridae Enterovirus A,96.69956,CV-A16,100.0,CV-A16,100.0,Could not assign,
AY895126,131,3144,3279,NC_001612,false,Picornaviridae Enterovirus A,97.169205,CV-A16,100.0,CV-A16,100.0,Could not assign,
AB634383,2445,891,3336,NC_001612,false,Picornaviridae Enterovirus A,96.18407,CV-A16,100.0,CV-A16,100.0,Could not assign,
EU262658,0,7410,7414,NC_001612,false,Picornaviridae Enterovirus A,100.0,CV-A16,100.0,CV-A16,100.0,Could not assign,
HM776222,2400,944,3344,NC_001612,false,Picornaviridae Enterovirus A,100.0,CV-A16,100.0,CV-A16,100.0,Could not assign,
AY790926,0,7410,7414,NC_001612,false,Picornaviridae Enterovirus A,100.0,CV-A16,100.0,CV-A16,100.0,B1b,81.0
AB634321,2445,891,3336,NC_001612,false,Picornaviridae Enterovirus A,97.9798,CV-A16,100.0,CV-A16,100.0,Could not assign,
AY895122,131,3144,3279,NC_001612,false,Picornaviridae Enterovirus A,96.56488,CV-A16,100.0,CV-A16,100.0,B1b,81.0
KX871477,2445,891,3336,NC_001612,false,Picornaviridae Enterovirus A,94.27609,CV-A16,100.0,CV-A16,100.0,Could not assign,
LT577821,2445,891,3336,NC_001612,false,Picornaviridae Enterovirus A,94.50056,CV-A16,100.0,CV-A16,100.0,Could not assign,
OQ091666,0,7401,7405,NC_001612,false,Picornaviridae Enterovirus A,95.204,CV-A16,100.0,CV-A16,100.0,Could not assign,
MK307231,2398,1000,3398,NC_001612,false,Picornaviridae Enterovirus A,95.6,CV-A16,100.0,CV-A16,100.0,Could not assign,81.0
MW178960,2445,891,3336,NC_001612,false,Picornaviridae Enterovirus A,94.83726,CV-A16,100.0,CV-A16,100.0,Could not assign,
KU595985,2445,891,3336,NC_001612,false,Picornaviridae Enterovirus A,95.51066,CV-A16,100.0,CV-A16,100.0,B1b,82.0
PQ179537,2445,891,3336,NC_001612,false,Picornaviridae Enterovirus A,95.84736,CV-A16,100.0,CV-A16,100.0,B1b,85.0
PQ179536,2445,891,3336,NC_001612,false,Picornaviridae Enterovirus A,95.51066,CV-A16,100.0,CV-A16,100.0,B1b,89.0
PQ179539,2445,891,3336,NC_001612,false,Picornaviridae Enterovirus A,95.84736,CV-A16,100.0,CV-A16,100.0,B1b,83.0
PQ179538,2445,891,3336,NC_001612,false,Picornaviridae Enterovirus A,95.84736,CV-A16,100.0,CV-A16,100.0,B1b,81.0
LC412251,2445,891,3336,NC_001612,false,Picornaviridae Enterovirus A,95.622894,CV-A16,100.0,CV-A16,100.0,Could not assign,
LC412138,2445,891,3336,NC_001612,false,Picornaviridae Enterovirus A,95.622894,CV-A16,100.0,CV-A16,100.0,B1b,84.0
LC412131,2445,891,3336,NC_001612,false,Picornaviridae Enterovirus A,95.73513,CV-A16,100.0,CV-A16,100.0,B1b,86.0
LC412129,2445,891,3336,NC_001612,false,Picornaviridae Enterovirus A,95.17396,CV-A16,100.0,CV-A16,100.0,Could not assign,
KX871355,2445,891,3336,NC_001612,false,Picornaviridae Enterovirus A,95.51066,CV-A16,100.0,CV-A16,100.0,B1b,86.0
KX871339,2445,891,3336,NC_001612,false,Picornaviridae Enterovirus A,95.622894,CV-A16,100.0,CV-A16,100.0,Could not assign,
MG674827,14,7388,7405,NC_001612,false,Picornaviridae Enterovirus A,95.79047,CV-A16,100.0,CV-A16,100.0,Could not assign,
KX871345,2445,891,3336,NC_001612,false,Picornaviridae Enterovirus A,95.51066,CV-A16,100.0,CV-A16,100.0,B1b,80.0
MW178964,2445,891,3336,NC_001612,false,Picornaviridae Enterovirus A,95.286194,CV-A16,100.0,CV-A16,100.0,B1b,80.0
MW178963,2445,891,3336,NC_001612,false,Picornaviridae Enterovirus A,95.622894,CV-A16,100.0,CV-A16,100.0,Could not assign,81.0
MZ671880,64,7334,7401,NC_001612,false,Picornaviridae Enterovirus A,95.78674,CV-A16,100.0,CV-A16,100.0,Could not assign,82.0
LC412136,2445,891,3336,NC_001612,false,Picornaviridae Enterovirus A,95.06173,CV-A16,100.0,CV-A16,100.0,Could not assign,
LC412151,2445,891,3336,NC_001612,false,Picornaviridae Enterovirus A,95.17396,CV-A16,100.0,CV-A16,100.0,Could not assign,
KM235951,2445,891,3336,NC_001612,false,Picornaviridae Enterovirus A,95.286194,CV-A16,100.0,CV-A16,100.0,B1b,86.0
LC412142,2445,891,3336,NC_001612,false,Picornaviridae Enterovirus A,95.17396,CV-A16,100.0,CV-A16,100.0,Could not assign,
LC412146,2445,891,3336,NC_001612,false,Picornaviridae Enterovirus A,94.94949,CV-A16,100.0,CV-A16,100.0,Could not assign,
LC412150,2445,891,3336,NC_001612,false,Picornaviridae Enterovirus A,95.06173,CV-A16,100.0,CV-A16,100.0,Could not assign,
LC412127,2445,891,3336,NC_001612,false,Picornaviridae Enterovirus A,94.94949,CV-A16,100.0,CV-A16,100.0,Could not assign,
LC412148,2445,891,3336,NC_001612,false,Picornaviridae Enterovirus A,94.94949,CV-A16,100.0,CV-A16,100.0,Could not assign,
LC412144,2445,891,3336,NC_001612,false,Picornaviridae Enterovirus A,94.94949,CV-A16,100.0,CV-A16,100.0,Could not assign,
LC412141,2445,891,3336,NC_001612,false,Picornaviridae Enterovirus A,95.06173,CV-A16,100.0,CV-A16,100.0,Could not assign,
MW178942,2445,891,3336,NC_001612,false,Picornaviridae Enterovirus A,95.39842,CV-A16,100.0,CV-A16,100.0,Could not assign,
MW197216,2445,891,3336,NC_001612,false,Picornaviridae Enterovirus A,95.286194,CV-A16,100.0,CV-A16,100.0,B1b,81.0
MW178974,2445,891,3336,NC_001612,false,Picornaviridae Enterovirus A,95.622894,CV-A16,100.0,CV-A16,100.0,Could not assign,
MW178956,2445,891,3336,NC_001612,false,Picornaviridae Enterovirus A,95.39842,CV-A16,100.0,CV-A16,100.0,Could not assign,
MT211999,0,7409,7413,NC_001612,false,Picornaviridae Enterovirus A,95.78834,CV-A16,100.0,CV-A16,100.0,B1b,81.0
MN337597,19,7399,7422,NC_001612,false,Picornaviridae Enterovirus A,96.061714,CV-A16,100.0,CV-A16,100.0,Could not assign,
KX871402,2445,891,3336,NC_001612,false,Picornaviridae Enterovirus A,95.51066,CV-A16,100.0,CV-A16,100.0,B1b,85.0
OP373823,2445,891,3336,NC_001612,false,Picornaviridae Enterovirus A,95.06173,CV-A16,100.0,CV-A16,100.0,Could not assign,
OP373856,2445,891,3336,NC_001612,false,Picornaviridae Enterovirus A,95.17396,CV-A16,100.0,CV-A16,100.0,Could not assign,
KU744470,2445,891,3336,NC_001612,false,Picornaviridae Enterovirus A,95.05618,CV-A16,100.0,CV-A16,100.0,Could not assign,
KX871433,2445,891,3336,NC_001612,false,Picornaviridae Enterovirus A,94.72503,CV-A16,100.0,CV-A16,100.0,Could not assign,
LC013398,2445,891,3336,NC_001612,false,Picornaviridae Enterovirus A,95.17396,CV-A16,100.0,CV-A16,100.0,Could not assign,
LC013395,2445,891,3336,NC_001612,false,Picornaviridae Enterovirus A,95.17396,CV-A16,100.0,CV-A16,100.0,B1b,80.0
LC013397,2445,891,3336,NC_001612,false,Picornaviridae Enterovirus A,95.286194,CV-A16,100.0,CV-A16,100.0,Could not assign,
LC013396,2445,891,3336,NC_001612,false,Picornaviridae Enterovirus A,95.286194,CV-A16,100.0,CV-A16,100.0,Could not assign,
LC412134,2445,891,3336,NC_001612,false,Picornaviridae Enterovirus A,94.94949,CV-A16,100.0,CV-A16,100.0,Could not assign,
LC412137,2445,891,3336,NC_001612,false,Picornaviridae Enterovirus A,95.06173,CV-A16,100.0,CV-A16,100.0,Could not assign,
KU596002,2445,891,3336,NC_001612,false,Picornaviridae Enterovirus A,95.17396,CV-A16,100.0,CV-A16,100.0,Could not assign,
KU596010,2445,891,3336,NC_001612,false,Picornaviridae Enterovirus A,95.51066,CV-A16,100.0,CV-A16,100.0,Could not assign,
KU596013,2445,891,3336,NC_001612,false,Picornaviridae Enterovirus A,95.51066,CV-A16,100.0,CV-A16,100.0,Could not assign,
KU596007,2445,891,3336,NC_001612,false,Picornaviridae Enterovirus A,95.286194,CV-A16,100.0,CV-A16,100.0,Could not assign,
KU596017,2445,891,3336,NC_001612,false,Picornaviridae Enterovirus A,95.51066,CV-A16,100.0,CV-A16,100.0,B1b,80.0
KU595993,2445,891,3336,NC_001612,false,Picornaviridae Enterovirus A,95.17396,CV-A16,100.0,CV-A16,100.0,Could not assign,
MH516996,2445,891,3336,NC_001612,false,Picornaviridae Enterovirus A,95.06173,CV-A16,100.0,CV-A16,100.0,Could not assign,
MW179005,2445,891,3336,NC_001612,false,Picornaviridae Enterovirus A,94.94949,CV-A16,100.0,CV-A16,100.0,Could not assign,
KM048021,2475,840,3315,NC_001612,false,Picornaviridae Enterovirus A,97.13945,CV-A16,100.0,CV-A16,100.0,Could not assign,
KM048032,2475,840,3315,NC_001612,false,Picornaviridae Enterovirus A,97.25864,CV-A16,100.0,CV-A16,100.0,Could not assign,
PQ179532,2445,891,3336,NC_001612,false,Picornaviridae Enterovirus A,98.09203,CV-A16,100.0,CV-A16,100.0,B1b,98.0
PQ179531,2445,891,3336,NC_001612,false,Picornaviridae Enterovirus A,98.428734,CV-A16,100.0,CV-A16,100.0,B1b,100.0
PQ179535,2445,891,3336,NC_001612,false,Picornaviridae Enterovirus A,97.75533,CV-A16,100.0,CV-A16,100.0,B1b,96.0
PV466947,2445,891,3336,NC_001612,false,Picornaviridae Enterovirus A,97.6431,CV-A16,100.0,CV-A16,100.0,B1b,96.0
PV466911,2445,891,3336,NC_001612,false,Picornaviridae Enterovirus A,97.86517,CV-A16,100.0,CV-A16,100.0,B1b,98.0
PV466912,2445,891,3336,NC_001612,false,Picornaviridae Enterovirus A,97.9798,CV-A16,100.0,CV-A16,100.0,B1b,97.0
PV466923,2445,891,3336,NC_001612,false,Picornaviridae Enterovirus A,97.86757,CV-A16,100.0,CV-A16,100.0,B1b,97.0
PV466944,2445,891,3336,NC_001612,false,Picornaviridae Enterovirus A,97.53087,CV-A16,100.0,CV-A16,100.0,B1b,96.0
PV466910,2445,891,3336,NC_001612,false,Picornaviridae Enterovirus A,97.6431,CV-A16,100.0,CV-A16,100.0,B1b,99.0
PV466920,2445,891,3336,NC_001612,false,Picornaviridae Enterovirus A,97.86757,CV-A16,100.0,CV-A16,100.0,B1b,99.0
PV466922,2445,891,3336,NC_001612,false,Picornaviridae Enterovirus A,97.86757,CV-A16,100.0,CV-A16,100.0,B1b,97.0
PV466918,2445,891,3336,NC_001612,false,Picornaviridae Enterovirus A,97.86757,CV-A16,100.0,CV-A16,100.0,B1b,97.0
PV466921,2445,891,3336,NC_001612,false,Picornaviridae Enterovirus A,97.86757,CV-A16,100.0,CV-A16,100.0,B1b,99.0
PV466927,2445,891,3336,NC_001612,false,Picornaviridae Enterovirus A,97.86757,CV-A16,100.0,CV-A16,100.0,B1b,95.0
PV466924,2445,891,3336,NC_001612,false,Picornaviridae Enterovirus A,97.9798,CV-A16,100.0,CV-A16,100.0,B1b,99.0
PV466919,2445,891,3336,NC_001612,false,Picornaviridae Enterovirus A,97.9798,CV-A16,100.0,CV-A16,100.0,B1b,99.0
PV466929,2445,891,3336,NC_001612,false,Picornaviridae Enterovirus A,97.6431,CV-A16,100.0,CV-A16,100.0,B1b,96.0
PV466897,2445,891,3336,NC_001612,false,Picornaviridae Enterovirus A,96.18407,CV-A16,100.0,CV-A16,100.0,B1b,93.0
PV466945,2445,891,3336,NC_001612,false,Picornaviridae Enterovirus A,96.74523,CV-A16,100.0,CV-A16,100.0,B1b,100.0
PV466896,2445,891,3336,NC_001612,false,Picornaviridae Enterovirus A,97.303375,CV-A16,100.0,CV-A16,100.0,B1b,95.0
PV466905,2445,891,3336,NC_001612,false,Picornaviridae Enterovirus A,97.75533,CV-A16,100.0,CV-A16,100.0,B1b,99.0
PV466900,2445,891,3336,NC_001612,false,Picornaviridae Enterovirus A,97.19417,CV-A16,100.0,CV-A16,100.0,B1b,96.0
PV466906,2445,891,3336,NC_001612,false,Picornaviridae Enterovirus A,97.41863,CV-A16,100.0,CV-A16,100.0,B1b,97.0
PV466908,2445,891,3336,NC_001612,false,Picornaviridae Enterovirus A,97.3064,CV-A16,100.0,CV-A16,100.0,B1b,99.0
PV466913,2445,891,3336,NC_001612,false,Picornaviridae Enterovirus A,98.20427,CV-A16,100.0,CV-A16,100.0,B1b,98.0
PQ179530,2445,891,3336,NC_001612,false,Picornaviridae Enterovirus A,99.102135,CV-A16,100.0,CV-A16,100.0,B1b,99.0
PV466935,2445,891,3336,NC_001612,false,Picornaviridae Enterovirus A,99.3266,CV-A16,100.0,CV-A16,100.0,B1b,97.0
PV466866,2445,891,3336,NC_001612,false,Picornaviridae Enterovirus A,96.85747,CV-A16,100.0,CV-A16,100.0,B1b,93.0
PV466859,2445,891,3336,NC_001612,false,Picornaviridae Enterovirus A,97.53087,CV-A16,100.0,CV-A16,100.0,B1b,98.0
PQ872373,2445,891,3336,NC_001612,false,Picornaviridae Enterovirus A,97.3064,CV-A16,100.0,CV-A16,100.0,B1b,100.0
PQ872393,2445,891,3336,NC_001612,false,Picornaviridae Enterovirus A,97.75533,CV-A16,100.0,CV-A16,100.0,B1b,96.0
PQ872370,2445,891,3336,NC_001612,false,Picornaviridae Enterovirus A,97.41863,CV-A16,100.0,CV-A16,100.0,B1b,99.0
PV466841,2445,891,3336,NC_001612,false,Picornaviridae Enterovirus A,97.86757,CV-A16,100.0,CV-A16,100.0,B1b,100.0
PV466844,2445,891,3336,NC_001612,false,Picornaviridae Enterovirus A,97.86757,CV-A16,100.0,CV-A16,100.0,B1b,99.0
PV466847,2445,891,3336,NC_001612,false,Picornaviridae Enterovirus A,97.41863,CV-A16,100.0,CV-A16,100.0,B1b,96.0
PV466855,2445,891,3336,NC_001612,false,Picornaviridae Enterovirus A,97.41863,CV-A16,100.0,CV-A16,100.0,B1b,94.0
PV466848,2445,891,3336,NC_001612,false,Picornaviridae Enterovirus A,97.6431,CV-A16,100.0,CV-A16,100.0,B1b,98.0
PV466843,2445,891,3336,NC_001612,false,Picornaviridae Enterovirus A,97.75533,CV-A16,100.0,CV-A16,100.0,B1b,96.0
PV466850,2445,891,3336,NC_001612,false,Picornaviridae Enterovirus A,97.75533,CV-A16,100.0,CV-A16,100.0,B1b,96.0
PV466840,2445,891,3336,NC_001612,false,Picornaviridae Enterovirus A,97.75533,CV-A16,100.0,CV-A16,100.0,B1b,98.0
PV466845,2445,891,3336,NC_001612,false,Picornaviridae Enterovirus A,97.75533,CV-A16,100.0,CV-A16,100.0,B1b,98.0
PV466865,2445,891,3336,NC_001612,false,Picornaviridae Enterovirus A,97.6431,CV-A16,100.0,CV-A16,100.0,B1b,99.0
PV466846,2445,891,3336,NC_001612,false,Picornaviridae Enterovirus A,97.6431,CV-A16,100.0,CV-A16,100.0,B1b,94.0
PQ872381,2445,891,3336,NC_001612,false,Picornaviridae Enterovirus A,97.75533,CV-A16,100.0,CV-A16,100.0,B1b,97.0
PV466861,2445,891,3336,NC_001612,false,Picornaviridae Enterovirus A,97.53087,CV-A16,100.0,CV-A16,100.0,B1b,97.0
PV466872,2445,891,3336,NC_001612,false,Picornaviridae Enterovirus A,97.53087,CV-A16,100.0,CV-A16,100.0,B1b,98.0
PQ872395,2445,891,3336,NC_001612,false,Picornaviridae Enterovirus A,97.86757,CV-A16,100.0,CV-A16,100.0,B1b,97.0
PV466856,2445,891,3336,NC_001612,false,Picornaviridae Enterovirus A,97.75533,CV-A16,100.0,CV-A16,100.0,B1b,100.0
PV466867,2445,891,3336,NC_001612,false,Picornaviridae Enterovirus A,97.53087,CV-A16,100.0,CV-A16,100.0,B1b,97.0
PV466842,2445,891,3336,NC_001612,false,Picornaviridae Enterovirus A,96.969696,CV-A16,100.0,CV-A16,100.0,B1b,98.0
PV466849,2445,891,3336,NC_001612,false,Picornaviridae Enterovirus A,96.969696,CV-A16,100.0,CV-A16,100.0,B1b,97.0
PV466904,2445,891,3336,NC_001612,false,Picornaviridae Enterovirus A,97.86757,CV-A16,100.0,CV-A16,100.0,B1b,96.0
PV466903,2445,891,3336,NC_001612,false,Picornaviridae Enterovirus A,97.86757,CV-A16,100.0,CV-A16,100.0,B1b,99.0
PQ179541,2445,891,3336,NC_001612,false,Picornaviridae Enterovirus A,99.21348,CV-A16,100.0,CV-A16,100.0,B1b,97.0
PV466932,2445,891,3336,NC_001612,false,Picornaviridae Enterovirus A,98.54097,CV-A16,100.0,CV-A16,100.0,B1b,99.0
PV466907,2445,891,3336,NC_001612,false,Picornaviridae Enterovirus A,97.75533,CV-A16,100.0,CV-A16,100.0,B1b,96.0
PV466860,2445,891,3336,NC_001612,false,Picornaviridae Enterovirus A,97.3064,CV-A16,100.0,CV-A16,100.0,B1b,98.0
PV466889,2445,891,3336,NC_001612,false,Picornaviridae Enterovirus A,97.9798,CV-A16,100.0,CV-A16,100.0,B1b,96.0
PV466901,2445,891,3336,NC_001612,false,Picornaviridae Enterovirus A,97.75533,CV-A16,100.0,CV-A16,100.0,B1b,99.0
PV466891,2445,891,3336,NC_001612,false,Picornaviridae Enterovirus A,98.09203,CV-A16,100.0,CV-A16,100.0,B1b,98.0
PV466899,2445,891,3336,NC_001612,false,Picornaviridae Enterovirus A,97.9798,CV-A16,100.0,CV-A16,100.0,B1b,100.0
PV466893,2445,891,3336,NC_001612,false,Picornaviridae Enterovirus A,97.86757,CV-A16,100.0,CV-A16,100.0,B1b,100.0
PV466888,2445,891,3336,NC_001612,false,Picornaviridae Enterovirus A,97.9798,CV-A16,100.0,CV-A16,100.0,B1b,98.0
PV466902,2445,891,3336,NC_001612,false,Picornaviridae Enterovirus A,97.9798,CV-A16,100.0,CV-A16,100.0,B1b,98.0
PQ872399,2445,891,3336,NC_001612,false,Picornaviridae Enterovirus A,97.07865,CV-A16,100.0,CV-A16,100.0,B1b,97.0
PV466898,2445,891,3336,NC_001612,false,Picornaviridae Enterovirus A,98.3165,CV-A16,100.0,CV-A16,100.0,B1b,99.0
PQ179542,2445,891,3336,NC_001612,false,Picornaviridae Enterovirus A,97.9798,CV-A16,100.0,CV-A16,100.0,B1b,99.0
PV466917,2445,891,3336,NC_001612,false,Picornaviridae Enterovirus A,98.3165,CV-A16,100.0,CV-A16,100.0,B1b,99.0
PV466909,2445,891,3336,NC_001612,false,Picornaviridae Enterovirus A,98.87767,CV-A16,100.0,CV-A16,100.0,B1b,100.0
PV466915,2445,891,3336,NC_001612,false,Picornaviridae Enterovirus A,98.87767,CV-A16,100.0,CV-A16,100.0,B1b,96.0
PV466925,2445,891,3336,NC_001612,false,Picornaviridae Enterovirus A,98.87767,CV-A16,100.0,CV-A16,100.0,B1b,98.0
PV466926,2445,891,3336,NC_001612,false,Picornaviridae Enterovirus A,98.9899,CV-A16,100.0,CV-A16,100.0,B1b,99.0
PV466914,2445,891,3336,NC_001612,false,Picornaviridae Enterovirus A,98.87767,CV-A16,100.0,CV-A16,100.0,B1b,98.0
PV466938,2445,891,3336,NC_001612,false,Picornaviridae Enterovirus A,98.87767,CV-A16,100.0,CV-A16,100.0,B1b,100.0
PV466940,2445,891,3336,NC_001612,false,Picornaviridae Enterovirus A,98.6532,CV-A16,100.0,CV-A16,100.0,B1b,94.0
PV466936,2445,891,3336,NC_001612,false,Picornaviridae Enterovirus A,98.54097,CV-A16,100.0,CV-A16,100.0,B1b,99.0
PV466941,2445,891,3336,NC_001612,false,Picornaviridae Enterovirus A,98.54097,CV-A16,100.0,CV-A16,100.0,B1b,99.0
PV466946,2445,891,3336,NC_001612,false,Picornaviridae Enterovirus A,98.54097,CV-A16,100.0,CV-A16,100.0,B1b,97.0
PV466928,2445,891,3336,NC_001612,false,Picornaviridae Enterovirus A,98.428734,CV-A16,100.0,CV-A16,100.0,B1b,97.0
PV466931,2445,891,3336,NC_001612,false,Picornaviridae Enterovirus A,98.54097,CV-A16,100.0,CV-A16,100.0,B1b,98.0
PV466937,2445,891,3336,NC_001612,false,Picornaviridae Enterovirus A,98.3165,CV-A16,100.0,CV-A16,100.0,B1b,99.0
PV466934,2445,891,3336,NC_001612,false,Picornaviridae Enterovirus A,98.3165,CV-A16,100.0,CV-A16,100.0,B1b,99.0
PV466939,2445,891,3336,NC_001612,false,Picornaviridae Enterovirus A,98.20427,CV-A16,100.0,CV-A16,100.0,B1b,98.0
PV466930,2445,891,3336,NC_001612,false,Picornaviridae Enterovirus A,98.20427,CV-A16,100.0,CV-A16,100.0,B1b,98.0
PV466933,2445,891,3336,NC_001612,false,Picornaviridae Enterovirus A,98.428734,CV-A16,100.0,CV-A16,100.0,B1b,98.0
PQ179540,2445,891,3336,NC_001612,false,Picornaviridae Enterovirus A,98.3165,CV-A16,100.0,CV-A16,100.0,B1b,99.0
PQ872354,2445,891,3336,NC_001612,false,Picornaviridae Enterovirus A,96.969696,CV-A16,100.0,CV-A16,100.0,B1b,95.0
PQ179543,2445,891,3336,NC_001612,false,Picornaviridae Enterovirus A,98.20427,CV-A16,100.0,CV-A16,100.0,B1b,98.0
PQ179544,2445,891,3336,NC_001612,false,Picornaviridae Enterovirus A,97.9798,CV-A16,100.0,CV-A16,100.0,B1b,97.0
PV466916,2445,891,3336,NC_001612,false,Picornaviridae Enterovirus A,98.09203,CV-A16,100.0,CV-A16,100.0,B1b,99.0
PV466942,2445,891,3336,NC_001612,false,Picornaviridae Enterovirus A,96.74523,CV-A16,100.0,CV-A16,100.0,B1b,99.0
PV466895,2445,891,3336,NC_001612,false,Picornaviridae Enterovirus A,97.19417,CV-A16,100.0,CV-A16,100.0,B1b,98.0
PV466892,2445,891,3336,NC_001612,false,Picornaviridae Enterovirus A,97.3064,CV-A16,100.0,CV-A16,100.0,B1b,98.0
PV466890,2445,891,3336,NC_001612,false,Picornaviridae Enterovirus A,97.3064,CV-A16,100.0,CV-A16,100.0,B1b,99.0
PV466894,2445,891,3336,NC_001612,false,Picornaviridae Enterovirus A,97.3064,CV-A16,100.0,CV-A16,100.0,B1b,100.0
PV466887,2445,891,3336,NC_001612,false,Picornaviridae Enterovirus A,96.85747,CV-A16,100.0,CV-A16,100.0,B1b,99.0
PQ872369,2445,891,3336,NC_001612,false,Picornaviridae Enterovirus A,96.74523,CV-A16,100.0,CV-A16,100.0,B1b,98.0
PQ872367,2445,891,3336,NC_001612,false,Picornaviridae Enterovirus A,96.632996,CV-A16,100.0,CV-A16,100.0,B1b,100.0
PQ872376,2445,891,3336,NC_001612,false,Picornaviridae Enterovirus A,96.40853,CV-A16,100.0,CV-A16,100.0,B1b,99.0
PQ872368,2445,891,3336,NC_001612,false,Picornaviridae Enterovirus A,96.52077,CV-A16,100.0,CV-A16,100.0,B1b,97.0
PQ179545,2445,891,3336,NC_001612,false,Picornaviridae Enterovirus A,96.74523,CV-A16,100.0,CV-A16,100.0,B1b,97.0
PQ179547,2445,891,3336,NC_001612,false,Picornaviridae Enterovirus A,97.53087,CV-A16,100.0,CV-A16,100.0,B1b,94.0
PQ872360,2445,891,3336,NC_001612,false,Picornaviridae Enterovirus A,96.969696,CV-A16,100.0,CV-A16,100.0,B1b,100.0
PQ872361,2445,891,3336,NC_001612,false,Picornaviridae Enterovirus A,96.632996,CV-A16,100.0,CV-A16,100.0,B1b,98.0
PV466854,2445,891,3336,NC_001612,false,Picornaviridae Enterovirus A,96.52077,CV-A16,100.0,CV-A16,100.0,B1b,98.0
PQ872382,2445,891,3336,NC_001612,false,Picornaviridae Enterovirus A,96.296295,CV-A16,100.0,CV-A16,100.0,B1b,99.0
PV466853,2445,891,3336,NC_001612,false,Picornaviridae Enterovirus A,96.40853,CV-A16,100.0,CV-A16,100.0,B1b,99.0
PV466857,2445,891,3336,NC_001612,false,Picornaviridae Enterovirus A,96.296295,CV-A16,100.0,CV-A16,100.0,B1b,99.0
PV466858,2445,891,3336,NC_001612,false,Picornaviridae Enterovirus A,96.296295,CV-A16,100.0,CV-A16,100.0,B1b,99.0
PQ872378,2445,891,3336,NC_001612,false,Picornaviridae Enterovirus A,96.07183,CV-A16,100.0,CV-A16,100.0,B1b,95.0
PV466874,2445,891,3336,NC_001612,false,Picornaviridae Enterovirus A,95.959595,CV-A16,100.0,CV-A16,100.0,B1b,98.0
PV466875,2445,891,3336,NC_001612,false,Picornaviridae Enterovirus A,96.40853,CV-A16,100.0,CV-A16,100.0,B1b,99.0
PQ872398,2445,891,3336,NC_001612,false,Picornaviridae Enterovirus A,96.18407,CV-A16,100.0,CV-A16,100.0,B1b,99.0
PQ872358,2445,891,3336,NC_001612,false,Picornaviridae Enterovirus A,96.632996,CV-A16,100.0,CV-A16,100.0,B1b,99.0
PQ872355,2445,891,3336,NC_001612,false,Picornaviridae Enterovirus A,96.74523,CV-A16,100.0,CV-A16,100.0,B1b,99.0
PQ872375,2445,891,3336,NC_001612,false,Picornaviridae Enterovirus A,96.74523,CV-A16,100.0,CV-A16,100.0,B1b,99.0
PQ872389,2445,891,3336,NC_001612,false,Picornaviridae Enterovirus A,96.632996,CV-A16,100.0,CV-A16,100.0,B1b,98.0
PQ872371,2445,891,3336,NC_001612,false,Picornaviridae Enterovirus A,96.85747,CV-A16,100.0,CV-A16,100.0,B1b,97.0
PV466852,2445,891,3336,NC_001612,false,Picornaviridae Enterovirus A,96.52077,CV-A16,100.0,CV-A16,100.0,B1b,98.0
PV466869,2445,891,3336,NC_001612,false,Picornaviridae Enterovirus A,96.18407,CV-A16,100.0,CV-A16,100.0,B1b,99.0
PV466871,2445,891,3336,NC_001612,false,Picornaviridae Enterovirus A,96.52077,CV-A16,100.0,CV-A16,100.0,B1b,99.0
LC865945,2445,891,3336,NC_001612,false,Picornaviridae Enterovirus A,96.18407,CV-A16,100.0,CV-A16,100.0,B1b,99.0
LC923177,2445,891,3336,NC_001612,false,Picornaviridae Enterovirus A,96.07183,CV-A16,100.0,CV-A16,100.0,B1b,96.0
LC925524,2445,891,3336,NC_001612,false,Picornaviridae Enterovirus A,96.07183,CV-A16,100.0,CV-A16,100.0,B1b,99.0
PV466882,2445,891,3336,NC_001612,false,Picornaviridae Enterovirus A,96.632996,CV-A16,100.0,CV-A16,100.0,B1b,97.0
PV466870,2445,891,3336,NC_001612,false,Picornaviridae Enterovirus A,96.632996,CV-A16,100.0,CV-A16,100.0,B1b,100.0
PV466864,2445,891,3336,NC_001612,false,Picornaviridae Enterovirus A,96.07183,CV-A16,100.0,CV-A16,100.0,B1b,97.0
PV466884,2445,891,3336,NC_001612,false,Picornaviridae Enterovirus A,95.17396,CV-A16,100.0,CV-A16,100.0,B1b,92.0
PQ872400,2445,891,3336,NC_001612,false,Picornaviridae Enterovirus A,96.632996,CV-A16,100.0,CV-A16,100.0,B1b,99.0
PV466863,2445,891,3336,NC_001612,false,Picornaviridae Enterovirus A,96.18407,CV-A16,100.0,CV-A16,100.0,B1b,98.0
PV466873,2445,891,3336,NC_001612,false,Picornaviridae Enterovirus A,96.18407,CV-A16,100.0,CV-A16,100.0,B1b,97.0
PQ872362,2445,891,3336,NC_001612,false,Picornaviridae Enterovirus A,96.40853,CV-A16,100.0,CV-A16,100.0,B1b,96.0
PQ872357,2445,891,3336,NC_001612,false,Picornaviridae Enterovirus A,96.52077,CV-A16,100.0,CV-A16,100.0,B1b,97.0
PQ872359,2445,891,3336,NC_001612,false,Picornaviridae Enterovirus A,96.40853,CV-A16,100.0,CV-A16,100.0,B1b,99.0
PQ872356,2445,891,3336,NC_001612,false,Picornaviridae Enterovirus A,96.40853,CV-A16,100.0,CV-A16,100.0,B1b,97.0
PV466876,2445,891,3336,NC_001612,false,Picornaviridae Enterovirus A,95.959595,CV-A16,100.0,CV-A16,100.0,B1b,99.0
PQ872413,2445,891,3336,NC_001612,false,Picornaviridae Enterovirus A,96.52077,CV-A16,100.0,CV-A16,100.0,B1b,100.0
PQ872372,2445,891,3336,NC_001612,false,Picornaviridae Enterovirus A,96.74523,CV-A16,100.0,CV-A16,100.0,B1b,97.0
PQ872414,2445,891,3336,NC_001612,false,Picornaviridae Enterovirus A,96.40853,CV-A16,100.0,CV-A16,100.0,B1b,96.0
PQ872415,2445,891,3336,NC_001612,false,Picornaviridae Enterovirus A,96.40853,CV-A16,100.0,CV-A16,100.0,B1b,96.0
PQ872411,2445,891,3336,NC_001612,false,Picornaviridae Enterovirus A,96.296295,CV-A16,100.0,CV-A16,100.0,B1b,94.0
PQ872388,2445,891,3336,NC_001612,false,Picornaviridae Enterovirus A,96.74523,CV-A16,100.0,CV-A16,100.0,B1b,98.0
PQ872407,2445,891,3336,NC_001612,false,Picornaviridae Enterovirus A,96.52077,CV-A16,100.0,CV-A16,100.0,B1b,97.0
PV466851,2445,891,3336,NC_001612,false,Picornaviridae Enterovirus A,96.52077,CV-A16,100.0,CV-A16,100.0,B1b,98.0
PQ872380,2445,891,3336,NC_001612,false,Picornaviridae Enterovirus A,96.632996,CV-A16,100.0,CV-A16,100.0,B1b,99.0
PQ872365,2445,891,3336,NC_001612,false,Picornaviridae Enterovirus A,96.632996,CV-A16,100.0,CV-A16,100.0,B1b,99.0
PV466868,2445,891,3336,NC_001612,false,Picornaviridae Enterovirus A,96.74523,CV-A16,100.0,CV-A16,100.0,B1b,98.0
PV466877,2445,891,3336,NC_001612,false,Picornaviridae Enterovirus A,96.74523,CV-A16,100.0,CV-A16,100.0,B1b,99.0
PV466883,2445,891,3336,NC_001612,false,Picornaviridae Enterovirus A,96.40853,CV-A16,100.0,CV-A16,100.0,B1b,96.0
PQ872386,2445,891,3336,NC_001612,false,Picornaviridae Enterovirus A,96.296295,CV-A16,100.0,CV-A16,100.0,B1b,97.0
PQ872383,2445,891,3336,NC_001612,false,Picornaviridae Enterovirus A,96.40853,CV-A16,100.0,CV-A16,100.0,B1b,96.0
PQ872408,2445,891,3336,NC_001612,false,Picornaviridae Enterovirus A,96.296295,CV-A16,100.0,CV-A16,100.0,B1b,99.0
PQ872409,2445,891,3336,NC_001612,false,Picornaviridae Enterovirus A,96.40853,CV-A16,100.0,CV-A16,100.0,B1b,97.0
OP351755,2514,706,3220,NC_001612,false,Picornaviridae Enterovirus A,95.60906,CV-A16,100.0,CV-A16,100.0,Could not assign,84.0
PV466880,2445,891,3336,NC_001612,false,Picornaviridae Enterovirus A,95.73513,CV-A16,100.0,CV-A16,100.0,B1b,97.0
PV466878,2445,891,3336,NC_001612,false,Picornaviridae Enterovirus A,96.18407,CV-A16,100.0,CV-A16,100.0,B1b,97.0
PV466879,2445,891,3336,NC_001612,false,Picornaviridae Enterovirus A,96.18407,CV-A16,100.0,CV-A16,100.0,B1b,99.0
LC865959,2445,891,3336,NC_001612,false,Picornaviridae Enterovirus A,94.38833,CV-A16,100.0,CV-A16,100.0,B1b,92.0
LC865960,2445,891,3336,NC_001612,false,Picornaviridae Enterovirus A,94.27609,CV-A16,100.0,CV-A16,100.0,B1b,90.0
PX448975,23,7363,7390,NC_001612,false,Picornaviridae Enterovirus A,94.73041,CV-A16,100.0,CV-A16,100.0,B1b,92.0
PX448976,23,7363,7390,NC_001612,false,Picornaviridae Enterovirus A,94.67609,CV-A16,100.0,CV-A16,100.0,B1b,93.0
PQ872416,2445,891,3336,NC_001612,false,Picornaviridae Enterovirus A,96.296295,CV-A16,100.0,CV-A16,100.0,B1b,97.0
PQ872401,2445,891,3336,NC_001612,false,Picornaviridae Enterovirus A,96.632996,CV-A16,100.0,CV-A16,100.0,B1b,98.0
PQ872396,2445,891,3336,NC_001612,false,Picornaviridae Enterovirus A,96.296295,CV-A16,100.0,CV-A16,100.0,B1b,97.0
PQ872387,2445,891,3336,NC_001612,false,Picornaviridae Enterovirus A,96.632996,CV-A16,100.0,CV-A16,100.0,B1b,100.0
PQ182744,79,7326,7410,NC_001612,false,Picornaviridae Enterovirus A,95.550095,CV-A16,100.0,CV-A16,100.0,B1b,98.0
PQ872497,2445,891,3336,NC_001612,false,Picornaviridae Enterovirus A,95.73513,CV-A16,100.0,CV-A16,100.0,B1b,98.0
PX448972,23,7356,7390,NC_001612,false,Picornaviridae Enterovirus A,94.96061,CV-A16,100.0,CV-A16,100.0,B1b,96.0
PQ182738,79,7329,7412,NC_001612,false,Picornaviridae Enterovirus A,95.33297,CV-A16,100.0,CV-A16,100.0,B1b,93.0
PX448974,23,7359,7390,NC_001612,false,Picornaviridae Enterovirus A,94.17357,CV-A16,100.0,CV-A16,100.0,B1b,95.0
PQ872658,2445,891,3336,NC_001612,false,Picornaviridae Enterovirus A,95.959595,CV-A16,100.0,CV-A16,100.0,B1b,96.0
LC923248,2445,891,3336,NC_001612,false,Picornaviridae Enterovirus A,95.84736,CV-A16,100.0,CV-A16,100.0,B1b,85.0
LC923265,2445,891,3336,NC_001612,false,Picornaviridae Enterovirus A,95.84736,CV-A16,100.0,CV-A16,100.0,B1b,93.0
LC923263,2445,891,3336,NC_001612,false,Picornaviridae Enterovirus A,95.622894,CV-A16,100.0,CV-A16,100.0,B1b,94.0
LC923264,2445,891,3336,NC_001612,false,Picornaviridae Enterovirus A,95.622894,CV-A16,100.0,CV-A16,100.0,B1b,93.0
PV466885,2445,891,3336,NC_001612,false,Picornaviridae Enterovirus A,96.296295,CV-A16,100.0,CV-A16,100.0,B1b,98.0
PV466886,2445,891,3336,NC_001612,false,Picornaviridae Enterovirus A,96.296295,CV-A16,100.0,CV-A16,100.0,B1b,95.0
PX448967,64,7332,7401,NC_001612,false,Picornaviridae Enterovirus A,95.58102,CV-A16,100.0,CV-A16,100.0,B1b,97.0
PX448968,64,7332,7401,NC_001612,false,Picornaviridae Enterovirus A,96.11293,CV-A16,100.0,CV-A16,100.0,B1b,98.0
PX448980,64,7332,7401,NC_001612,false,Picornaviridae Enterovirus A,93.521545,CV-A16,100.0,CV-A16,100.0,B1b,96.0
PX448977,64,7333,7401,NC_001612,false,Picornaviridae Enterovirus A,93.699715,CV-A16,100.0,CV-A16,100.0,B1b,86.0
PV466862,2445,891,3336,NC_001612,false,Picornaviridae Enterovirus A,96.40853,CV-A16,100.0,CV-A16,100.0,B1b,98.0
PQ872410,2445,891,3336,NC_001612,false,Picornaviridae Enterovirus A,96.296295,CV-A16,100.0,CV-A16,100.0,B1b,97.0
PQ872394,2445,891,3336,NC_001612,false,Picornaviridae Enterovirus A,96.632996,CV-A16,100.0,CV-A16,100.0,B1b,98.0
PQ872391,2445,891,3336,NC_001612,false,Picornaviridae Enterovirus A,96.40853,CV-A16,100.0,CV-A16,100.0,B1b,99.0
PX448969,64,7328,7401,NC_001612,false,Picornaviridae Enterovirus A,95.376434,CV-A16,100.0,CV-A16,100.0,B1b,99.0
PQ182743,43,7349,7396,NC_001612,false,Picornaviridae Enterovirus A,95.82256,CV-A16,100.0,CV-A16,100.0,B1b,99.0
PV466839,2445,891,3336,NC_001612,false,Picornaviridae Enterovirus A,96.40853,CV-A16,100.0,CV-A16,100.0,B1b,98.0
PQ872499,2445,891,3336,NC_001612,false,Picornaviridae Enterovirus A,95.51066,CV-A16,100.0,CV-A16,100.0,B1b,98.0
PQ182723,79,7313,7397,NC_001612,false,Picornaviridae Enterovirus A,95.583206,CV-A16,100.0,CV-A16,100.0,B1b,96.0
PQ872493,2445,891,3336,NC_001612,false,Picornaviridae Enterovirus A,95.84736,CV-A16,100.0,CV-A16,100.0,B1b,96.0
PQ182724,67,7325,7397,NC_001612,false,Picornaviridae Enterovirus A,95.48123,CV-A16,100.0,CV-A16,100.0,B1b,95.0
PQ872515,2445,891,3336,NC_001612,false,Picornaviridae Enterovirus A,94.94949,CV-A16,100.0,CV-A16,100.0,B1b,92.0
PQ872527,2445,891,3336,NC_001612,false,Picornaviridae Enterovirus A,95.06173,CV-A16,100.0,CV-A16,100.0,B1b,97.0
PQ872454,2445,891,3336,NC_001612,false,Picornaviridae Enterovirus A,96.296295,CV-A16,100.0,CV-A16,100.0,B1b,97.0
PQ182731,25,7304,7335,NC_001612,false,Picornaviridae Enterovirus A,95.3724,CV-A16,100.0,CV-A16,100.0,B1b,97.0
PQ872492,2445,891,3336,NC_001612,false,Picornaviridae Enterovirus A,96.296295,CV-A16,100.0,CV-A16,100.0,B1b,98.0
